warning: associated items `FLAG_BOLD`, `FLAG_ITALIC`, `FLAG_HEADING`, `style`, and `pack_flags` are never used
   --> src/apps/reader/mod.rs:186:22
    |
178 | impl LineSpan {
    | ------------- associated items in this implementation
...
186 |     pub(super) const FLAG_BOLD: u8 = 1 << 0;
    |                      ^^^^^^^^^
187 |     pub(super) const FLAG_ITALIC: u8 = 1 << 1;
    |                      ^^^^^^^^^^^
188 |     pub(super) const FLAG_HEADING: u8 = 1 << 2;
    |                      ^^^^^^^^^^^^
...
201 |     pub(super) fn style(&self) -> fonts::Style {
    |                   ^^^^^
...
213 |     pub(super) fn pack_flags(bold: bool, italic: bool, heading: bool) -> u8 {
    |                   ^^^^^^^^^^
    |
    = note: `#[warn(dead_code)]` (part of `#[warn(unused)]`) on by default

warning: `pulp-os` (lib) generated 1 warning
    Finished `release` profile [optimized + debuginfo] target(s) in 0.10s
     Running `/home/raiven/dev/pulp-os/scripts/run-c61.sh target/riscv32imac-unknown-none-elf/release/pulp-os-c61`
[2026-10-09T10:44:27Z INFO ] Serial port: '/dev/ttyACM0'
[2026-10-09T10:44:27Z INFO ] Connecting...
[2026-10-09T10:44:28Z INFO ] Using flash stub
[2026-10-09T10:44:28Z INFO ] Flash content successfully read and written to '/tmp/tmp.zNFvuBzH7E/head.bin'!
Chip type:         esp32c61
Merge:             false
Skip padding:      false
App/part. size:    881,392/16,384,000 bytes, 5.38%
[2026-10-09T10:44:29Z INFO ] Image successfully saved!
[2026-10-09T10:44:30Z INFO ] Serial port: '/dev/ttyACM0'
[2026-10-09T10:44:30Z INFO ] Connecting...
[2026-10-09T10:44:30Z INFO ] Using flash stub
Chip type:         esp32c61 (revision v1.1)
Crystal frequency: 40 MHz
Flash size:        16MB
Features:          WiFi 6, BT 5
MAC address:       88:56:a6:cf:da:90
[2026-10-09T10:44:40Z INFO ] Binary successfully written to flash!
[2026-10-09T10:44:40Z INFO ] Serial port: '/dev/ttyACM0'
[2026-10-09T10:44:40Z INFO ] Connecting...
[2026-10-09T10:44:41Z INFO ] Using flash stub
Commands:
    CTRL+R    Reset chip
    CTRL+C    Exit

ESP-ROM:esp32c61-eco4-20250829
Build:Aug 29 2025
rst:0x15 (USB_UART_HPSYS),boot:0xa (SPI_FAST_FLASH_BOOT)
SPI mode:DIO, clock div:1
load:0x40845b90,len:0x11e0
load:0x4083bd70,len:0xad4
load:0x4083ea70,len:0x3008
entry 0x4083bd70
[32mINFO - Detected PSRAM chip id = e3b4135a5d0d[0m
[32mINFO - Detected PSRAM chip density = 2[0m
[32mINFO - PSRAM size is 8388608[0m
[32mINFO - PSRAM size: 8 MB[0m
[32mINFO - psram: 2097152 B at 0x420d0000, heap registered[0m
[32mINFO - psram: ready[0m
[32mINFO - memory Internal: pool 0 / 162304 B[0m
[32mINFO - memory Psram: pool 0 / 1900544 B[0m
[32mINFO - memory class chapter-text Psram: reserved 0 / 262144 B, peak 0 B[0m
[32mINFO - memory class image-data   Psram: reserved 0 / 524288 B, peak 0 B[0m
[32mINFO - memory class page-table   Psram: reserved 0 / 65536 B, peak 0 B[0m
[32mINFO - memory class zip-toc      Psram: reserved 0 / 262144 B, peak 0 B[0m
[32mINFO - memory class font-glyphs  Psram: reserved 0 / 262144 B, peak 0 B[0m
[32mINFO - memory class net-scratch  Psram: reserved 0 / 32768 B, peak 0 B[0m
[32mINFO - heap internal: used 0 B, free 162304 B; psram heap: used 0 B, free 2097152 B[0m
[32mINFO - heap psram: used 0 B, free 2097152 B, peak 0 B; reserved 0 / 1900544 B, peak 0 B[0m
[32mINFO - gpio27 power-cycled, state=PowerCycled[0m
[32mINFO - pulp-os c61: esp32c61 rv32imac, rtos + embassy up, wake PowerOn[0m
[32mINFO - spi2: sck=GPIO22 mosi=GPIO23 miso=GPIO24, epd_cs=GPIO25 sd_cs=GPIO26, dma ch0 4096B tx+rx, 400 kHz[0m
[32mINFO - sd: 63864569856 bytes (60906 MB), attempt 1[0m
[32mINFO - SD card: filesystem mounted[0m
[32mINFO - SD: ok[0m
[32mINFO - spi2: 400 kHz -> 10000 kHz[0m
[32mINFO - sd: fat32 mounted[0m
[32mINFO - battery: cell 4686 mV, 100%[0m
[32mINFO - bookmarks: loaded 4 slots from SD[0m
[32mINFO - settings: loaded from SETTINGS.TXT[0m
[32mINFO - font: size_idx=3 line_h=37 (native 37 x 100%) ascent=30 max_lines=20 margin=8[0m
[32mINFO - font: size_idx=3 line_h=59 (native 37 x 160%) ascent=30 max_lines=12 margin=40[0m
[32mINFO - stats: heap 0/158K peak 0K | stack free 68K hwm 8K | bat 100% 4.6V | up 0:00 | SD:ok[0m
[32mINFO - heap psram: used 0 B, free 2097152 B, peak 0 B; reserved 0 / 1900544 B, peak 0 B[0m
[32mINFO - boot: session restore (cause PowerOn, slot B seq 6)[0m
[32mINFO - session: restored nav stack depth=1 active=Home[0m
[32mINFO - home: restore_state state=Menu selected=0[0m
[32mINFO - font: size_idx=3 line_h=59 (native 37 x 160%) ascent=30 max_lines=12 margin=40[0m
[32mINFO - font: size_idx=3 line_h=59 (native 37 x 160%) ascent=30 max_lines=12 margin=40[0m
[32mINFO - cjk-sd op=stage opens=0 reads=0 bytes=0 open_us=0 read_us=0 max_read_us=0 wall_us=57 scalars=0 lookups=0[0m
[32mINFO - cjk-sd op=prepare opens=0 reads=0 bytes=0 open_us=0 read_us=0 max_read_us=0 wall_us=60 scalars=0 lookups=0[0m
[32mINFO - cjk-sd op=stage opens=0 reads=0 bytes=0 open_us=0 read_us=0 max_read_us=0 wall_us=3 scalars=0 lookups=0[0m
[32mINFO - cjk-sd op=prepare opens=0 reads=0 bytes=0 open_us=0 read_us=0 max_read_us=0 wall_us=4 scalars=0 lookups=0[0m
[32mINFO - ui ready.[0m
[32mINFO - kernel ready.[0m
[32mINFO - [work] worker ready[0m
[32mINFO - stats: heap 0/158K peak 0K | stack free 68K hwm 8K | bat 100% 4.6V | up 0:00 | SD:ok[0m
[32mINFO - heap psram: used 0 B, free 2097152 B, peak 0 B; reserved 0 / 1900544 B, peak 0 B[0m
[32mINFO - display: partial refresh 280x118 at (100, 87) in 655 ms (partial count 1)[0m
[32mINFO - app: Home -> Files[0m
[32mINFO - font: size_idx=3 line_h=59 (native 37 x 160%) ascent=30 max_lines=12 margin=40[0m
[32mINFO - font: size_idx=3 line_h=59 (native 37 x 160%) ascent=30 max_lines=12 margin=40[0m
[32mINFO - stats: heap 0/158K peak 0K | stack free 68K hwm 13K | bat 100% 4.6V | up 0:00 | SD:ok[0m
[32mINFO - heap psram: used 0 B, free 2097152 B, peak 0 B; reserved 0 / 1900544 B, peak 0 B[0m
[32mINFO - cjk-sd op=stage opens=1 reads=36 bytes=814 open_us=189670 read_us=40192 max_read_us=1983 wall_us=230333 scalars=3 lookups=3[0m
[32mINFO - cjk-sd op=prepare opens=1 reads=4 bytes=360 open_us=124 read_us=8180 max_read_us=2857 wall_us=9051 scalars=3 lookups=0[0m
[32mINFO - titles: scan complete[0m
[32mINFO - stats: heap 0/158K peak 0K | stack free 68K hwm 17K | bat 100% 4.6V | up 0:00 | SD:ok[0m
[32mINFO - heap psram: used 316 B, free 2096836 B, peak 316 B; reserved 320 / 1900544 B, peak 320 B[0m
[32mINFO - display: partial refresh 448x167 at (16, 8) in 672 ms (partial count 1)[0m
[32mINFO - stats: heap 0/158K peak 0K | stack free 68K hwm 17K | bat 100% 4.6V | up 0:00 | SD:ok[0m
[32mINFO - heap psram: used 316 B, free 2096836 B, peak 316 B; reserved 320 / 1900544 B, peak 320 B[0m
[32mINFO - display: partial refresh 448x223 at (16, 8) in 683 ms (partial count 2)[0m
[32mINFO - stats: heap 0/158K peak 0K | stack free 68K hwm 17K | bat 100% 4.6V | up 0:00 | SD:ok[0m
[32mINFO - heap psram: used 316 B, free 2096836 B, peak 316 B; reserved 320 / 1900544 B, peak 320 B[0m
[32mINFO - display: partial refresh 448x279 at (16, 8) in 692 ms (partial count 3)[0m
[32mINFO - stats: heap 0/158K peak 0K | stack free 68K hwm 17K | bat 100% 4.6V | up 0:00 | SD:ok[0m
[32mINFO - heap psram: used 316 B, free 2096836 B, peak 316 B; reserved 320 / 1900544 B, peak 320 B[0m
[32mINFO - display: partial refresh 448x335 at (16, 8) in 703 ms (partial count 4)[0m
[32mINFO - stats: heap 0/158K peak 0K | stack free 68K hwm 17K | bat 100% 4.6V | up 0:00 | SD:ok[0m
[32mINFO - heap psram: used 316 B, free 2096836 B, peak 316 B; reserved 320 / 1900544 B, peak 320 B[0m
[32mINFO - display: partial refresh 448x391 at (16, 8) in 713 ms (partial count 5)[0m
[32mINFO - stats: heap 0/158K peak 0K | stack free 68K hwm 17K | bat 100% 4.6V | up 0:00 | SD:ok[0m
[32mINFO - heap psram: used 316 B, free 2096836 B, peak 316 B; reserved 320 / 1900544 B, peak 320 B[0m
[32mINFO - app: Files -> Reader[0m
[32mINFO - font: size_idx=3 line_h=59 (native 37 x 160%) ascent=30 max_lines=12 margin=40[0m
[32mINFO - font: size_idx=3 line_h=59 (native 37 x 160%) ascent=30 max_lines=12 margin=40[0m
[32mINFO - [work] reset -> gen 1[0m
[32mINFO - font: size_idx=3 line_h=59 (native 37 x 160%) ascent=30 max_lines=12 margin=40[0m
[32mINFO - reader: opening ZH1.TXT[0m
[32mINFO - bookmark: restoring off=0 ch=0 for ZH1.TXT[0m
[32mINFO - reader: opened ZH1.TXT (43 bytes)[0m
[32mINFO - cjk: lookup 1/14 glyphs, about 2834 ms left[0m
[32mINFO - cjk-sd op=stage opens=1 reads=12 bytes=286 open_us=122 read_us=14287 max_read_us=2059 wall_us=15181 scalars=14 lookups=1[0m
[32mINFO - stats: heap 0/158K peak 0K | stack free 68K hwm 17K | bat 100% 4.6V | up 0:00 | SD:ok[0m
[32mINFO - heap psram: used 0 B, free 2097152 B, peak 316 B; reserved 0 / 1900544 B, peak 320 B[0m
[32mINFO - cjk-sd op=stage opens=0 reads=0 bytes=0 open_us=0 read_us=0 max_read_us=0 wall_us=22 scalars=0 lookups=0[0m
[32mINFO - cjk-sd op=prepare opens=0 reads=0 bytes=0 open_us=0 read_us=0 max_read_us=0 wall_us=59 scalars=0 lookups=0[0m
[32mINFO - cjk-sd op=stage opens=1 reads=15 bytes=352 open_us=142 read_us=14959 max_read_us=1997 wall_us=15545 scalars=14 lookups=1[0m
[32mINFO - stats: heap 0/158K peak 0K | stack free 68K hwm 17K | bat 100% 4.6V | up 0:00 | SD:ok[0m
[32mINFO - heap psram: used 0 B, free 2097152 B, peak 316 B; reserved 0 / 1900544 B, peak 320 B[0m
[32mINFO - cjk: lookup 3/14 glyphs, about 876 ms left[0m
[32mINFO - cjk-sd op=stage opens=1 reads=14 bytes=330 open_us=89 read_us=14921 max_read_us=2001 wall_us=15823 scalars=14 lookups=1[0m
[32mINFO - cjk-sd op=stage opens=1 reads=14 bytes=330 open_us=66 read_us=13642 max_read_us=2027 wall_us=13996 scalars=14 lookups=1[0m
[32mINFO - cjk-sd op=stage opens=1 reads=10 bytes=242 open_us=82 read_us=12870 max_read_us=2011 wall_us=13214 scalars=14 lookups=1[0m
[32mINFO - cjk-sd op=stage opens=1 reads=15 bytes=352 open_us=83 read_us=14850 max_read_us=2016 wall_us=15224 scalars=14 lookups=1[0m
[32mINFO - cjk-sd op=stage opens=1 reads=12 bytes=286 open_us=64 read_us=14857 max_read_us=2000 wall_us=15189 scalars=14 lookups=1[0m
[32mINFO - cjk-sd op=stage opens=1 reads=15 bytes=352 open_us=74 read_us=14624 max_read_us=2017 wall_us=14981 scalars=14 lookups=1[0m
[32mINFO - cjk-sd op=stage opens=1 reads=14 bytes=330 open_us=65 read_us=18396 max_read_us=1997 wall_us=18734 scalars=14 lookups=1[0m
[32mINFO - cjk-sd op=stage opens=1 reads=13 bytes=308 open_us=82 read_us=14924 max_read_us=2015 wall_us=15285 scalars=14 lookups=1[0m
[32mINFO - cjk-sd op=stage opens=1 reads=13 bytes=308 open_us=64 read_us=14907 max_read_us=2000 wall_us=15239 scalars=14 lookups=1[0m
[32mINFO - cjk-sd op=stage opens=1 reads=15 bytes=352 open_us=74 read_us=15843 max_read_us=2012 wall_us=16210 scalars=14 lookups=1[0m
[32mINFO - cjk-sd op=stage opens=1 reads=13 bytes=308 open_us=65 read_us=14937 max_read_us=1995 wall_us=15272 scalars=14 lookups=1[0m
[32mINFO - cjk-sd op=stage opens=1 reads=15 bytes=352 open_us=82 read_us=14879 max_read_us=2017 wall_us=15214 scalars=14 lookups=1[0m
[32mINFO - cjk-sd op=bank opens=1 reads=1 bytes=44 open_us=64 read_us=1182 max_read_us=1182 wall_us=1327 scalars=0 lookups=0[0m
[32mINFO - cjk-sd op=prepare opens=1 reads=2 bytes=53 open_us=140 read_us=2558 max_read_us=2516 wall_us=3707 scalars=14 lookups=0[0m
[32mINFO - cjk-sd op=bank opens=1 reads=1 bytes=44 open_us=81 read_us=1371 max_read_us=1371 wall_us=1519 scalars=0 lookups=0[0m
[32mINFO - cjk-sd op=stage opens=0 reads=0 bytes=0 open_us=0 read_us=0 max_read_us=0 wall_us=58 scalars=14 lookups=0[0m
[32mINFO - cjk-sd op=prepare opens=1 reads=2 bytes=64 open_us=107 read_us=3705 max_read_us=2065 wall_us=4425 scalars=14 lookups=0[0m
[32mINFO - cjk-sd op=bank opens=1 reads=1 bytes=44 open_us=80 read_us=1502 max_read_us=1502 wall_us=1658 scalars=0 lookups=0[0m
[32mINFO - cjk-sd op=stage opens=0 reads=0 bytes=0 open_us=0 read_us=0 max_read_us=0 wall_us=54 scalars=14 lookups=0[0m
[32mINFO - cjk-sd op=prepare opens=1 reads=2 bytes=63 open_us=117 read_us=3698 max_read_us=2046 wall_us=4434 scalars=14 lookups=0[0m
[32mINFO - cjk-sd op=bank opens=1 reads=1 bytes=44 open_us=88 read_us=1371 max_read_us=1371 wall_us=1526 scalars=0 lookups=0[0m
[32mINFO - cjk-sd op=stage opens=0 reads=0 bytes=0 open_us=0 read_us=0 max_read_us=0 wall_us=58 scalars=14 lookups=0[0m
[32mINFO - cjk-sd op=prepare opens=1 reads=2 bytes=128 open_us=127 read_us=4695 max_read_us=3059 wall_us=5417 scalars=14 lookups=0[0m
[32mINFO - cjk-sd op=bank opens=1 reads=1 bytes=44 open_us=76 read_us=1525 max_read_us=1525 wall_us=1673 scalars=0 lookups=0[0m
[32mINFO - cjk-sd op=stage opens=0 reads=0 bytes=0 open_us=0 read_us=0 max_read_us=0 wall_us=54 scalars=14 lookups=0[0m
[32mINFO - cjk-sd op=prepare opens=1 reads=2 bytes=148 open_us=121 read_us=3748 max_read_us=2064 wall_us=4490 scalars=14 lookups=0[0m
[32mINFO - cjk-sd op=bank opens=1 reads=1 bytes=44 open_us=93 read_us=1388 max_read_us=1388 wall_us=1548 scalars=0 lookups=0[0m
[32mINFO - cjk-sd op=stage opens=0 reads=0 bytes=0 open_us=0 read_us=0 max_read_us=0 wall_us=58 scalars=14 lookups=0[0m
[32mINFO - cjk-sd op=prepare opens=1 reads=2 bytes=122 open_us=115 read_us=3741 max_read_us=2067 wall_us=4457 scalars=14 lookups=0[0m
[32mINFO - cjk-sd op=bank opens=1 reads=1 bytes=44 open_us=81 read_us=1543 max_read_us=1543 wall_us=1696 scalars=0 lookups=0[0m
[32mINFO - cjk-sd op=stage opens=0 reads=0 bytes=0 open_us=0 read_us=0 max_read_us=0 wall_us=54 scalars=14 lookups=0[0m
[32mINFO - cjk-sd op=prepare opens=1 reads=2 bytes=148 open_us=121 read_us=3747 max_read_us=2078 wall_us=4472 scalars=14 lookups=0[0m
[32mINFO - cjk-sd op=bank opens=1 reads=1 bytes=44 open_us=85 read_us=1372 max_read_us=1372 wall_us=1525 scalars=0 lookups=0[0m
[32mINFO - cjk-sd op=stage opens=0 reads=0 bytes=0 open_us=0 read_us=0 max_read_us=0 wall_us=57 scalars=14 lookups=0[0m
[32mINFO - cjk-sd op=prepare opens=1 reads=2 bytes=148 open_us=124 read_us=3732 max_read_us=2094 wall_us=4454 scalars=14 lookups=0[0m
[32mINFO - cjk-sd op=bank opens=1 reads=1 bytes=44 open_us=73 read_us=1529 max_read_us=1529 wall_us=1674 scalars=0 lookups=0[0m
[32mINFO - cjk-sd op=stage opens=0 reads=0 bytes=0 open_us=0 read_us=0 max_read_us=0 wall_us=53 scalars=14 lookups=0[0m
[32mINFO - cjk-sd op=prepare opens=1 reads=2 bytes=144 open_us=121 read_us=3744 max_read_us=2086 wall_us=4470 scalars=14 lookups=0[0m
[32mINFO - cjk-sd op=bank opens=1 reads=1 bytes=44 open_us=88 read_us=1362 max_read_us=1362 wall_us=1518 scalars=0 lookups=0[0m
[32mINFO - cjk-sd op=stage opens=0 reads=0 bytes=0 open_us=0 read_us=0 max_read_us=0 wall_us=58 scalars=14 lookups=0[0m
[32mINFO - cjk-sd op=prepare opens=1 reads=2 bytes=148 open_us=116 read_us=3738 max_read_us=2085 wall_us=4455 scalars=14 lookups=0[0m
[32mINFO - cjk-sd op=bank opens=1 reads=1 bytes=44 open_us=76 read_us=1539 max_read_us=1539 wall_us=1686 scalars=0 lookups=0[0m
[32mINFO - cjk-sd op=stage opens=0 reads=0 bytes=0 open_us=0 read_us=0 max_read_us=0 wall_us=54 scalars=14 lookups=0[0m
[32mINFO - cjk-sd op=prepare opens=1 reads=2 bytes=148 open_us=121 read_us=4670 max_read_us=3019 wall_us=5397 scalars=14 lookups=0[0m
[32mINFO - cjk-sd op=bank opens=1 reads=1 bytes=44 open_us=89 read_us=1391 max_read_us=1391 wall_us=1546 scalars=0 lookups=0[0m
[32mINFO - cjk-sd op=stage opens=0 reads=0 bytes=0 open_us=0 read_us=0 max_read_us=0 wall_us=58 scalars=14 lookups=0[0m
[32mINFO - cjk-sd op=prepare opens=1 reads=2 bytes=119 open_us=123 read_us=3741 max_read_us=2106 wall_us=4459 scalars=14 lookups=0[0m
[32mINFO - cjk-sd op=bank opens=1 reads=1 bytes=44 open_us=73 read_us=1530 max_read_us=1530 wall_us=1675 scalars=0 lookups=0[0m
[32mINFO - cjk-sd op=stage opens=0 reads=0 bytes=0 open_us=0 read_us=0 max_read_us=0 wall_us=54 scalars=14 lookups=0[0m
[32mINFO - cjk-sd op=prepare opens=1 reads=2 bytes=148 open_us=120 read_us=4695 max_read_us=3032 wall_us=5433 scalars=14 lookups=0[0m
[32mINFO - cjk-sd op=bank opens=1 reads=1 bytes=44 open_us=99 read_us=1395 max_read_us=1395 wall_us=1562 scalars=0 lookups=0[0m
[32mINFO - cjk-sd op=stage opens=0 reads=0 bytes=0 open_us=0 read_us=0 max_read_us=0 wall_us=58 scalars=14 lookups=0[0m
[32mINFO - cjk-sd op=prepare opens=1 reads=2 bytes=52 open_us=122 read_us=3753 max_read_us=2103 wall_us=4418 scalars=14 lookups=0[0m
[32mINFO - stats: heap 0/158K peak 0K | stack free 68K hwm 17K | bat 100% 4.6V | up 0:00 | SD:ok[0m
[32mINFO - heap psram: used 1020 B, free 2096132 B, peak 1020 B; reserved 1024 / 1900544 B, peak 1024 B[0m
[32mINFO - display: partial refresh 480x794 at (0, 6) in 774 ms (partial count 1)[0m
[32mINFO - app: Reader -> Files[0m
[32mINFO - bookmark: cached off=0 ch=0 gen=11 for "ZH1.TXT"[0m
[32mINFO - font: size_idx=3 line_h=59 (native 37 x 160%) ascent=30 max_lines=12 margin=40[0m
[32mINFO - font: size_idx=3 line_h=59 (native 37 x 160%) ascent=30 max_lines=12 margin=40[0m
[32mINFO - stats: heap 0/158K peak 0K | stack free 68K hwm 17K | bat 100% 4.6V | up 0:00 | SD:ok[0m
[32mINFO - heap psram: used 0 B, free 2097152 B, peak 1020 B; reserved 0 / 1900544 B, peak 1024 B[0m
[32mINFO - cjk-sd op=stage opens=1 reads=36 bytes=814 open_us=124 read_us=41446 max_read_us=2240 wall_us=42095 scalars=3 lookups=3[0m
[32mINFO - cjk-sd op=prepare opens=1 reads=4 bytes=360 open_us=115 read_us=7991 max_read_us=2850 wall_us=8857 scalars=3 lookups=0[0m
[32mINFO - display: partial refresh 480x800 at (0, 0) in 793 ms (partial count 2)[0m
[32mINFO - stats: heap 0/158K peak 0K | stack free 68K hwm 17K | bat 100% 4.6V | up 0:00 | SD:ok[0m
[32mINFO - heap psram: used 316 B, free 2096836 B, peak 1020 B; reserved 320 / 1900544 B, peak 1024 B[0m
[32mINFO - stats: heap 0/158K peak 0K | stack free 68K hwm 17K | bat 100% 4.6V | up 0:00 | SD:ok[0m
[32mINFO - heap psram: used 316 B, free 2096836 B, peak 1020 B; reserved 320 / 1900544 B, peak 1024 B[0m
[32mINFO - display: partial refresh 448x447 at (16, 8) in 724 ms (partial count 3)[0m
[32mINFO - app: Files -> Reader[0m
[32mINFO - font: size_idx=3 line_h=59 (native 37 x 160%) ascent=30 max_lines=12 margin=40[0m
[32mINFO - font: size_idx=3 line_h=59 (native 37 x 160%) ascent=30 max_lines=12 margin=40[0m
[32mINFO - [work] reset -> gen 2[0m
[32mINFO - font: size_idx=3 line_h=59 (native 37 x 160%) ascent=30 max_lines=12 margin=40[0m
[32mINFO - reader: opening ZH2.TXT[0m
[32mINFO - reader: opened ZH2.TXT (1189 bytes)[0m
[32mINFO - cjk: lookup 1/247 glyphs, about 55363 ms left[0m
[32mINFO - cjk-sd op=stage opens=1 reads=14 bytes=330 open_us=113 read_us=14344 max_read_us=2087 wall_us=15435 scalars=247 lookups=1[0m
[32mINFO - stats: heap 5/158K peak 7K | stack free 68K hwm 17K | bat 100% 4.6V | up 0:00 | SD:ok[0m
[32mINFO - heap psram: used 0 B, free 2097152 B, peak 1020 B; reserved 0 / 1900544 B, peak 1024 B[0m
[32mINFO - cjk-sd op=stage opens=0 reads=0 bytes=0 open_us=0 read_us=0 max_read_us=0 wall_us=19 scalars=0 lookups=0[0m
[32mINFO - cjk-sd op=prepare opens=0 reads=0 bytes=0 open_us=0 read_us=0 max_read_us=0 wall_us=60 scalars=0 lookups=0[0m
[32mINFO - cjk-sd op=stage opens=1 reads=12 bytes=286 open_us=150 read_us=13969 max_read_us=1999 wall_us=14606 scalars=247 lookups=1[0m
[32mINFO - battery: cell 4180 mV, 98% (periodic)[0m
[32mINFO - stats: heap 5/158K peak 7K | stack free 68K hwm 17K | bat 98% 4.1V | up 0:00 | SD:ok[0m
[32mINFO - heap psram: used 0 B, free 2097152 B, peak 1020 B; reserved 0 / 1900544 B, peak 1024 B[0m
[32mINFO - cjk: lookup 3/247 glyphs, about 20850 ms left[0m
[32mINFO - cjk-sd op=stage opens=1 reads=14 bytes=330 open_us=100 read_us=16963 max_read_us=2018 wall_us=17788 scalars=247 lookups=1[0m
[32mINFO - cjk-sd op=stage opens=1 reads=13 bytes=308 open_us=85 read_us=14937 max_read_us=2016 wall_us=15368 scalars=247 lookups=1[0m
[32mINFO - cjk-sd op=stage opens=1 reads=15 bytes=352 open_us=93 read_us=14911 max_read_us=2024 wall_us=15351 scalars=247 lookups=1[0m
[32mINFO - cjk-sd op=stage opens=1 reads=14 bytes=330 open_us=86 read_us=14895 max_read_us=2022 wall_us=15324 scalars=247 lookups=1[0m
[32mINFO - cjk-sd op=stage opens=1 reads=15 bytes=352 open_us=73 read_us=12696 max_read_us=2006 wall_us=13107 scalars=247 lookups=1[0m
[32mINFO - cjk-sd op=stage opens=1 reads=14 bytes=330 open_us=89 read_us=15561 max_read_us=2017 wall_us=15994 scalars=247 lookups=1[0m
[32mINFO - cjk-sd op=stage opens=1 reads=15 bytes=352 open_us=77 read_us=13643 max_read_us=1994 wall_us=14054 scalars=247 lookups=1[0m
[32mINFO - cjk-sd op=stage opens=1 reads=14 bytes=330 open_us=86 read_us=13596 max_read_us=2021 wall_us=14025 scalars=247 lookups=1[0m
[32mINFO - cjk-sd op=stage opens=1 reads=12 bytes=286 open_us=72 read_us=12713 max_read_us=2010 wall_us=13116 scalars=247 lookups=1[0m
[32mINFO - cjk-sd op=stage opens=1 reads=13 bytes=308 open_us=89 read_us=13624 max_read_us=2021 wall_us=14054 scalars=247 lookups=1[0m
[32mINFO - cjk-sd op=stage opens=1 reads=15 bytes=352 open_us=73 read_us=16531 max_read_us=1999 wall_us=16943 scalars=247 lookups=1[0m
[32mINFO - cjk-sd op=stage opens=1 reads=14 bytes=330 open_us=89 read_us=13639 max_read_us=2016 wall_us=14069 scalars=247 lookups=1[0m
[32mINFO - cjk-sd op=stage opens=1 reads=14 bytes=330 open_us=73 read_us=12678 max_read_us=2000 wall_us=13088 scalars=247 lookups=1[0m
[32mINFO - cjk-sd op=stage opens=1 reads=14 bytes=330 open_us=89 read_us=12678 max_read_us=2025 wall_us=13112 scalars=247 lookups=1[0m
[32mINFO - cjk-sd op=stage opens=1 reads=15 bytes=352 open_us=73 read_us=14604 max_read_us=2001 wall_us=15018 scalars=247 lookups=1[0m
[32mINFO - cjk-sd op=stage opens=1 reads=10 bytes=242 open_us=85 read_us=12647 max_read_us=2017 wall_us=13062 scalars=247 lookups=1[0m
[32mINFO - cjk-sd op=stage opens=1 reads=15 bytes=352 open_us=76 read_us=13646 max_read_us=2003 wall_us=14062 scalars=247 lookups=1[0m
[32mINFO - cjk-sd op=stage opens=1 reads=14 bytes=330 open_us=89 read_us=13633 max_read_us=2023 wall_us=14064 scalars=247 lookups=1[0m
[32mINFO - cjk-sd op=stage opens=1 reads=14 bytes=330 open_us=73 read_us=12688 max_read_us=2004 wall_us=13096 scalars=247 lookups=1[0m
[32mINFO - cjk-sd op=stage opens=1 reads=15 bytes=352 open_us=85 read_us=13639 max_read_us=2019 wall_us=14072 scalars=247 lookups=1[0m
[32mINFO - cjk-sd op=stage opens=1 reads=14 bytes=330 open_us=72 read_us=13601 max_read_us=2008 wall_us=14012 scalars=247 lookups=1[0m
[32mINFO - cjk-sd op=stage opens=1 reads=15 bytes=352 open_us=89 read_us=15509 max_read_us=2018 wall_us=15943 scalars=247 lookups=1[0m
[32mINFO - cjk-sd op=stage opens=1 reads=13 bytes=308 open_us=76 read_us=13676 max_read_us=2002 wall_us=14087 scalars=247 lookups=1[0m
[32mINFO - cjk-sd op=stage opens=1 reads=14 bytes=330 open_us=85 read_us=13756 max_read_us=2024 wall_us=14187 scalars=247 lookups=1[0m
[32mINFO - cjk-sd op=stage opens=1 reads=13 bytes=308 open_us=73 read_us=14631 max_read_us=2007 wall_us=15039 scalars=247 lookups=1[0m
[32mINFO - cjk-sd op=stage opens=1 reads=14 bytes=330 open_us=93 read_us=14620 max_read_us=2030 wall_us=15055 scalars=247 lookups=1[0m
[32mINFO - cjk-sd op=stage opens=1 reads=11 bytes=264 open_us=73 read_us=13670 max_read_us=2009 wall_us=14071 scalars=247 lookups=1[0m
[32mINFO - cjk-sd op=stage opens=1 reads=14 bytes=330 open_us=85 read_us=13787 max_read_us=2015 wall_us=14214 scalars=247 lookups=1[0m
[32mINFO - cjk-sd op=stage opens=1 reads=10 bytes=242 open_us=73 read_us=12691 max_read_us=2004 wall_us=13090 scalars=247 lookups=1[0m
[32mINFO - cjk-sd op=stage opens=1 reads=12 bytes=286 open_us=93 read_us=13702 max_read_us=2023 wall_us=14134 scalars=247 lookups=1[0m
[32mINFO - cjk-sd op=stage opens=1 reads=14 bytes=330 open_us=72 read_us=13675 max_read_us=1998 wall_us=14087 scalars=247 lookups=1[0m
[32mINFO - cjk-sd op=stage opens=1 reads=14 bytes=330 open_us=86 read_us=13673 max_read_us=2022 wall_us=14100 scalars=247 lookups=1[0m
[32mINFO - cjk-sd op=stage opens=1 reads=15 bytes=352 open_us=73 read_us=12770 max_read_us=2008 wall_us=13184 scalars=247 lookups=1[0m
[32mINFO - cjk-sd op=stage opens=1 reads=14 bytes=330 open_us=90 read_us=12668 max_read_us=2016 wall_us=13100 scalars=247 lookups=1[0m
[32mINFO - cjk-sd op=stage opens=1 reads=14 bytes=330 open_us=73 read_us=15640 max_read_us=1996 wall_us=16052 scalars=247 lookups=1[0m
[32mINFO - cjk-sd op=stage opens=1 reads=15 bytes=352 open_us=89 read_us=13688 max_read_us=2021 wall_us=14122 scalars=247 lookups=1[0m
[32mINFO - cjk-sd op=stage opens=1 reads=15 bytes=352 open_us=73 read_us=13686 max_read_us=2005 wall_us=14101 scalars=247 lookups=1[0m
[32mINFO - cjk-sd op=stage opens=1 reads=14 bytes=330 open_us=89 read_us=13753 max_read_us=2028 wall_us=14186 scalars=247 lookups=1[0m
[32mINFO - cjk-sd op=stage opens=1 reads=13 bytes=308 open_us=73 read_us=14647 max_read_us=2008 wall_us=15056 scalars=247 lookups=1[0m
[32mINFO - cjk-sd op=stage opens=1 reads=14 bytes=330 open_us=89 read_us=12706 max_read_us=2014 wall_us=13135 scalars=247 lookups=1[0m
[32mINFO - cjk-sd op=stage opens=1 reads=15 bytes=352 open_us=73 read_us=13682 max_read_us=2000 wall_us=14097 scalars=247 lookups=1[0m
[32mINFO - cjk-sd op=stage opens=1 reads=14 bytes=330 open_us=89 read_us=17537 max_read_us=2021 wall_us=17970 scalars=247 lookups=1[0m
[32mINFO - cjk-sd op=stage opens=1 reads=14 bytes=330 open_us=76 read_us=13674 max_read_us=1994 wall_us=14091 scalars=247 lookups=1[0m
[32mINFO - cjk-sd op=stage opens=1 reads=12 bytes=286 open_us=85 read_us=15620 max_read_us=2021 wall_us=16043 scalars=247 lookups=1[0m
[32mINFO - cjk-sd op=stage opens=1 reads=14 bytes=330 open_us=77 read_us=15648 max_read_us=2008 wall_us=16066 scalars=247 lookups=1[0m
[32mINFO - stats: heap 5/158K peak 7K | stack free 68K hwm 17K | bat 98% 4.1V | up 0:00 | SD:ok[0m
[32mINFO - heap psram: used 0 B, free 2097152 B, peak 1020 B; reserved 0 / 1900544 B, peak 1024 B[0m
[32mINFO - cjk-sd op=stage opens=1 reads=14 bytes=330 open_us=100 read_us=14600 max_read_us=2012 wall_us=15066 scalars=247 lookups=1[0m
[32mINFO - cjk-sd op=stage opens=1 reads=14 bytes=330 open_us=77 read_us=14621 max_read_us=1994 wall_us=15035 scalars=247 lookups=1[0m
[32mINFO - cjk-sd op=stage opens=1 reads=12 bytes=286 open_us=94 read_us=14597 max_read_us=2028 wall_us=15025 scalars=247 lookups=1[0m
[32mINFO - cjk: lookup 51/247 glyphs, about 16032 ms left[0m
[32mINFO - cjk-sd op=stage opens=1 reads=14 bytes=330 open_us=77 read_us=13673 max_read_us=2009 wall_us=14449 scalars=247 lookups=1[0m
[32mINFO - cjk-sd op=stage opens=1 reads=13 bytes=308 open_us=93 read_us=14617 max_read_us=2027 wall_us=15046 scalars=247 lookups=1[0m
[32mINFO - cjk-sd op=stage opens=1 reads=12 bytes=286 open_us=73 read_us=13628 max_read_us=2004 wall_us=14039 scalars=247 lookups=1[0m
[32mINFO - cjk-sd op=stage opens=1 reads=15 bytes=352 open_us=85 read_us=13669 max_read_us=2010 wall_us=14095 scalars=247 lookups=1[0m
[32mINFO - cjk-sd op=stage opens=1 reads=15 bytes=352 open_us=72 read_us=14708 max_read_us=1999 wall_us=15125 scalars=247 lookups=1[0m
[32mINFO - cjk-sd op=stage opens=1 reads=14 bytes=330 open_us=89 read_us=13795 max_read_us=2023 wall_us=14221 scalars=247 lookups=1[0m
[32mINFO - cjk-sd op=stage opens=1 reads=10 bytes=242 open_us=73 read_us=13758 max_read_us=1994 wall_us=14158 scalars=247 lookups=1[0m
[32mINFO - cjk-sd op=stage opens=1 reads=14 bytes=330 open_us=89 read_us=14781 max_read_us=2022 wall_us=15211 scalars=247 lookups=1[0m
[32mINFO - cjk-sd op=stage opens=1 reads=14 bytes=330 open_us=73 read_us=14709 max_read_us=2003 wall_us=15123 scalars=247 lookups=1[0m
[32mINFO - cjk-sd op=stage opens=1 reads=14 bytes=330 open_us=90 read_us=14687 max_read_us=2017 wall_us=15117 scalars=247 lookups=1[0m
[32mINFO - cjk-sd op=stage opens=1 reads=14 bytes=330 open_us=73 read_us=13710 max_read_us=1999 wall_us=14124 scalars=247 lookups=1[0m
[32mINFO - cjk-sd op=stage opens=1 reads=15 bytes=352 open_us=85 read_us=14712 max_read_us=2016 wall_us=15141 scalars=247 lookups=1[0m
[32mINFO - cjk-sd op=stage opens=1 reads=15 bytes=352 open_us=72 read_us=15713 max_read_us=2004 wall_us=16130 scalars=247 lookups=1[0m
[32mINFO - cjk-sd op=stage opens=1 reads=15 bytes=352 open_us=89 read_us=13761 max_read_us=2026 wall_us=14190 scalars=247 lookups=1[0m
[32mINFO - cjk-sd op=stage opens=1 reads=15 bytes=352 open_us=72 read_us=15676 max_read_us=2006 wall_us=16093 scalars=247 lookups=1[0m
[32mINFO - cjk-sd op=stage opens=1 reads=14 bytes=330 open_us=86 read_us=15689 max_read_us=2013 wall_us=16117 scalars=247 lookups=1[0m
[32mINFO - cjk-sd op=stage opens=1 reads=15 bytes=352 open_us=72 read_us=14681 max_read_us=2005 wall_us=15099 scalars=247 lookups=1[0m
[32mINFO - cjk-sd op=stage opens=1 reads=13 bytes=308 open_us=90 read_us=14747 max_read_us=2025 wall_us=15176 scalars=247 lookups=1[0m
[32mINFO - cjk-sd op=stage opens=1 reads=10 bytes=242 open_us=72 read_us=13719 max_read_us=1998 wall_us=14121 scalars=247 lookups=1[0m
[32mINFO - cjk-sd op=stage opens=1 reads=13 bytes=308 open_us=89 read_us=13702 max_read_us=2020 wall_us=14128 scalars=247 lookups=1[0m
[32mINFO - cjk-sd op=stage opens=1 reads=15 bytes=352 open_us=73 read_us=16715 max_read_us=2003 wall_us=17133 scalars=247 lookups=1[0m
[32mINFO - cjk-sd op=stage opens=1 reads=15 bytes=352 open_us=89 read_us=13780 max_read_us=2020 wall_us=14211 scalars=247 lookups=1[0m
[32mINFO - cjk-sd op=stage opens=1 reads=12 bytes=286 open_us=72 read_us=14730 max_read_us=1993 wall_us=15139 scalars=247 lookups=1[0m
[32mINFO - cjk-sd op=stage opens=1 reads=14 bytes=330 open_us=88 read_us=18614 max_read_us=2019 wall_us=19046 scalars=247 lookups=1[0m
[32mINFO - cjk-sd op=stage opens=1 reads=13 bytes=308 open_us=73 read_us=15695 max_read_us=1998 wall_us=16108 scalars=247 lookups=1[0m
[32mINFO - cjk-sd op=stage opens=1 reads=15 bytes=352 open_us=92 read_us=13747 max_read_us=2027 wall_us=14184 scalars=247 lookups=1[0m
[32mINFO - cjk-sd op=stage opens=1 reads=15 bytes=352 open_us=73 read_us=15792 max_read_us=2004 wall_us=16210 scalars=247 lookups=1[0m
[32mINFO - cjk-sd op=stage opens=1 reads=15 bytes=352 open_us=85 read_us=15812 max_read_us=2015 wall_us=16244 scalars=247 lookups=1[0m
[32mINFO - cjk-sd op=stage opens=1 reads=15 bytes=352 open_us=73 read_us=17627 max_read_us=2004 wall_us=18045 scalars=247 lookups=1[0m
[32mINFO - cjk-sd op=stage opens=1 reads=14 bytes=330 open_us=93 read_us=16668 max_read_us=2024 wall_us=17101 scalars=247 lookups=1[0m
[32mINFO - cjk-sd op=stage opens=1 reads=12 bytes=286 open_us=73 read_us=14726 max_read_us=1996 wall_us=15137 scalars=247 lookups=1[0m
[32mINFO - cjk-sd op=stage opens=1 reads=13 bytes=308 open_us=89 read_us=14733 max_read_us=2020 wall_us=15163 scalars=247 lookups=1[0m
[32mINFO - cjk-sd op=stage opens=1 reads=14 bytes=330 open_us=72 read_us=14756 max_read_us=2011 wall_us=15172 scalars=247 lookups=1[0m
[32mINFO - cjk-sd op=stage opens=1 reads=14 bytes=330 open_us=89 read_us=14732 max_read_us=2017 wall_us=15163 scalars=247 lookups=1[0m
[32mINFO - cjk-sd op=stage opens=1 reads=13 bytes=308 open_us=72 read_us=14737 max_read_us=1997 wall_us=15151 scalars=247 lookups=1[0m
[32mINFO - cjk-sd op=stage opens=1 reads=12 bytes=286 open_us=85 read_us=14760 max_read_us=2017 wall_us=15185 scalars=247 lookups=1[0m
[32mINFO - cjk-sd op=stage opens=1 reads=14 bytes=330 open_us=72 read_us=17551 max_read_us=2005 wall_us=17968 scalars=247 lookups=1[0m
[32mINFO - cjk-sd op=stage opens=1 reads=15 bytes=352 open_us=93 read_us=20452 max_read_us=2027 wall_us=20893 scalars=247 lookups=1[0m
[32mINFO - cjk-sd op=stage opens=1 reads=14 bytes=330 open_us=72 read_us=16634 max_read_us=2002 wall_us=17051 scalars=247 lookups=1[0m
[32mINFO - cjk-sd op=stage opens=1 reads=15 bytes=352 open_us=85 read_us=22423 max_read_us=3847 wall_us=22855 scalars=247 lookups=1[0m
[32mINFO - cjk-sd op=stage opens=1 reads=14 bytes=330 open_us=73 read_us=22432 max_read_us=3850 wall_us=22849 scalars=247 lookups=1[0m
[32mINFO - cjk-sd op=stage opens=1 reads=14 bytes=330 open_us=89 read_us=20472 max_read_us=3848 wall_us=20903 scalars=247 lookups=1[0m
[32mINFO - cjk-sd op=stage opens=1 reads=14 bytes=330 open_us=72 read_us=17667 max_read_us=1993 wall_us=18084 scalars=247 lookups=1[0m
[32mINFO - cjk-sd op=stage opens=1 reads=15 bytes=352 open_us=86 read_us=17663 max_read_us=2019 wall_us=18096 scalars=247 lookups=1[0m
[32mINFO - cjk-sd op=stage opens=1 reads=10 bytes=242 open_us=73 read_us=16613 max_read_us=2006 wall_us=17019 scalars=247 lookups=1[0m
[32mINFO - cjk-sd op=stage opens=1 reads=12 bytes=286 open_us=93 read_us=17642 max_read_us=2021 wall_us=18073 scalars=247 lookups=1[0m
[32mINFO - cjk-sd op=stage opens=1 reads=13 bytes=308 open_us=72 read_us=15818 max_read_us=1995 wall_us=16233 scalars=247 lookups=1[0m
[32mINFO - cjk: lookup 98/247 glyphs, about 12385 ms left[0m
[32mINFO - cjk-sd op=stage opens=1 reads=12 bytes=286 open_us=85 read_us=14765 max_read_us=2019 wall_us=15686 scalars=247 lookups=1[0m
[32mINFO - cjk-sd op=stage opens=1 reads=14 bytes=330 open_us=72 read_us=14788 max_read_us=2002 wall_us=15213 scalars=247 lookups=1[0m
[32mINFO - cjk-sd op=stage opens=1 reads=15 bytes=352 open_us=89 read_us=13909 max_read_us=2027 wall_us=14347 scalars=247 lookups=1[0m
[32mINFO - cjk-sd op=stage opens=1 reads=14 bytes=330 open_us=72 read_us=13913 max_read_us=2006 wall_us=14331 scalars=247 lookups=1[0m
[32mINFO - cjk-sd op=stage opens=1 reads=9 bytes=220 open_us=85 read_us=11868 max_read_us=2012 wall_us=12281 scalars=247 lookups=1[0m
[32mINFO - cjk-sd op=stage opens=1 reads=15 bytes=352 open_us=73 read_us=13911 max_read_us=2001 wall_us=14334 scalars=247 lookups=1[0m
[32mINFO - cjk-sd op=stage opens=1 reads=15 bytes=352 open_us=93 read_us=12903 max_read_us=2018 wall_us=13344 scalars=247 lookups=1[0m
[32mINFO - cjk-sd op=stage opens=1 reads=15 bytes=352 open_us=72 read_us=13974 max_read_us=2000 wall_us=14397 scalars=247 lookups=1[0m
[32mINFO - cjk-sd op=stage opens=1 reads=12 bytes=286 open_us=85 read_us=14874 max_read_us=2013 wall_us=15301 scalars=247 lookups=1[0m
[32mINFO - stats: heap 5/158K peak 7K | stack free 68K hwm 17K | bat 98% 4.1V | up 0:00 | SD:ok[0m
[32mINFO - heap psram: used 0 B, free 2097152 B, peak 1020 B; reserved 0 / 1900544 B, peak 1024 B[0m
[32mINFO - cjk-sd op=stage opens=1 reads=15 bytes=352 open_us=92 read_us=14908 max_read_us=2003 wall_us=15371 scalars=247 lookups=1[0m
[32mINFO - cjk-sd op=stage opens=1 reads=15 bytes=352 open_us=93 read_us=12910 max_read_us=2016 wall_us=13366 scalars=247 lookups=1[0m
[32mINFO - cjk-sd op=stage opens=1 reads=14 bytes=330 open_us=86 read_us=16928 max_read_us=2021 wall_us=17364 scalars=247 lookups=1[0m
[32mINFO - cjk-sd op=stage opens=1 reads=15 bytes=352 open_us=89 read_us=16906 max_read_us=2025 wall_us=17348 scalars=247 lookups=1[0m
[32mINFO - cjk-sd op=stage opens=1 reads=15 bytes=352 open_us=73 read_us=16642 max_read_us=2012 wall_us=17068 scalars=247 lookups=1[0m
[32mINFO - cjk-sd op=stage opens=1 reads=10 bytes=242 open_us=89 read_us=12759 max_read_us=2010 wall_us=13178 scalars=247 lookups=1[0m
[32mINFO - cjk-sd op=stage opens=1 reads=14 bytes=330 open_us=76 read_us=12770 max_read_us=1995 wall_us=13198 scalars=247 lookups=1[0m
[32mINFO - cjk-sd op=stage opens=1 reads=14 bytes=330 open_us=85 read_us=13857 max_read_us=2009 wall_us=14290 scalars=247 lookups=1[0m
[32mINFO - cjk-sd op=stage opens=1 reads=12 bytes=286 open_us=72 read_us=13847 max_read_us=2005 wall_us=14264 scalars=247 lookups=1[0m
[32mINFO - cjk-sd op=stage opens=1 reads=10 bytes=242 open_us=93 read_us=12837 max_read_us=2015 wall_us=13266 scalars=247 lookups=1[0m
[32mINFO - cjk-sd op=stage opens=1 reads=14 bytes=330 open_us=73 read_us=13843 max_read_us=2000 wall_us=14267 scalars=247 lookups=1[0m
[32mINFO - cjk-sd op=stage opens=1 reads=7 bytes=176 open_us=85 read_us=9830 max_read_us=2008 wall_us=10240 scalars=247 lookups=1[0m
[32mINFO - cjk-sd op=stage opens=1 reads=14 bytes=330 open_us=77 read_us=15869 max_read_us=2009 wall_us=16298 scalars=247 lookups=1[0m
[32mINFO - cjk-sd op=stage opens=1 reads=14 bytes=330 open_us=90 read_us=12845 max_read_us=2012 wall_us=13282 scalars=247 lookups=1[0m
[32mINFO - cjk-sd op=stage opens=1 reads=14 bytes=330 open_us=73 read_us=14863 max_read_us=2003 wall_us=15287 scalars=247 lookups=1[0m
[32mINFO - cjk-sd op=stage opens=1 reads=14 bytes=330 open_us=89 read_us=15850 max_read_us=2011 wall_us=16289 scalars=247 lookups=1[0m
[32mINFO - cjk-sd op=stage opens=1 reads=14 bytes=330 open_us=73 read_us=14851 max_read_us=2003 wall_us=15275 scalars=247 lookups=1[0m
[32mINFO - cjk-sd op=stage opens=1 reads=15 bytes=352 open_us=89 read_us=12871 max_read_us=2010 wall_us=13310 scalars=247 lookups=1[0m
[32mINFO - cjk-sd op=stage opens=1 reads=15 bytes=352 open_us=73 read_us=12877 max_read_us=2005 wall_us=13305 scalars=247 lookups=1[0m
[32mINFO - cjk-sd op=stage opens=1 reads=14 bytes=330 open_us=86 read_us=12853 max_read_us=2006 wall_us=13285 scalars=247 lookups=1[0m
[32mINFO - cjk-sd op=stage opens=1 reads=15 bytes=352 open_us=73 read_us=12879 max_read_us=2007 wall_us=13306 scalars=247 lookups=1[0m
[32mINFO - cjk-sd op=stage opens=1 reads=14 bytes=330 open_us=89 read_us=13933 max_read_us=2012 wall_us=14371 scalars=247 lookups=1[0m
[32mINFO - cjk-sd op=stage opens=1 reads=15 bytes=352 open_us=72 read_us=13956 max_read_us=2010 wall_us=14384 scalars=247 lookups=1[0m
[32mINFO - cjk-sd op=stage opens=1 reads=15 bytes=352 open_us=85 read_us=13942 max_read_us=2011 wall_us=14383 scalars=247 lookups=1[0m
[32mINFO - cjk-sd op=stage opens=1 reads=11 bytes=264 open_us=73 read_us=13922 max_read_us=2003 wall_us=14338 scalars=247 lookups=1[0m
[32mINFO - cjk-sd op=stage opens=1 reads=13 bytes=308 open_us=93 read_us=14911 max_read_us=2009 wall_us=15348 scalars=247 lookups=1[0m
[32mINFO - cjk-sd op=stage opens=1 reads=15 bytes=352 open_us=73 read_us=12953 max_read_us=2002 wall_us=13381 scalars=247 lookups=1[0m
[32mINFO - cjk-sd op=stage opens=1 reads=10 bytes=242 open_us=86 read_us=13885 max_read_us=2021 wall_us=14306 scalars=247 lookups=1[0m
[32mINFO - cjk-sd op=stage opens=1 reads=15 bytes=352 open_us=76 read_us=13881 max_read_us=2003 wall_us=14314 scalars=247 lookups=1[0m
[32mINFO - bookmarks: flushed 4 slots to SD[0m
[32mINFO - cjk-sd op=stage opens=1 reads=14 bytes=330 open_us=102 read_us=15024 max_read_us=2049 wall_us=15571 scalars=247 lookups=1[0m
[32mINFO - cjk-sd op=stage opens=1 reads=12 bytes=286 open_us=60 read_us=14917 max_read_us=2019 wall_us=15306 scalars=247 lookups=1[0m
[32mINFO - cjk-sd op=stage opens=1 reads=14 bytes=330 open_us=86 read_us=14941 max_read_us=2033 wall_us=15375 scalars=247 lookups=1[0m
[32mINFO - cjk-sd op=stage opens=1 reads=13 bytes=308 open_us=64 read_us=15912 max_read_us=2028 wall_us=16321 scalars=247 lookups=1[0m
[32mINFO - cjk-sd op=stage opens=1 reads=15 bytes=352 open_us=72 read_us=13932 max_read_us=2039 wall_us=14356 scalars=247 lookups=1[0m
[32mINFO - cjk-sd op=stage opens=1 reads=13 bytes=308 open_us=61 read_us=15860 max_read_us=2016 wall_us=16256 scalars=247 lookups=1[0m
[32mINFO - cjk-sd op=stage opens=1 reads=15 bytes=352 open_us=72 read_us=16905 max_read_us=2040 wall_us=17328 scalars=247 lookups=1[0m
[32mINFO - cjk-sd op=stage opens=1 reads=13 bytes=308 open_us=64 read_us=15871 max_read_us=2018 wall_us=16271 scalars=247 lookups=1[0m
[32mINFO - cjk-sd op=stage opens=1 reads=13 bytes=308 open_us=73 read_us=14894 max_read_us=2040 wall_us=15312 scalars=247 lookups=1[0m
[32mINFO - cjk: lookup 145/247 glyphs, about 8466 ms left[0m
[32mINFO - cjk-sd op=stage opens=1 reads=15 bytes=352 open_us=60 read_us=14931 max_read_us=2022 wall_us=15689 scalars=247 lookups=1[0m
[32mINFO - cjk-sd op=stage opens=1 reads=13 bytes=308 open_us=73 read_us=14930 max_read_us=2033 wall_us=15353 scalars=247 lookups=1[0m
[32mINFO - cjk-sd op=stage opens=1 reads=15 bytes=352 open_us=60 read_us=15933 max_read_us=2020 wall_us=16338 scalars=247 lookups=1[0m
[32mINFO - cjk-sd op=stage opens=1 reads=15 bytes=352 open_us=73 read_us=13935 max_read_us=2027 wall_us=14359 scalars=247 lookups=1[0m
[32mINFO - cjk-sd op=stage opens=1 reads=11 bytes=264 open_us=57 read_us=14899 max_read_us=2018 wall_us=15288 scalars=247 lookups=1[0m
[32mINFO - cjk-sd op=stage opens=1 reads=14 bytes=330 open_us=72 read_us=14925 max_read_us=2038 wall_us=15347 scalars=247 lookups=1[0m
[32mINFO - cjk-sd op=stage opens=1 reads=14 bytes=330 open_us=61 read_us=14920 max_read_us=2026 wall_us=15323 scalars=247 lookups=1[0m
[32mINFO - cjk-sd op=stage opens=1 reads=15 bytes=352 open_us=73 read_us=15778 max_read_us=2035 wall_us=16199 scalars=247 lookups=1[0m
[32mINFO - cjk-sd op=stage opens=1 reads=14 bytes=330 open_us=57 read_us=15764 max_read_us=2016 wall_us=16164 scalars=247 lookups=1[0m
[32mINFO - cjk-sd op=stage opens=1 reads=13 bytes=308 open_us=73 read_us=16763 max_read_us=2034 wall_us=17179 scalars=247 lookups=1[0m
[32mINFO - cjk-sd op=stage opens=1 reads=13 bytes=308 open_us=61 read_us=18745 max_read_us=2018 wall_us=19145 scalars=247 lookups=1[0m
[32mINFO - cjk-sd op=stage opens=1 reads=15 bytes=352 open_us=72 read_us=15797 max_read_us=2038 wall_us=16220 scalars=247 lookups=1[0m
[32mINFO - cjk-sd op=stage opens=1 reads=12 bytes=286 open_us=57 read_us=16650 max_read_us=2025 wall_us=17048 scalars=247 lookups=1[0m
[32mINFO - cjk-sd op=stage opens=1 reads=11 bytes=264 open_us=72 read_us=16642 max_read_us=2031 wall_us=17053 scalars=247 lookups=1[0m
[32mINFO - cjk-sd op=stage opens=1 reads=15 bytes=352 open_us=60 read_us=15650 max_read_us=2022 wall_us=16057 scalars=247 lookups=1[0m
[32mINFO - cjk-sd op=stage opens=1 reads=15 bytes=352 open_us=72 read_us=16616 max_read_us=2032 wall_us=17039 scalars=247 lookups=1[0m
[32mINFO - cjk-sd op=stage opens=1 reads=12 bytes=286 open_us=57 read_us=16586 max_read_us=2018 wall_us=16981 scalars=247 lookups=1[0m
[32mINFO - cjk-sd op=stage opens=1 reads=4 bytes=110 open_us=72 read_us=6971 max_read_us=2042 wall_us=7361 scalars=247 lookups=1[0m
[32mINFO - cjk-sd op=stage opens=1 reads=15 bytes=352 open_us=66 read_us=15594 max_read_us=2018 wall_us=16006 scalars=247 lookups=1[0m
[32mINFO - cjk-sd op=stage opens=1 reads=12 bytes=286 open_us=72 read_us=13674 max_read_us=2034 wall_us=14088 scalars=247 lookups=1[0m
[32mINFO - stats: heap 5/158K peak 7K | stack free 68K hwm 17K | bat 98% 4.1V | up 0:00 | SD:ok[0m
[32mINFO - heap psram: used 0 B, free 2097152 B, peak 1020 B; reserved 0 / 1900544 B, peak 1024 B[0m
[32mINFO - cjk-sd op=stage opens=1 reads=14 bytes=330 open_us=79 read_us=12767 max_read_us=2043 wall_us=13211 scalars=247 lookups=1[0m
[32mINFO - cjk-sd op=stage opens=1 reads=15 bytes=352 open_us=81 read_us=13587 max_read_us=2043 wall_us=14038 scalars=247 lookups=1[0m
[32mINFO - cjk-sd op=stage opens=1 reads=14 bytes=330 open_us=74 read_us=13688 max_read_us=2049 wall_us=14104 scalars=247 lookups=1[0m
[32mINFO - cjk-sd op=stage opens=1 reads=12 bytes=286 open_us=73 read_us=13717 max_read_us=2036 wall_us=14137 scalars=247 lookups=1[0m
[32mINFO - cjk-sd op=stage opens=1 reads=14 bytes=330 open_us=56 read_us=13724 max_read_us=2021 wall_us=14123 scalars=247 lookups=1[0m
[32mINFO - cjk-sd op=stage opens=1 reads=13 bytes=308 open_us=72 read_us=13721 max_read_us=2031 wall_us=14140 scalars=247 lookups=1[0m
[32mINFO - cjk-sd op=stage opens=1 reads=10 bytes=242 open_us=60 read_us=12734 max_read_us=2020 wall_us=13122 scalars=247 lookups=1[0m
[32mINFO - cjk-sd op=stage opens=1 reads=15 bytes=352 open_us=72 read_us=13743 max_read_us=2039 wall_us=14169 scalars=247 lookups=1[0m
[32mINFO - cjk-sd op=stage opens=1 reads=14 bytes=330 open_us=57 read_us=12760 max_read_us=2022 wall_us=13159 scalars=247 lookups=1[0m
[32mINFO - cjk-sd op=stage opens=1 reads=11 bytes=264 open_us=73 read_us=13665 max_read_us=2035 wall_us=14082 scalars=247 lookups=1[0m
[32mINFO - cjk-sd op=stage opens=1 reads=15 bytes=352 open_us=61 read_us=12731 max_read_us=2019 wall_us=13140 scalars=247 lookups=1[0m
[32mINFO - cjk-sd op=stage opens=1 reads=15 bytes=352 open_us=73 read_us=12739 max_read_us=2036 wall_us=13166 scalars=247 lookups=1[0m
[32mINFO - cjk-sd op=stage opens=1 reads=14 bytes=330 open_us=57 read_us=12710 max_read_us=2019 wall_us=13109 scalars=247 lookups=1[0m
[32mINFO - cjk-sd op=stage opens=1 reads=14 bytes=330 open_us=73 read_us=17549 max_read_us=2040 wall_us=17974 scalars=247 lookups=1[0m
[32mINFO - cjk-sd op=stage opens=1 reads=14 bytes=330 open_us=61 read_us=14598 max_read_us=2021 wall_us=15001 scalars=247 lookups=1[0m
[32mINFO - cjk-sd op=stage opens=1 reads=15 bytes=352 open_us=73 read_us=16568 max_read_us=2031 wall_us=16997 scalars=247 lookups=1[0m
[32mINFO - cjk-sd op=stage opens=1 reads=15 bytes=352 open_us=57 read_us=18536 max_read_us=2018 wall_us=18940 scalars=247 lookups=1[0m
[32mINFO - cjk-sd op=stage opens=1 reads=14 bytes=330 open_us=73 read_us=17711 max_read_us=2036 wall_us=18138 scalars=247 lookups=1[0m
[32mINFO - cjk-sd op=stage opens=1 reads=14 bytes=330 open_us=61 read_us=15679 max_read_us=2013 wall_us=16084 scalars=247 lookups=1[0m
[32mINFO - cjk-sd op=stage opens=1 reads=14 bytes=330 open_us=73 read_us=15712 max_read_us=2039 wall_us=16139 scalars=247 lookups=1[0m
[32mINFO - cjk-sd op=stage opens=1 reads=15 bytes=352 open_us=57 read_us=14886 max_read_us=2025 wall_us=15289 scalars=247 lookups=1[0m
[32mINFO - cjk-sd op=stage opens=1 reads=15 bytes=352 open_us=73 read_us=13902 max_read_us=2036 wall_us=14335 scalars=247 lookups=1[0m
[32mINFO - cjk-sd op=stage opens=1 reads=14 bytes=330 open_us=61 read_us=15879 max_read_us=2020 wall_us=16283 scalars=247 lookups=1[0m
[32mINFO - cjk-sd op=stage opens=1 reads=12 bytes=286 open_us=73 read_us=15862 max_read_us=2032 wall_us=16287 scalars=247 lookups=1[0m
[32mINFO - cjk-sd op=stage opens=1 reads=14 bytes=330 open_us=56 read_us=14840 max_read_us=2015 wall_us=15243 scalars=247 lookups=1[0m
[32mINFO - cjk-sd op=stage opens=1 reads=13 bytes=308 open_us=73 read_us=14846 max_read_us=2038 wall_us=15265 scalars=247 lookups=1[0m
[32mINFO - cjk-sd op=stage opens=1 reads=14 bytes=330 open_us=61 read_us=14719 max_read_us=2022 wall_us=15124 scalars=247 lookups=1[0m
[32mINFO - cjk-sd op=stage opens=1 reads=13 bytes=308 open_us=73 read_us=13845 max_read_us=2035 wall_us=14267 scalars=247 lookups=1[0m
[32mINFO - cjk: lookup 193/247 glyphs, about 4427 ms left[0m
[32mINFO - cjk-sd op=stage opens=1 reads=14 bytes=330 open_us=56 read_us=13912 max_read_us=2018 wall_us=14829 scalars=247 lookups=1[0m
[32mINFO - cjk-sd op=stage opens=1 reads=10 bytes=242 open_us=74 read_us=13906 max_read_us=2034 wall_us=14327 scalars=247 lookups=1[0m
[32mINFO - cjk-sd op=stage opens=1 reads=14 bytes=330 open_us=61 read_us=14910 max_read_us=2020 wall_us=15314 scalars=247 lookups=1[0m
[32mINFO - cjk-sd op=stage opens=1 reads=11 bytes=264 open_us=73 read_us=13908 max_read_us=2039 wall_us=14323 scalars=247 lookups=1[0m
[32mINFO - cjk-sd op=stage opens=1 reads=15 bytes=352 open_us=57 read_us=14953 max_read_us=2025 wall_us=15357 scalars=247 lookups=1[0m
[32mINFO - cjk-sd op=stage opens=1 reads=15 bytes=352 open_us=73 read_us=15966 max_read_us=2031 wall_us=16395 scalars=247 lookups=1[0m
[32mINFO - cjk-sd op=stage opens=1 reads=15 bytes=352 open_us=60 read_us=14949 max_read_us=2015 wall_us=15359 scalars=247 lookups=1[0m
[32mINFO - cjk-sd op=stage opens=1 reads=14 bytes=330 open_us=73 read_us=14960 max_read_us=2032 wall_us=15389 scalars=247 lookups=1[0m
[32mINFO - cjk-sd op=stage opens=1 reads=15 bytes=352 open_us=56 read_us=17916 max_read_us=2019 wall_us=18322 scalars=247 lookups=1[0m
[32mINFO - cjk-sd op=stage opens=1 reads=15 bytes=352 open_us=73 read_us=16969 max_read_us=2039 wall_us=17403 scalars=247 lookups=1[0m
[32mINFO - cjk-sd op=stage opens=1 reads=15 bytes=352 open_us=60 read_us=13958 max_read_us=2029 wall_us=14366 scalars=247 lookups=1[0m
[32mINFO - cjk-sd op=stage opens=1 reads=15 bytes=352 open_us=68 read_us=17943 max_read_us=2031 wall_us=18368 scalars=247 lookups=1[0m
[32mINFO - cjk-sd op=stage opens=1 reads=13 bytes=308 open_us=56 read_us=15939 max_read_us=2018 wall_us=16340 scalars=247 lookups=1[0m
[32mINFO - cjk-sd op=stage opens=1 reads=13 bytes=308 open_us=68 read_us=14939 max_read_us=2036 wall_us=15359 scalars=247 lookups=1[0m
[32mINFO - cjk-sd op=stage opens=1 reads=14 bytes=330 open_us=60 read_us=14947 max_read_us=2021 wall_us=15350 scalars=247 lookups=1[0m
[32mINFO - cjk-sd op=stage opens=1 reads=15 bytes=352 open_us=68 read_us=14972 max_read_us=2041 wall_us=15400 scalars=247 lookups=1[0m
[32mINFO - cjk-sd op=stage opens=1 reads=15 bytes=352 open_us=57 read_us=14957 max_read_us=2028 wall_us=15363 scalars=247 lookups=1[0m
[32mINFO - cjk-sd op=stage opens=1 reads=15 bytes=352 open_us=69 read_us=14964 max_read_us=2034 wall_us=15391 scalars=247 lookups=1[0m
[32mINFO - cjk-sd op=stage opens=1 reads=14 bytes=330 open_us=61 read_us=14948 max_read_us=2018 wall_us=15357 scalars=247 lookups=1[0m
[32mINFO - cjk-sd op=stage opens=1 reads=13 bytes=308 open_us=69 read_us=17792 max_read_us=2031 wall_us=18215 scalars=247 lookups=1[0m
[32mINFO - cjk-sd op=stage opens=1 reads=12 bytes=286 open_us=57 read_us=17773 max_read_us=2016 wall_us=18171 scalars=247 lookups=1[0m
[32mINFO - cjk-sd op=stage opens=1 reads=14 bytes=330 open_us=68 read_us=17681 max_read_us=2038 wall_us=18107 scalars=247 lookups=1[0m
[32mINFO - cjk-sd op=stage opens=1 reads=12 bytes=286 open_us=61 read_us=21479 max_read_us=2022 wall_us=21880 scalars=247 lookups=1[0m
[32mINFO - cjk-sd op=stage opens=1 reads=11 bytes=264 open_us=68 read_us=16724 max_read_us=2032 wall_us=17143 scalars=247 lookups=1[0m
[32mINFO - cjk-sd op=stage opens=1 reads=13 bytes=308 open_us=57 read_us=16701 max_read_us=2015 wall_us=17101 scalars=247 lookups=1[0m
[32mINFO - cjk-sd op=stage opens=1 reads=14 bytes=330 open_us=69 read_us=16754 max_read_us=2037 wall_us=17177 scalars=247 lookups=1[0m
[32mINFO - cjk-sd op=stage opens=1 reads=13 bytes=308 open_us=61 read_us=16707 max_read_us=2020 wall_us=17112 scalars=247 lookups=1[0m
[32mINFO - cjk-sd op=stage opens=1 reads=10 bytes=242 open_us=68 read_us=14872 max_read_us=2042 wall_us=15283 scalars=247 lookups=1[0m
[32mINFO - cjk-sd op=stage opens=1 reads=14 bytes=330 open_us=56 read_us=17849 max_read_us=2022 wall_us=18255 scalars=247 lookups=1[0m
[32mINFO - cjk-sd op=stage opens=1 reads=13 bytes=308 open_us=69 read_us=17919 max_read_us=2045 wall_us=18343 scalars=247 lookups=1[0m
[32mINFO - cjk-sd op=stage opens=1 reads=15 bytes=352 open_us=61 read_us=19843 max_read_us=2004 wall_us=20256 scalars=247 lookups=1[0m
[32mINFO - stats: heap 5/158K peak 7K | stack free 68K hwm 17K | bat 98% 4.1V | up 0:00 | SD:ok[0m
[32mINFO - heap psram: used 0 B, free 2097152 B, peak 1020 B; reserved 0 / 1900544 B, peak 1024 B[0m
[32mINFO - cjk-sd op=stage opens=1 reads=14 bytes=330 open_us=80 read_us=18845 max_read_us=2019 wall_us=19298 scalars=247 lookups=1[0m
[32mINFO - cjk-sd op=stage opens=1 reads=15 bytes=352 open_us=61 read_us=16849 max_read_us=2009 wall_us=17273 scalars=247 lookups=1[0m
[32mINFO - cjk-sd op=stage opens=1 reads=15 bytes=352 open_us=82 read_us=14898 max_read_us=2041 wall_us=15332 scalars=247 lookups=1[0m
[32mINFO - cjk-sd op=stage opens=1 reads=11 bytes=264 open_us=61 read_us=14830 max_read_us=2024 wall_us=15230 scalars=247 lookups=1[0m
[32mINFO - cjk-sd op=stage opens=1 reads=15 bytes=352 open_us=68 read_us=15853 max_read_us=2029 wall_us=16277 scalars=247 lookups=1[0m
[32mINFO - cjk-sd op=stage opens=1 reads=14 bytes=330 open_us=57 read_us=16837 max_read_us=2018 wall_us=17241 scalars=247 lookups=1[0m
[32mINFO - cjk-sd op=stage opens=1 reads=15 bytes=352 open_us=69 read_us=15851 max_read_us=2024 wall_us=16273 scalars=247 lookups=1[0m
[32mINFO - cjk-sd op=stage opens=1 reads=14 bytes=330 open_us=61 read_us=14902 max_read_us=2019 wall_us=15309 scalars=247 lookups=1[0m
[32mINFO - cjk-sd op=stage opens=1 reads=14 bytes=330 open_us=68 read_us=14971 max_read_us=2037 wall_us=15393 scalars=247 lookups=1[0m
[32mINFO - cjk-sd op=stage opens=1 reads=11 bytes=264 open_us=56 read_us=12941 max_read_us=2019 wall_us=13338 scalars=247 lookups=1[0m
[32mINFO - cjk-sd op=stage opens=1 reads=14 bytes=330 open_us=68 read_us=12965 max_read_us=2028 wall_us=13386 scalars=247 lookups=1[0m
[32mINFO - cjk-sd op=stage opens=1 reads=14 bytes=330 open_us=61 read_us=14944 max_read_us=2018 wall_us=15353 scalars=247 lookups=1[0m
[32mINFO - cjk-sd op=stage opens=1 reads=15 bytes=352 open_us=69 read_us=13968 max_read_us=2029 wall_us=14392 scalars=247 lookups=1[0m
[32mINFO - cjk-sd op=stage opens=1 reads=15 bytes=352 open_us=57 read_us=13955 max_read_us=2018 wall_us=14365 scalars=247 lookups=1[0m
[32mINFO - cjk-sd op=stage opens=1 reads=15 bytes=352 open_us=69 read_us=14990 max_read_us=2039 wall_us=15413 scalars=247 lookups=1[0m
[32mINFO - cjk-sd op=stage opens=1 reads=15 bytes=352 open_us=61 read_us=14962 max_read_us=2024 wall_us=15376 scalars=247 lookups=1[0m
[32mINFO - cjk: lookup 240/247 glyphs, about 583 ms left[0m
[32mINFO - cjk-sd op=stage opens=1 reads=13 bytes=308 open_us=69 read_us=14949 max_read_us=2029 wall_us=15710 scalars=247 lookups=1[0m
[32mINFO - cjk-sd op=stage opens=1 reads=11 bytes=264 open_us=56 read_us=12935 max_read_us=2011 wall_us=13344 scalars=247 lookups=1[0m
[32mINFO - cjk-sd op=stage opens=1 reads=15 bytes=352 open_us=68 read_us=14824 max_read_us=2024 wall_us=15249 scalars=247 lookups=1[0m
[32mINFO - cjk-sd op=stage opens=1 reads=13 bytes=308 open_us=61 read_us=14861 max_read_us=2018 wall_us=15267 scalars=247 lookups=1[0m
[32mINFO - cjk-sd op=stage opens=1 reads=15 bytes=352 open_us=68 read_us=14900 max_read_us=2035 wall_us=15326 scalars=247 lookups=1[0m
[32mINFO - cjk-sd op=stage opens=1 reads=12 bytes=286 open_us=57 read_us=14863 max_read_us=2023 wall_us=15263 scalars=247 lookups=1[0m
[32mINFO - cjk-sd op=stage opens=1 reads=15 bytes=352 open_us=68 read_us=14892 max_read_us=2025 wall_us=15319 scalars=247 lookups=1[0m
[32mINFO - cjk-sd op=stage opens=1 reads=12 bytes=286 open_us=61 read_us=14860 max_read_us=2017 wall_us=15227 scalars=247 lookups=1[0m
[32mINFO - cjk-sd op=bank opens=1 reads=1 bytes=44 open_us=72 read_us=1147 max_read_us=1147 wall_us=1304 scalars=0 lookups=0[0m
[32mINFO - cjk-sd op=prepare opens=1 reads=2 bytes=51 open_us=172 read_us=3093 max_read_us=2916 wall_us=5283 scalars=133 lookups=0[0m
[32mINFO - cjk-sd op=bank opens=1 reads=1 bytes=44 open_us=103 read_us=1500 max_read_us=1500 wall_us=1684 scalars=0 lookups=0[0m
[32mINFO - cjk-sd op=stage opens=0 reads=0 bytes=0 open_us=0 read_us=0 max_read_us=0 wall_us=118 scalars=247 lookups=0[0m
[32mINFO - cjk-sd op=prepare opens=1 reads=2 bytes=53 open_us=129 read_us=3804 max_read_us=2051 wall_us=4729 scalars=133 lookups=0[0m
[32mINFO - cjk-sd op=bank opens=1 reads=1 bytes=44 open_us=89 read_us=1308 max_read_us=1308 wall_us=1471 scalars=0 lookups=0[0m
[32mINFO - cjk-sd op=stage opens=0 reads=0 bytes=0 open_us=0 read_us=0 max_read_us=0 wall_us=116 scalars=247 lookups=0[0m
[32mINFO - cjk-sd op=prepare opens=1 reads=2 bytes=96 open_us=124 read_us=3775 max_read_us=2051 wall_us=4586 scalars=133 lookups=0[0m
[32mINFO - cjk-sd op=bank opens=1 reads=1 bytes=44 open_us=89 read_us=1489 max_read_us=1489 wall_us=1641 scalars=0 lookups=0[0m
[32mINFO - cjk-sd op=stage opens=0 reads=0 bytes=0 open_us=0 read_us=0 max_read_us=0 wall_us=118 scalars=247 lookups=0[0m
[32mINFO - cjk-sd op=prepare opens=1 reads=2 bytes=96 open_us=128 read_us=3799 max_read_us=2059 wall_us=4653 scalars=133 lookups=0[0m
[32mINFO - cjk-sd op=bank opens=1 reads=1 bytes=44 open_us=85 read_us=1333 max_read_us=1333 wall_us=1481 scalars=0 lookups=0[0m
[32mINFO - cjk-sd op=stage opens=0 reads=0 bytes=0 open_us=0 read_us=0 max_read_us=0 wall_us=116 scalars=247 lookups=0[0m
[32mINFO - cjk-sd op=prepare opens=1 reads=2 bytes=64 open_us=129 read_us=3782 max_read_us=2065 wall_us=4591 scalars=133 lookups=0[0m
[32mINFO - cjk-sd op=bank opens=1 reads=1 bytes=44 open_us=85 read_us=1495 max_read_us=1495 wall_us=1644 scalars=0 lookups=0[0m
[32mINFO - cjk-sd op=stage opens=0 reads=0 bytes=0 open_us=0 read_us=0 max_read_us=0 wall_us=118 scalars=247 lookups=0[0m
[32mINFO - cjk-sd op=prepare opens=1 reads=2 bytes=63 open_us=129 read_us=3793 max_read_us=2057 wall_us=4655 scalars=133 lookups=0[0m
[32mINFO - cjk-sd op=bank opens=1 reads=1 bytes=44 open_us=85 read_us=1342 max_read_us=1342 wall_us=1490 scalars=0 lookups=0[0m
[32mINFO - cjk-sd op=stage opens=0 reads=0 bytes=0 open_us=0 read_us=0 max_read_us=0 wall_us=116 scalars=247 lookups=0[0m
[32mINFO - cjk-sd op=prepare opens=1 reads=2 bytes=64 open_us=129 read_us=3794 max_read_us=2061 wall_us=4597 scalars=133 lookups=0[0m
[32mINFO - cjk-sd op=bank opens=1 reads=1 bytes=44 open_us=85 read_us=1483 max_read_us=1483 wall_us=1631 scalars=0 lookups=0[0m
[32mINFO - cjk-sd op=stage opens=0 reads=0 bytes=0 open_us=0 read_us=0 max_read_us=0 wall_us=118 scalars=247 lookups=0[0m
[32mINFO - cjk-sd op=prepare opens=1 reads=2 bytes=140 open_us=128 read_us=3757 max_read_us=2067 wall_us=4612 scalars=133 lookups=0[0m
[32mINFO - cjk-sd op=bank opens=1 reads=1 bytes=44 open_us=85 read_us=1337 max_read_us=1337 wall_us=1485 scalars=0 lookups=0[0m
[32mINFO - cjk-sd op=stage opens=0 reads=0 bytes=0 open_us=0 read_us=0 max_read_us=0 wall_us=116 scalars=247 lookups=0[0m
[32mINFO - cjk-sd op=prepare opens=1 reads=2 bytes=132 open_us=124 read_us=3786 max_read_us=2067 wall_us=4583 scalars=133 lookups=0[0m
[32mINFO - cjk-sd op=bank opens=1 reads=1 bytes=44 open_us=84 read_us=1480 max_read_us=1480 wall_us=1627 scalars=0 lookups=0[0m
[32mINFO - cjk-sd op=stage opens=0 reads=0 bytes=0 open_us=0 read_us=0 max_read_us=0 wall_us=119 scalars=247 lookups=0[0m
[32mINFO - cjk-sd op=prepare opens=1 reads=2 bytes=128 open_us=128 read_us=4800 max_read_us=3066 wall_us=5652 scalars=133 lookups=0[0m
[32mINFO - cjk-sd op=bank opens=1 reads=1 bytes=44 open_us=84 read_us=1327 max_read_us=1327 wall_us=1475 scalars=0 lookups=0[0m
[32mINFO - cjk-sd op=stage opens=0 reads=0 bytes=0 open_us=0 read_us=0 max_read_us=0 wall_us=116 scalars=247 lookups=0[0m
[32mINFO - cjk-sd op=prepare opens=1 reads=2 bytes=119 open_us=129 read_us=4791 max_read_us=3068 wall_us=5590 scalars=133 lookups=0[0m
[32mINFO - cjk-sd op=bank opens=1 reads=1 bytes=44 open_us=89 read_us=1481 max_read_us=1481 wall_us=1632 scalars=0 lookups=0[0m
[32mINFO - cjk-sd op=stage opens=0 reads=0 bytes=0 open_us=0 read_us=0 max_read_us=0 wall_us=118 scalars=247 lookups=0[0m
[32mINFO - cjk-sd op=prepare opens=1 reads=2 bytes=148 open_us=128 read_us=3784 max_read_us=2071 wall_us=4636 scalars=133 lookups=0[0m
[32mINFO - cjk-sd op=bank opens=1 reads=1 bytes=44 open_us=85 read_us=1322 max_read_us=1322 wall_us=1470 scalars=0 lookups=0[0m
[32mINFO - cjk-sd op=stage opens=0 reads=0 bytes=0 open_us=0 read_us=0 max_read_us=0 wall_us=116 scalars=247 lookups=0[0m
[32mINFO - cjk-sd op=prepare opens=1 reads=2 bytes=144 open_us=125 read_us=3719 max_read_us=2028 wall_us=4514 scalars=133 lookups=0[0m
[32mINFO - cjk-sd op=bank opens=1 reads=1 bytes=44 open_us=84 read_us=1477 max_read_us=1477 wall_us=1624 scalars=0 lookups=0[0m
[32mINFO - cjk-sd op=stage opens=0 reads=0 bytes=0 open_us=0 read_us=0 max_read_us=0 wall_us=119 scalars=247 lookups=0[0m
[32mINFO - cjk-sd op=prepare opens=1 reads=2 bytes=148 open_us=128 read_us=4758 max_read_us=3034 wall_us=5605 scalars=133 lookups=0[0m
[32mINFO - cjk-sd op=bank opens=1 reads=1 bytes=44 open_us=85 read_us=1322 max_read_us=1322 wall_us=1471 scalars=0 lookups=0[0m
[32mINFO - cjk-sd op=stage opens=0 reads=0 bytes=0 open_us=0 read_us=0 max_read_us=0 wall_us=116 scalars=247 lookups=0[0m
[32mINFO - cjk-sd op=prepare opens=1 reads=2 bytes=148 open_us=124 read_us=3773 max_read_us=2056 wall_us=4569 scalars=133 lookups=0[0m
[32mINFO - cjk-sd op=bank opens=1 reads=1 bytes=44 open_us=84 read_us=1481 max_read_us=1481 wall_us=1628 scalars=0 lookups=0[0m
[32mINFO - cjk-sd op=stage opens=0 reads=0 bytes=0 open_us=0 read_us=0 max_read_us=0 wall_us=118 scalars=247 lookups=0[0m
[32mINFO - cjk-sd op=prepare opens=1 reads=2 bytes=152 open_us=131 read_us=4704 max_read_us=2996 wall_us=5562 scalars=133 lookups=0[0m
[32mINFO - cjk-sd op=bank opens=1 reads=1 bytes=44 open_us=91 read_us=1348 max_read_us=1348 wall_us=1502 scalars=0 lookups=0[0m
[32mINFO - cjk-sd op=stage opens=0 reads=0 bytes=0 open_us=0 read_us=0 max_read_us=0 wall_us=116 scalars=247 lookups=0[0m
[32mINFO - cjk-sd op=prepare opens=1 reads=2 bytes=148 open_us=130 read_us=3766 max_read_us=2062 wall_us=4575 scalars=133 lookups=0[0m
[32mINFO - cjk-sd op=bank opens=1 reads=1 bytes=44 open_us=88 read_us=1485 max_read_us=1485 wall_us=1635 scalars=0 lookups=0[0m
[32mINFO - cjk-sd op=stage opens=0 reads=0 bytes=0 open_us=0 read_us=0 max_read_us=0 wall_us=118 scalars=247 lookups=0[0m
[32mINFO - cjk-sd op=prepare opens=1 reads=2 bytes=148 open_us=129 read_us=3760 max_read_us=2035 wall_us=4607 scalars=133 lookups=0[0m
[32mINFO - cjk-sd op=bank opens=1 reads=1 bytes=44 open_us=86 read_us=1342 max_read_us=1342 wall_us=1492 scalars=0 lookups=0[0m
[32mINFO - cjk-sd op=stage opens=0 reads=0 bytes=0 open_us=0 read_us=0 max_read_us=0 wall_us=116 scalars=247 lookups=0[0m
[32mINFO - cjk-sd op=prepare opens=1 reads=2 bytes=148 open_us=124 read_us=3781 max_read_us=2061 wall_us=4579 scalars=133 lookups=0[0m
[32mINFO - cjk-sd op=bank opens=1 reads=1 bytes=44 open_us=89 read_us=1486 max_read_us=1486 wall_us=1637 scalars=0 lookups=0[0m
[32mINFO - cjk-sd op=stage opens=0 reads=0 bytes=0 open_us=0 read_us=0 max_read_us=0 wall_us=118 scalars=247 lookups=0[0m
[32mINFO - cjk-sd op=prepare opens=1 reads=2 bytes=148 open_us=124 read_us=3787 max_read_us=2081 wall_us=4638 scalars=133 lookups=0[0m
[32mINFO - cjk-sd op=bank opens=1 reads=1 bytes=44 open_us=93 read_us=1335 max_read_us=1335 wall_us=1491 scalars=0 lookups=0[0m
[32mINFO - cjk-sd op=stage opens=0 reads=0 bytes=0 open_us=0 read_us=0 max_read_us=0 wall_us=116 scalars=247 lookups=0[0m
[32mINFO - cjk-sd op=prepare opens=1 reads=2 bytes=148 open_us=125 read_us=3780 max_read_us=2070 wall_us=4583 scalars=133 lookups=0[0m
[32mINFO - cjk-sd op=bank opens=1 reads=1 bytes=44 open_us=89 read_us=1493 max_read_us=1493 wall_us=1645 scalars=0 lookups=0[0m
[32mINFO - cjk-sd op=stage opens=0 reads=0 bytes=0 open_us=0 read_us=0 max_read_us=0 wall_us=118 scalars=247 lookups=0[0m
[32mINFO - cjk-sd op=prepare opens=1 reads=2 bytes=140 open_us=124 read_us=3794 max_read_us=2077 wall_us=4639 scalars=133 lookups=0[0m
[32mINFO - cjk-sd op=bank opens=1 reads=1 bytes=44 open_us=89 read_us=1321 max_read_us=1321 wall_us=1473 scalars=0 lookups=0[0m
[32mINFO - cjk-sd op=stage opens=0 reads=0 bytes=0 open_us=0 read_us=0 max_read_us=0 wall_us=116 scalars=247 lookups=0[0m
[32mINFO - cjk-sd op=prepare opens=1 reads=2 bytes=148 open_us=120 read_us=3783 max_read_us=2061 wall_us=4576 scalars=133 lookups=0[0m
[32mINFO - cjk-sd op=bank opens=1 reads=1 bytes=44 open_us=89 read_us=1491 max_read_us=1491 wall_us=1642 scalars=0 lookups=0[0m
[32mINFO - cjk-sd op=stage opens=0 reads=0 bytes=0 open_us=0 read_us=0 max_read_us=0 wall_us=113 scalars=247 lookups=0[0m
[32mINFO - cjk-sd op=prepare opens=1 reads=2 bytes=148 open_us=124 read_us=3770 max_read_us=2074 wall_us=4614 scalars=133 lookups=0[0m
[32mINFO - cjk-sd op=bank opens=1 reads=1 bytes=44 open_us=89 read_us=1324 max_read_us=1324 wall_us=1477 scalars=0 lookups=0[0m
[32mINFO - cjk-sd op=stage opens=0 reads=0 bytes=0 open_us=0 read_us=0 max_read_us=0 wall_us=116 scalars=247 lookups=0[0m
[32mINFO - cjk-sd op=prepare opens=1 reads=2 bytes=122 open_us=121 read_us=3768 max_read_us=2060 wall_us=4560 scalars=133 lookups=0[0m
[32mINFO - cjk-sd op=bank opens=1 reads=1 bytes=44 open_us=89 read_us=1493 max_read_us=1493 wall_us=1649 scalars=0 lookups=0[0m
[32mINFO - cjk-sd op=stage opens=0 reads=0 bytes=0 open_us=0 read_us=0 max_read_us=0 wall_us=112 scalars=247 lookups=0[0m
[32mINFO - cjk-sd op=prepare opens=1 reads=2 bytes=122 open_us=125 read_us=3789 max_read_us=2080 wall_us=4632 scalars=133 lookups=0[0m
[32mINFO - cjk-sd op=bank opens=1 reads=1 bytes=44 open_us=93 read_us=1353 max_read_us=1353 wall_us=1510 scalars=0 lookups=0[0m
[32mINFO - cjk-sd op=stage opens=0 reads=0 bytes=0 open_us=0 read_us=0 max_read_us=0 wall_us=116 scalars=247 lookups=0[0m
[32mINFO - cjk-sd op=prepare opens=1 reads=2 bytes=122 open_us=120 read_us=3768 max_read_us=2059 wall_us=4570 scalars=133 lookups=0[0m
[32mINFO - cjk-sd op=bank opens=1 reads=1 bytes=44 open_us=89 read_us=1449 max_read_us=1449 wall_us=1601 scalars=0 lookups=0[0m
[32mINFO - cjk-sd op=stage opens=0 reads=0 bytes=0 open_us=0 read_us=0 max_read_us=0 wall_us=112 scalars=247 lookups=0[0m
[32mINFO - cjk-sd op=prepare opens=1 reads=2 bytes=148 open_us=125 read_us=3779 max_read_us=2080 wall_us=4628 scalars=133 lookups=0[0m
[32mINFO - cjk-sd op=bank opens=1 reads=1 bytes=44 open_us=93 read_us=1354 max_read_us=1354 wall_us=1510 scalars=0 lookups=0[0m
[32mINFO - cjk-sd op=stage opens=0 reads=0 bytes=0 open_us=0 read_us=0 max_read_us=0 wall_us=115 scalars=247 lookups=0[0m
[32mINFO - cjk-sd op=prepare opens=1 reads=2 bytes=148 open_us=124 read_us=3768 max_read_us=2071 wall_us=4574 scalars=133 lookups=0[0m
[32mINFO - cjk-sd op=bank opens=1 reads=1 bytes=44 open_us=93 read_us=1495 max_read_us=1495 wall_us=1651 scalars=0 lookups=0[0m
[32mINFO - cjk-sd op=stage opens=0 reads=0 bytes=0 open_us=0 read_us=0 max_read_us=0 wall_us=112 scalars=247 lookups=0[0m
[32mINFO - cjk-sd op=prepare opens=1 reads=2 bytes=122 open_us=124 read_us=3786 max_read_us=2072 wall_us=4631 scalars=133 lookups=0[0m
[32mINFO - cjk-sd op=bank opens=1 reads=1 bytes=44 open_us=93 read_us=1350 max_read_us=1350 wall_us=1507 scalars=0 lookups=0[0m
[32mINFO - cjk-sd op=stage opens=0 reads=0 bytes=0 open_us=0 read_us=0 max_read_us=0 wall_us=115 scalars=247 lookups=0[0m
[32mINFO - cjk-sd op=prepare opens=1 reads=2 bytes=148 open_us=124 read_us=3785 max_read_us=2067 wall_us=4588 scalars=133 lookups=0[0m
[32mINFO - cjk-sd op=bank opens=1 reads=1 bytes=44 open_us=88 read_us=1495 max_read_us=1495 wall_us=1646 scalars=0 lookups=0[0m
[32mINFO - cjk-sd op=stage opens=0 reads=0 bytes=0 open_us=0 read_us=0 max_read_us=0 wall_us=112 scalars=247 lookups=0[0m
[32mINFO - cjk-sd op=prepare opens=1 reads=2 bytes=110 open_us=124 read_us=3771 max_read_us=2076 wall_us=4616 scalars=133 lookups=0[0m
[32mINFO - cjk-sd op=bank opens=1 reads=1 bytes=44 open_us=89 read_us=1332 max_read_us=1332 wall_us=1485 scalars=0 lookups=0[0m
[32mINFO - cjk-sd op=stage opens=0 reads=0 bytes=0 open_us=0 read_us=0 max_read_us=0 wall_us=116 scalars=247 lookups=0[0m
[32mINFO - cjk-sd op=prepare opens=1 reads=2 bytes=136 open_us=125 read_us=4782 max_read_us=3084 wall_us=5587 scalars=133 lookups=0[0m
[32mINFO - cjk-sd op=bank opens=1 reads=1 bytes=44 open_us=93 read_us=1487 max_read_us=1487 wall_us=1643 scalars=0 lookups=0[0m
[32mINFO - cjk-sd op=stage opens=0 reads=0 bytes=0 open_us=0 read_us=0 max_read_us=0 wall_us=112 scalars=247 lookups=0[0m
[32mINFO - cjk-sd op=prepare opens=1 reads=2 bytes=148 open_us=133 read_us=3784 max_read_us=2060 wall_us=4642 scalars=133 lookups=0[0m
[32mINFO - cjk-sd op=bank opens=1 reads=1 bytes=44 open_us=93 read_us=1343 max_read_us=1343 wall_us=1500 scalars=0 lookups=0[0m
[32mINFO - cjk-sd op=stage opens=0 reads=0 bytes=0 open_us=0 read_us=0 max_read_us=0 wall_us=118 scalars=247 lookups=0[0m
[32mINFO - cjk-sd op=prepare opens=1 reads=2 bytes=152 open_us=136 read_us=3788 max_read_us=2069 wall_us=4602 scalars=133 lookups=0[0m
[32mINFO - cjk-sd op=bank opens=1 reads=1 bytes=44 open_us=92 read_us=1495 max_read_us=1495 wall_us=1650 scalars=0 lookups=0[0m
[32mINFO - cjk-sd op=stage opens=0 reads=0 bytes=0 open_us=0 read_us=0 max_read_us=0 wall_us=112 scalars=247 lookups=0[0m
[32mINFO - cjk-sd op=prepare opens=1 reads=2 bytes=144 open_us=111 read_us=3751 max_read_us=2078 wall_us=4584 scalars=133 lookups=0[0m
[32mINFO - cjk-sd op=bank opens=1 reads=1 bytes=44 open_us=93 read_us=1344 max_read_us=1344 wall_us=1501 scalars=0 lookups=0[0m
[32mINFO - cjk-sd op=stage opens=0 reads=0 bytes=0 open_us=0 read_us=0 max_read_us=0 wall_us=118 scalars=247 lookups=0[0m
[32mINFO - cjk-sd op=prepare opens=1 reads=2 bytes=148 open_us=129 read_us=3766 max_read_us=2068 wall_us=4576 scalars=133 lookups=0[0m
[32mINFO - cjk-sd op=bank opens=1 reads=1 bytes=44 open_us=97 read_us=1448 max_read_us=1448 wall_us=1615 scalars=0 lookups=0[0m
[32mINFO - cjk-sd op=stage opens=0 reads=0 bytes=0 open_us=0 read_us=0 max_read_us=0 wall_us=114 scalars=247 lookups=0[0m
[32mINFO - cjk-sd op=prepare opens=1 reads=2 bytes=144 open_us=116 read_us=3782 max_read_us=2073 wall_us=4607 scalars=133 lookups=0[0m
[32mINFO - cjk-sd op=bank opens=1 reads=1 bytes=44 open_us=93 read_us=1340 max_read_us=1340 wall_us=1511 scalars=0 lookups=0[0m
[32mINFO - cjk-sd op=stage opens=0 reads=0 bytes=0 open_us=0 read_us=0 max_read_us=0 wall_us=118 scalars=247 lookups=0[0m
[32mINFO - cjk-sd op=prepare opens=1 reads=2 bytes=148 open_us=125 read_us=3781 max_read_us=2064 wall_us=4602 scalars=133 lookups=0[0m
[32mINFO - stats: heap 8/158K peak 8K | stack free 68K hwm 17K | bat 98% 4.1V | up 0:00 | SD:ok[0m
[32mINFO - heap psram: used 12424 B, free 2084728 B, peak 12424 B; reserved 12432 / 1900544 B, peak 12432 B[0m
[32mINFO - cjk-sd op=bank opens=1 reads=1 bytes=44 open_us=93 read_us=1627 max_read_us=1627 wall_us=1803 scalars=0 lookups=0[0m
[32mINFO - cjk-sd op=stage opens=0 reads=0 bytes=0 open_us=0 read_us=0 max_read_us=0 wall_us=114 scalars=247 lookups=0[0m
[32mINFO - cjk-sd op=prepare opens=1 reads=2 bytes=148 open_us=136 read_us=3714 max_read_us=2049 wall_us=4597 scalars=133 lookups=0[0m
[32mINFO - cjk-sd op=bank opens=1 reads=1 bytes=44 open_us=93 read_us=1389 max_read_us=1389 wall_us=1556 scalars=0 lookups=0[0m
[32mINFO - cjk-sd op=stage opens=0 reads=0 bytes=0 open_us=0 read_us=0 max_read_us=0 wall_us=113 scalars=247 lookups=0[0m
[32mINFO - cjk-sd op=prepare opens=1 reads=2 bytes=122 open_us=124 read_us=3709 max_read_us=2037 wall_us=4515 scalars=133 lookups=0[0m
[32mINFO - cjk-sd op=bank opens=1 reads=1 bytes=44 open_us=93 read_us=1533 max_read_us=1533 wall_us=1700 scalars=0 lookups=0[0m
[32mINFO - cjk-sd op=stage opens=0 reads=0 bytes=0 open_us=0 read_us=0 max_read_us=0 wall_us=114 scalars=247 lookups=0[0m
[32mINFO - cjk-sd op=prepare opens=1 reads=2 bytes=148 open_us=125 read_us=4680 max_read_us=2986 wall_us=5557 scalars=133 lookups=0[0m
[32mINFO - cjk-sd op=bank opens=1 reads=1 bytes=44 open_us=93 read_us=1441 max_read_us=1441 wall_us=1604 scalars=0 lookups=0[0m
[32mINFO - cjk-sd op=stage opens=0 reads=0 bytes=0 open_us=0 read_us=0 max_read_us=0 wall_us=116 scalars=247 lookups=0[0m
[32mINFO - cjk-sd op=prepare opens=1 reads=2 bytes=148 open_us=124 read_us=4672 max_read_us=2992 wall_us=5477 scalars=133 lookups=0[0m
[32mINFO - cjk-sd op=bank opens=1 reads=1 bytes=44 open_us=93 read_us=1550 max_read_us=1550 wall_us=1717 scalars=0 lookups=0[0m
[32mINFO - cjk-sd op=stage opens=0 reads=0 bytes=0 open_us=0 read_us=0 max_read_us=0 wall_us=116 scalars=247 lookups=0[0m
[32mINFO - cjk: bitmap 44/133 glyphs, about 6951 ms left[0m
[32mINFO - cjk-sd op=prepare opens=1 reads=2 bytes=144 open_us=124 read_us=3719 max_read_us=2043 wall_us=5045 scalars=133 lookups=0[0m
[32mINFO - cjk-sd op=bank opens=1 reads=1 bytes=44 open_us=89 read_us=1417 max_read_us=1417 wall_us=1578 scalars=0 lookups=0[0m
[32mINFO - cjk-sd op=stage opens=0 reads=0 bytes=0 open_us=0 read_us=0 max_read_us=0 wall_us=116 scalars=247 lookups=0[0m
[32mINFO - cjk-sd op=prepare opens=1 reads=2 bytes=148 open_us=122 read_us=3740 max_read_us=2083 wall_us=4542 scalars=133 lookups=0[0m
[32mINFO - cjk-sd op=bank opens=1 reads=1 bytes=44 open_us=89 read_us=1531 max_read_us=1531 wall_us=1690 scalars=0 lookups=0[0m
[32mINFO - cjk-sd op=stage opens=0 reads=0 bytes=0 open_us=0 read_us=0 max_read_us=0 wall_us=116 scalars=247 lookups=0[0m
[32mINFO - cjk-sd op=prepare opens=1 reads=2 bytes=119 open_us=124 read_us=4696 max_read_us=3008 wall_us=5536 scalars=133 lookups=0[0m
[32mINFO - cjk-sd op=bank opens=1 reads=1 bytes=44 open_us=93 read_us=1386 max_read_us=1386 wall_us=1550 scalars=0 lookups=0[0m
[32mINFO - cjk-sd op=stage opens=0 reads=0 bytes=0 open_us=0 read_us=0 max_read_us=0 wall_us=116 scalars=247 lookups=0[0m
[32mINFO - cjk-sd op=prepare opens=1 reads=2 bytes=122 open_us=120 read_us=4719 max_read_us=3031 wall_us=5521 scalars=133 lookups=0[0m
[32mINFO - cjk-sd op=bank opens=1 reads=1 bytes=44 open_us=93 read_us=1550 max_read_us=1550 wall_us=1714 scalars=0 lookups=0[0m
[32mINFO - cjk-sd op=stage opens=0 reads=0 bytes=0 open_us=0 read_us=0 max_read_us=0 wall_us=116 scalars=247 lookups=0[0m
[32mINFO - cjk-sd op=prepare opens=1 reads=2 bytes=152 open_us=125 read_us=3722 max_read_us=2048 wall_us=4565 scalars=133 lookups=0[0m
[32mINFO - cjk-sd op=bank opens=1 reads=1 bytes=44 open_us=93 read_us=1408 max_read_us=1408 wall_us=1572 scalars=0 lookups=0[0m
[32mINFO - cjk-sd op=stage opens=0 reads=0 bytes=0 open_us=0 read_us=0 max_read_us=0 wall_us=116 scalars=247 lookups=0[0m
[32mINFO - cjk-sd op=prepare opens=1 reads=2 bytes=144 open_us=124 read_us=3751 max_read_us=2090 wall_us=4557 scalars=133 lookups=0[0m
[32mINFO - cjk-sd op=bank opens=1 reads=1 bytes=44 open_us=95 read_us=1530 max_read_us=1530 wall_us=1695 scalars=0 lookups=0[0m
[32mINFO - cjk-sd op=stage opens=0 reads=0 bytes=0 open_us=0 read_us=0 max_read_us=0 wall_us=116 scalars=247 lookups=0[0m
[32mINFO - cjk-sd op=prepare opens=1 reads=2 bytes=136 open_us=124 read_us=3717 max_read_us=2039 wall_us=4562 scalars=133 lookups=0[0m
[32mINFO - cjk-sd op=bank opens=1 reads=1 bytes=44 open_us=92 read_us=1402 max_read_us=1402 wall_us=1567 scalars=0 lookups=0[0m
[32mINFO - cjk-sd op=stage opens=0 reads=0 bytes=0 open_us=0 read_us=0 max_read_us=0 wall_us=116 scalars=247 lookups=0[0m
[32mINFO - cjk-sd op=prepare opens=1 reads=2 bytes=132 open_us=120 read_us=3749 max_read_us=2070 wall_us=4551 scalars=133 lookups=0[0m
[32mINFO - cjk-sd op=bank opens=1 reads=1 bytes=44 open_us=93 read_us=1545 max_read_us=1545 wall_us=1710 scalars=0 lookups=0[0m
[32mINFO - cjk-sd op=stage opens=0 reads=0 bytes=0 open_us=0 read_us=0 max_read_us=0 wall_us=116 scalars=247 lookups=0[0m
[32mINFO - cjk-sd op=prepare opens=1 reads=2 bytes=152 open_us=124 read_us=3734 max_read_us=2044 wall_us=4578 scalars=133 lookups=0[0m
[32mINFO - cjk-sd op=bank opens=1 reads=1 bytes=44 open_us=93 read_us=1387 max_read_us=1387 wall_us=1552 scalars=0 lookups=0[0m
[32mINFO - cjk-sd op=stage opens=0 reads=0 bytes=0 open_us=0 read_us=0 max_read_us=0 wall_us=116 scalars=247 lookups=0[0m
[32mINFO - cjk-sd op=prepare opens=1 reads=2 bytes=148 open_us=124 read_us=3740 max_read_us=2079 wall_us=4545 scalars=133 lookups=0[0m
[32mINFO - cjk-sd op=bank opens=1 reads=1 bytes=44 open_us=93 read_us=1527 max_read_us=1527 wall_us=1691 scalars=0 lookups=0[0m
[32mINFO - cjk-sd op=stage opens=0 reads=0 bytes=0 open_us=0 read_us=0 max_read_us=0 wall_us=116 scalars=247 lookups=0[0m
[32mINFO - cjk-sd op=prepare opens=1 reads=2 bytes=122 open_us=125 read_us=3731 max_read_us=2042 wall_us=4572 scalars=133 lookups=0[0m
[32mINFO - cjk-sd op=bank opens=1 reads=1 bytes=44 open_us=92 read_us=1392 max_read_us=1392 wall_us=1556 scalars=0 lookups=0[0m
[32mINFO - cjk-sd op=stage opens=0 reads=0 bytes=0 open_us=0 read_us=0 max_read_us=0 wall_us=116 scalars=247 lookups=0[0m
[32mINFO - cjk-sd op=prepare opens=1 reads=2 bytes=148 open_us=120 read_us=3750 max_read_us=2073 wall_us=4548 scalars=133 lookups=0[0m
[32mINFO - cjk-sd op=bank opens=1 reads=1 bytes=44 open_us=93 read_us=1537 max_read_us=1537 wall_us=1701 scalars=0 lookups=0[0m
[32mINFO - cjk-sd op=stage opens=0 reads=0 bytes=0 open_us=0 read_us=0 max_read_us=0 wall_us=116 scalars=247 lookups=0[0m
[32mINFO - cjk-sd op=prepare opens=1 reads=2 bytes=148 open_us=124 read_us=3736 max_read_us=2062 wall_us=4577 scalars=133 lookups=0[0m
[32mINFO - cjk-sd op=bank opens=1 reads=1 bytes=44 open_us=93 read_us=1389 max_read_us=1389 wall_us=1556 scalars=0 lookups=0[0m
[32mINFO - cjk-sd op=stage opens=0 reads=0 bytes=0 open_us=0 read_us=0 max_read_us=0 wall_us=116 scalars=247 lookups=0[0m
[32mINFO - cjk-sd op=prepare opens=1 reads=2 bytes=148 open_us=120 read_us=3750 max_read_us=2090 wall_us=4548 scalars=133 lookups=0[0m
[32mINFO - cjk-sd op=bank opens=1 reads=1 bytes=44 open_us=93 read_us=1545 max_read_us=1545 wall_us=1710 scalars=0 lookups=0[0m
[32mINFO - cjk-sd op=stage opens=0 reads=0 bytes=0 open_us=0 read_us=0 max_read_us=0 wall_us=116 scalars=247 lookups=0[0m
[32mINFO - cjk-sd op=prepare opens=1 reads=2 bytes=152 open_us=125 read_us=4764 max_read_us=3078 wall_us=5606 scalars=133 lookups=0[0m
[32mINFO - cjk-sd op=bank opens=1 reads=1 bytes=44 open_us=93 read_us=1372 max_read_us=1372 wall_us=1536 scalars=0 lookups=0[0m
[32mINFO - cjk-sd op=stage opens=0 reads=0 bytes=0 open_us=0 read_us=0 max_read_us=0 wall_us=116 scalars=247 lookups=0[0m
[32mINFO - cjk-sd op=prepare opens=1 reads=2 bytes=148 open_us=120 read_us=3765 max_read_us=2063 wall_us=4563 scalars=133 lookups=0[0m
[32mINFO - cjk-sd op=bank opens=1 reads=1 bytes=44 open_us=95 read_us=1555 max_read_us=1555 wall_us=1721 scalars=0 lookups=0[0m
[32mINFO - cjk-sd op=stage opens=0 reads=0 bytes=0 open_us=0 read_us=0 max_read_us=0 wall_us=116 scalars=247 lookups=0[0m
[32mINFO - cjk-sd op=prepare opens=1 reads=2 bytes=148 open_us=124 read_us=3736 max_read_us=2071 wall_us=4578 scalars=133 lookups=0[0m
[32mINFO - cjk-sd op=bank opens=1 reads=1 bytes=44 open_us=93 read_us=1383 max_read_us=1383 wall_us=1548 scalars=0 lookups=0[0m
[32mINFO - cjk-sd op=stage opens=0 reads=0 bytes=0 open_us=0 read_us=0 max_read_us=0 wall_us=116 scalars=247 lookups=0[0m
[32mINFO - cjk-sd op=prepare opens=1 reads=2 bytes=152 open_us=124 read_us=4683 max_read_us=3000 wall_us=5498 scalars=133 lookups=0[0m
[32mINFO - cjk-sd op=bank opens=1 reads=1 bytes=44 open_us=93 read_us=1531 max_read_us=1531 wall_us=1696 scalars=0 lookups=0[0m
[32mINFO - cjk-sd op=stage opens=0 reads=0 bytes=0 open_us=0 read_us=0 max_read_us=0 wall_us=116 scalars=247 lookups=0[0m
[32mINFO - cjk-sd op=prepare opens=1 reads=2 bytes=148 open_us=125 read_us=4713 max_read_us=3016 wall_us=5564 scalars=133 lookups=0[0m
[32mINFO - cjk-sd op=bank opens=1 reads=1 bytes=44 open_us=89 read_us=1363 max_read_us=1363 wall_us=1523 scalars=0 lookups=0[0m
[32mINFO - cjk-sd op=stage opens=0 reads=0 bytes=0 open_us=0 read_us=0 max_read_us=0 wall_us=116 scalars=247 lookups=0[0m
[32mINFO - cjk-sd op=prepare opens=1 reads=2 bytes=148 open_us=120 read_us=3799 max_read_us=2087 wall_us=4616 scalars=133 lookups=0[0m
[32mINFO - cjk-sd op=bank opens=1 reads=1 bytes=44 open_us=93 read_us=1557 max_read_us=1557 wall_us=1721 scalars=0 lookups=0[0m
[32mINFO - cjk-sd op=stage opens=0 reads=0 bytes=0 open_us=0 read_us=0 max_read_us=0 wall_us=116 scalars=247 lookups=0[0m
[32mINFO - cjk-sd op=prepare opens=1 reads=2 bytes=148 open_us=124 read_us=3743 max_read_us=2075 wall_us=4603 scalars=133 lookups=0[0m
[32mINFO - cjk-sd op=bank opens=1 reads=1 bytes=44 open_us=93 read_us=1363 max_read_us=1363 wall_us=1528 scalars=0 lookups=0[0m
[32mINFO - cjk-sd op=stage opens=0 reads=0 bytes=0 open_us=0 read_us=0 max_read_us=0 wall_us=116 scalars=247 lookups=0[0m
[32mINFO - cjk-sd op=prepare opens=1 reads=2 bytes=148 open_us=120 read_us=3752 max_read_us=2074 wall_us=4555 scalars=133 lookups=0[0m
[32mINFO - cjk-sd op=bank opens=1 reads=1 bytes=44 open_us=93 read_us=1535 max_read_us=1535 wall_us=1699 scalars=0 lookups=0[0m
[32mINFO - cjk-sd op=stage opens=0 reads=0 bytes=0 open_us=0 read_us=0 max_read_us=0 wall_us=116 scalars=247 lookups=0[0m
[32mINFO - cjk-sd op=prepare opens=1 reads=2 bytes=152 open_us=124 read_us=3755 max_read_us=2061 wall_us=4597 scalars=133 lookups=0[0m
[32mINFO - cjk-sd op=bank opens=1 reads=1 bytes=44 open_us=95 read_us=1364 max_read_us=1364 wall_us=1538 scalars=0 lookups=0[0m
[32mINFO - cjk-sd op=stage opens=0 reads=0 bytes=0 open_us=0 read_us=0 max_read_us=0 wall_us=116 scalars=247 lookups=0[0m
[32mINFO - cjk-sd op=prepare opens=1 reads=2 bytes=148 open_us=120 read_us=3765 max_read_us=2064 wall_us=4565 scalars=133 lookups=0[0m
[32mINFO - cjk-sd op=bank opens=1 reads=1 bytes=44 open_us=93 read_us=1554 max_read_us=1554 wall_us=1719 scalars=0 lookups=0[0m
[32mINFO - cjk-sd op=stage opens=0 reads=0 bytes=0 open_us=0 read_us=0 max_read_us=0 wall_us=116 scalars=247 lookups=0[0m
[32mINFO - cjk-sd op=prepare opens=1 reads=2 bytes=148 open_us=124 read_us=3740 max_read_us=2071 wall_us=4583 scalars=133 lookups=0[0m
[32mINFO - cjk-sd op=bank opens=1 reads=1 bytes=44 open_us=92 read_us=1385 max_read_us=1385 wall_us=1549 scalars=0 lookups=0[0m
[32mINFO - cjk-sd op=stage opens=0 reads=0 bytes=0 open_us=0 read_us=0 max_read_us=0 wall_us=116 scalars=247 lookups=0[0m
[32mINFO - cjk-sd op=prepare opens=1 reads=2 bytes=148 open_us=121 read_us=3772 max_read_us=2086 wall_us=4571 scalars=133 lookups=0[0m
[32mINFO - cjk-sd op=bank opens=1 reads=1 bytes=44 open_us=93 read_us=1543 max_read_us=1543 wall_us=1707 scalars=0 lookups=0[0m
[32mINFO - cjk-sd op=stage opens=0 reads=0 bytes=0 open_us=0 read_us=0 max_read_us=0 wall_us=116 scalars=247 lookups=0[0m
[32mINFO - cjk-sd op=prepare opens=1 reads=2 bytes=148 open_us=124 read_us=3746 max_read_us=2060 wall_us=4596 scalars=133 lookups=0[0m
[32mINFO - cjk-sd op=bank opens=1 reads=1 bytes=44 open_us=93 read_us=1392 max_read_us=1392 wall_us=1557 scalars=0 lookups=0[0m
[32mINFO - cjk-sd op=stage opens=0 reads=0 bytes=0 open_us=0 read_us=0 max_read_us=0 wall_us=116 scalars=247 lookups=0[0m
[32mINFO - cjk-sd op=prepare opens=1 reads=2 bytes=116 open_us=124 read_us=4748 max_read_us=3065 wall_us=5560 scalars=133 lookups=0[0m
[32mINFO - cjk-sd op=bank opens=1 reads=1 bytes=44 open_us=88 read_us=1577 max_read_us=1577 wall_us=1740 scalars=0 lookups=0[0m
[32mINFO - cjk-sd op=stage opens=0 reads=0 bytes=0 open_us=0 read_us=0 max_read_us=0 wall_us=116 scalars=247 lookups=0[0m
[32mINFO - cjk-sd op=prepare opens=1 reads=2 bytes=152 open_us=125 read_us=3717 max_read_us=2063 wall_us=4559 scalars=133 lookups=0[0m
[32mINFO - cjk-sd op=bank opens=1 reads=1 bytes=44 open_us=97 read_us=1382 max_read_us=1382 wall_us=1555 scalars=0 lookups=0[0m
[32mINFO - cjk-sd op=stage opens=0 reads=0 bytes=0 open_us=0 read_us=0 max_read_us=0 wall_us=116 scalars=247 lookups=0[0m
[32mINFO - cjk-sd op=prepare opens=1 reads=2 bytes=144 open_us=122 read_us=3747 max_read_us=2079 wall_us=4551 scalars=133 lookups=0[0m
[32mINFO - cjk-sd op=bank opens=1 reads=1 bytes=44 open_us=93 read_us=1549 max_read_us=1549 wall_us=1718 scalars=0 lookups=0[0m
[32mINFO - cjk-sd op=stage opens=0 reads=0 bytes=0 open_us=0 read_us=0 max_read_us=0 wall_us=116 scalars=247 lookups=0[0m
[32mINFO - cjk-sd op=prepare opens=1 reads=2 bytes=156 open_us=126 read_us=3733 max_read_us=2064 wall_us=4586 scalars=133 lookups=0[0m
[32mINFO - cjk-sd op=bank opens=1 reads=1 bytes=44 open_us=104 read_us=1398 max_read_us=1398 wall_us=1580 scalars=0 lookups=0[0m
[32mINFO - cjk-sd op=stage opens=0 reads=0 bytes=0 open_us=0 read_us=0 max_read_us=0 wall_us=116 scalars=247 lookups=0[0m
[32mINFO - cjk-sd op=prepare opens=1 reads=2 bytes=144 open_us=124 read_us=4729 max_read_us=3047 wall_us=5537 scalars=133 lookups=0[0m
[32mINFO - cjk-sd op=bank opens=1 reads=1 bytes=44 open_us=89 read_us=1555 max_read_us=1555 wall_us=1715 scalars=0 lookups=0[0m
[32mINFO - cjk-sd op=stage opens=0 reads=0 bytes=0 open_us=0 read_us=0 max_read_us=0 wall_us=116 scalars=247 lookups=0[0m
[32mINFO - cjk-sd op=prepare opens=1 reads=2 bytes=122 open_us=125 read_us=3729 max_read_us=2079 wall_us=4581 scalars=133 lookups=0[0m
[32mINFO - cjk-sd op=bank opens=1 reads=1 bytes=44 open_us=93 read_us=1409 max_read_us=1409 wall_us=1574 scalars=0 lookups=0[0m
[32mINFO - cjk-sd op=stage opens=0 reads=0 bytes=0 open_us=0 read_us=0 max_read_us=0 wall_us=116 scalars=247 lookups=0[0m
[32mINFO - cjk-sd op=prepare opens=1 reads=2 bytes=144 open_us=124 read_us=3748 max_read_us=2089 wall_us=4562 scalars=133 lookups=0[0m
[32mINFO - cjk-sd op=bank opens=1 reads=1 bytes=44 open_us=100 read_us=1546 max_read_us=1546 wall_us=1729 scalars=0 lookups=0[0m
[32mINFO - cjk-sd op=stage opens=0 reads=0 bytes=0 open_us=0 read_us=0 max_read_us=0 wall_us=116 scalars=247 lookups=0[0m
[32mINFO - cjk-sd op=prepare opens=1 reads=2 bytes=152 open_us=124 read_us=3721 max_read_us=2054 wall_us=4570 scalars=133 lookups=0[0m
[32mINFO - cjk-sd op=bank opens=1 reads=1 bytes=44 open_us=96 read_us=1400 max_read_us=1400 wall_us=1572 scalars=0 lookups=0[0m
[32mINFO - cjk-sd op=stage opens=0 reads=0 bytes=0 open_us=0 read_us=0 max_read_us=0 wall_us=123 scalars=247 lookups=0[0m
[32mINFO - cjk-sd op=prepare opens=1 reads=2 bytes=152 open_us=125 read_us=3759 max_read_us=2079 wall_us=4564 scalars=133 lookups=0[0m
[32mINFO - cjk-sd op=bank opens=1 reads=1 bytes=44 open_us=93 read_us=1555 max_read_us=1555 wall_us=1723 scalars=0 lookups=0[0m
[32mINFO - cjk-sd op=stage opens=0 reads=0 bytes=0 open_us=0 read_us=0 max_read_us=0 wall_us=116 scalars=247 lookups=0[0m
[32mINFO - cjk-sd op=prepare opens=1 reads=2 bytes=148 open_us=125 read_us=3726 max_read_us=2071 wall_us=4570 scalars=133 lookups=0[0m
[32mINFO - cjk-sd op=bank opens=1 reads=1 bytes=44 open_us=93 read_us=1403 max_read_us=1403 wall_us=1568 scalars=0 lookups=0[0m
[32mINFO - cjk-sd op=stage opens=0 reads=0 bytes=0 open_us=0 read_us=0 max_read_us=0 wall_us=116 scalars=247 lookups=0[0m
[32mINFO - cjk-sd op=prepare opens=1 reads=2 bytes=119 open_us=120 read_us=3715 max_read_us=2055 wall_us=4522 scalars=133 lookups=0[0m
[32mINFO - cjk-sd op=bank opens=1 reads=1 bytes=44 open_us=92 read_us=1544 max_read_us=1544 wall_us=1708 scalars=0 lookups=0[0m
[32mINFO - cjk-sd op=stage opens=0 reads=0 bytes=0 open_us=0 read_us=0 max_read_us=0 wall_us=116 scalars=247 lookups=0[0m
[32mINFO - cjk-sd op=prepare opens=1 reads=2 bytes=148 open_us=124 read_us=3721 max_read_us=2058 wall_us=4566 scalars=133 lookups=0[0m
[32mINFO - cjk-sd op=bank opens=1 reads=1 bytes=44 open_us=89 read_us=1397 max_read_us=1397 wall_us=1557 scalars=0 lookups=0[0m
[32mINFO - cjk-sd op=stage opens=0 reads=0 bytes=0 open_us=0 read_us=0 max_read_us=0 wall_us=116 scalars=247 lookups=0[0m
[32mINFO - cjk-sd op=prepare opens=1 reads=2 bytes=152 open_us=124 read_us=3761 max_read_us=2084 wall_us=4571 scalars=133 lookups=0[0m
[32mINFO - cjk-sd op=bank opens=1 reads=1 bytes=44 open_us=89 read_us=1577 max_read_us=1577 wall_us=1737 scalars=0 lookups=0[0m
[32mINFO - cjk-sd op=stage opens=0 reads=0 bytes=0 open_us=0 read_us=0 max_read_us=0 wall_us=116 scalars=247 lookups=0[0m
[32mINFO - cjk-sd op=prepare opens=1 reads=2 bytes=148 open_us=125 read_us=3729 max_read_us=2070 wall_us=4574 scalars=133 lookups=0[0m
[32mINFO - cjk-sd op=bank opens=1 reads=1 bytes=44 open_us=89 read_us=1396 max_read_us=1396 wall_us=1556 scalars=0 lookups=0[0m
[32mINFO - cjk-sd op=stage opens=0 reads=0 bytes=0 open_us=0 read_us=0 max_read_us=0 wall_us=116 scalars=247 lookups=0[0m
[32mINFO - cjk-sd op=prepare opens=1 reads=2 bytes=144 open_us=120 read_us=3728 max_read_us=2086 wall_us=4531 scalars=133 lookups=0[0m
[32mINFO - cjk-sd op=bank opens=1 reads=1 bytes=44 open_us=89 read_us=1586 max_read_us=1586 wall_us=1747 scalars=0 lookups=0[0m
[32mINFO - cjk-sd op=stage opens=0 reads=0 bytes=0 open_us=0 read_us=0 max_read_us=0 wall_us=116 scalars=247 lookups=0[0m
[32mINFO - cjk-sd op=prepare opens=1 reads=2 bytes=148 open_us=124 read_us=3716 max_read_us=2063 wall_us=4563 scalars=133 lookups=0[0m
[32mINFO - cjk-sd op=bank opens=1 reads=1 bytes=44 open_us=89 read_us=1401 max_read_us=1401 wall_us=1561 scalars=0 lookups=0[0m
[32mINFO - cjk-sd op=stage opens=0 reads=0 bytes=0 open_us=0 read_us=0 max_read_us=0 wall_us=116 scalars=247 lookups=0[0m
[32mINFO - cjk-sd op=prepare opens=1 reads=2 bytes=148 open_us=120 read_us=4749 max_read_us=3098 wall_us=5556 scalars=133 lookups=0[0m
[32mINFO - cjk-sd op=bank opens=1 reads=1 bytes=44 open_us=89 read_us=1571 max_read_us=1571 wall_us=1731 scalars=0 lookups=0[0m
[32mINFO - cjk-sd op=stage opens=0 reads=0 bytes=0 open_us=0 read_us=0 max_read_us=0 wall_us=116 scalars=247 lookups=0[0m
[32mINFO - cjk-sd op=prepare opens=1 reads=2 bytes=148 open_us=125 read_us=3717 max_read_us=2079 wall_us=4563 scalars=133 lookups=0[0m
[32mINFO - cjk-sd op=bank opens=1 reads=1 bytes=44 open_us=89 read_us=1431 max_read_us=1431 wall_us=1591 scalars=0 lookups=0[0m
[32mINFO - cjk-sd op=stage opens=0 reads=0 bytes=0 open_us=0 read_us=0 max_read_us=0 wall_us=116 scalars=247 lookups=0[0m
[32mINFO - cjk-sd op=prepare opens=1 reads=2 bytes=116 open_us=124 read_us=3733 max_read_us=2094 wall_us=4550 scalars=133 lookups=0[0m
[32mINFO - cjk-sd op=bank opens=1 reads=1 bytes=44 open_us=89 read_us=1569 max_read_us=1569 wall_us=1729 scalars=0 lookups=0[0m
[32mINFO - cjk-sd op=stage opens=0 reads=0 bytes=0 open_us=0 read_us=0 max_read_us=0 wall_us=116 scalars=247 lookups=0[0m
[32mINFO - cjk-sd op=prepare opens=1 reads=2 bytes=122 open_us=124 read_us=3716 max_read_us=2062 wall_us=4567 scalars=133 lookups=0[0m
[32mINFO - cjk-sd op=bank opens=1 reads=1 bytes=44 open_us=89 read_us=1407 max_read_us=1407 wall_us=1567 scalars=0 lookups=0[0m
[32mINFO - cjk-sd op=stage opens=0 reads=0 bytes=0 open_us=0 read_us=0 max_read_us=0 wall_us=116 scalars=247 lookups=0[0m
[32mINFO - cjk-sd op=prepare opens=1 reads=2 bytes=140 open_us=120 read_us=3740 max_read_us=2094 wall_us=4553 scalars=133 lookups=0[0m
[32mINFO - cjk-sd op=bank opens=1 reads=1 bytes=44 open_us=93 read_us=1603 max_read_us=1603 wall_us=1768 scalars=0 lookups=0[0m
[32mINFO - cjk-sd op=stage opens=0 reads=0 bytes=0 open_us=0 read_us=0 max_read_us=0 wall_us=116 scalars=247 lookups=0[0m
[32mINFO - cjk-sd op=prepare opens=1 reads=2 bytes=144 open_us=124 read_us=3716 max_read_us=2081 wall_us=4580 scalars=133 lookups=0[0m
[32mINFO - cjk-sd op=bank opens=1 reads=1 bytes=44 open_us=93 read_us=1441 max_read_us=1441 wall_us=1605 scalars=0 lookups=0[0m
[32mINFO - cjk-sd op=stage opens=0 reads=0 bytes=0 open_us=0 read_us=0 max_read_us=0 wall_us=116 scalars=247 lookups=0[0m
[32mINFO - cjk-sd op=prepare opens=1 reads=2 bytes=148 open_us=120 read_us=3732 max_read_us=2097 wall_us=4536 scalars=133 lookups=0[0m
[32mINFO - cjk-sd op=bank opens=1 reads=1 bytes=44 open_us=93 read_us=1576 max_read_us=1576 wall_us=1740 scalars=0 lookups=0[0m
[32mINFO - cjk-sd op=stage opens=0 reads=0 bytes=0 open_us=0 read_us=0 max_read_us=0 wall_us=116 scalars=247 lookups=0[0m
[32mINFO - cjk-sd op=prepare opens=1 reads=2 bytes=122 open_us=125 read_us=3718 max_read_us=2072 wall_us=4568 scalars=133 lookups=0[0m
[32mINFO - cjk-sd op=bank opens=1 reads=1 bytes=44 open_us=93 read_us=1417 max_read_us=1417 wall_us=1582 scalars=0 lookups=0[0m
[32mINFO - cjk-sd op=stage opens=0 reads=0 bytes=0 open_us=0 read_us=0 max_read_us=0 wall_us=116 scalars=247 lookups=0[0m
[32mINFO - cjk: bitmap 95/133 glyphs, about 2940 ms left[0m
[32mINFO - cjk-sd op=prepare opens=1 reads=2 bytes=156 open_us=120 read_us=3734 max_read_us=2098 wall_us=5027 scalars=133 lookups=0[0m
[32mINFO - cjk-sd op=bank opens=1 reads=1 bytes=44 open_us=89 read_us=1601 max_read_us=1601 wall_us=1762 scalars=0 lookups=0[0m
[32mINFO - cjk-sd op=stage opens=0 reads=0 bytes=0 open_us=0 read_us=0 max_read_us=0 wall_us=116 scalars=247 lookups=0[0m
[32mINFO - cjk-sd op=prepare opens=1 reads=2 bytes=148 open_us=124 read_us=4723 max_read_us=3095 wall_us=5575 scalars=133 lookups=0[0m
[32mINFO - cjk-sd op=bank opens=1 reads=1 bytes=44 open_us=93 read_us=1444 max_read_us=1444 wall_us=1608 scalars=0 lookups=0[0m
[32mINFO - cjk-sd op=stage opens=0 reads=0 bytes=0 open_us=0 read_us=0 max_read_us=0 wall_us=116 scalars=247 lookups=0[0m
[32mINFO - cjk-sd op=prepare opens=1 reads=2 bytes=148 open_us=120 read_us=3740 max_read_us=2108 wall_us=4544 scalars=133 lookups=0[0m
[32mINFO - cjk-sd op=bank opens=1 reads=1 bytes=44 open_us=88 read_us=1585 max_read_us=1585 wall_us=1744 scalars=0 lookups=0[0m
[32mINFO - cjk-sd op=stage opens=0 reads=0 bytes=0 open_us=0 read_us=0 max_read_us=0 wall_us=116 scalars=247 lookups=0[0m
[32mINFO - cjk-sd op=prepare opens=1 reads=2 bytes=148 open_us=124 read_us=3727 max_read_us=2076 wall_us=4580 scalars=133 lookups=0[0m
[32mINFO - cjk-sd op=bank opens=1 reads=1 bytes=44 open_us=89 read_us=1415 max_read_us=1415 wall_us=1575 scalars=0 lookups=0[0m
[32mINFO - cjk-sd op=stage opens=0 reads=0 bytes=0 open_us=0 read_us=0 max_read_us=0 wall_us=116 scalars=247 lookups=0[0m
[32mINFO - cjk-sd op=prepare opens=1 reads=2 bytes=152 open_us=124 read_us=3709 max_read_us=2059 wall_us=4527 scalars=133 lookups=0[0m
[32mINFO - cjk-sd op=bank opens=1 reads=1 bytes=44 open_us=95 read_us=1593 max_read_us=1593 wall_us=1759 scalars=0 lookups=0[0m
[32mINFO - cjk-sd op=stage opens=0 reads=0 bytes=0 open_us=0 read_us=0 max_read_us=0 wall_us=116 scalars=247 lookups=0[0m
[32mINFO - cjk-sd op=prepare opens=1 reads=2 bytes=116 open_us=126 read_us=3677 max_read_us=2047 wall_us=4537 scalars=133 lookups=0[0m
[32mINFO - cjk-sd op=bank opens=1 reads=1 bytes=44 open_us=92 read_us=1436 max_read_us=1436 wall_us=1598 scalars=0 lookups=0[0m
[32mINFO - cjk-sd op=stage opens=0 reads=0 bytes=0 open_us=0 read_us=0 max_read_us=0 wall_us=116 scalars=247 lookups=0[0m
[32mINFO - cjk-sd op=prepare opens=1 reads=2 bytes=148 open_us=121 read_us=3698 max_read_us=2063 wall_us=4513 scalars=133 lookups=0[0m
[32mINFO - cjk-sd op=bank opens=1 reads=1 bytes=44 open_us=96 read_us=1586 max_read_us=1586 wall_us=1752 scalars=0 lookups=0[0m
[32mINFO - cjk-sd op=stage opens=0 reads=0 bytes=0 open_us=0 read_us=0 max_read_us=0 wall_us=116 scalars=247 lookups=0[0m
[32mINFO - cjk-sd op=prepare opens=1 reads=2 bytes=148 open_us=125 read_us=3733 max_read_us=2080 wall_us=4585 scalars=133 lookups=0[0m
[32mINFO - stats: heap 8/158K peak 8K | stack free 68K hwm 17K | bat 98% 4.1V | up 0:01 | SD:ok[0m
[32mINFO - heap psram: used 12424 B, free 2084728 B, peak 12424 B; reserved 12432 / 1900544 B, peak 12432 B[0m
[32mINFO - cjk-sd op=bank opens=1 reads=1 bytes=44 open_us=97 read_us=1649 max_read_us=1649 wall_us=1832 scalars=0 lookups=0[0m
[32mINFO - cjk-sd op=stage opens=0 reads=0 bytes=0 open_us=0 read_us=0 max_read_us=0 wall_us=116 scalars=247 lookups=0[0m
[32mINFO - cjk-sd op=prepare opens=1 reads=2 bytes=144 open_us=132 read_us=4725 max_read_us=3109 wall_us=5581 scalars=133 lookups=0[0m
[32mINFO - cjk-sd op=bank opens=1 reads=1 bytes=44 open_us=93 read_us=1562 max_read_us=1562 wall_us=1726 scalars=0 lookups=0[0m
[32mINFO - cjk-sd op=stage opens=0 reads=0 bytes=0 open_us=0 read_us=0 max_read_us=0 wall_us=116 scalars=247 lookups=0[0m
[32mINFO - cjk-sd op=prepare opens=1 reads=2 bytes=148 open_us=132 read_us=3752 max_read_us=2090 wall_us=4613 scalars=133 lookups=0[0m
[32mINFO - cjk-sd op=bank opens=1 reads=1 bytes=44 open_us=93 read_us=1496 max_read_us=1496 wall_us=1661 scalars=0 lookups=0[0m
[32mINFO - cjk-sd op=stage opens=0 reads=0 bytes=0 open_us=0 read_us=0 max_read_us=0 wall_us=116 scalars=247 lookups=0[0m
[32mINFO - cjk-sd op=prepare opens=1 reads=2 bytes=148 open_us=117 read_us=3787 max_read_us=2109 wall_us=4627 scalars=133 lookups=0[0m
[32mINFO - cjk-sd op=bank opens=1 reads=1 bytes=44 open_us=89 read_us=1598 max_read_us=1598 wall_us=1759 scalars=0 lookups=0[0m
[32mINFO - cjk-sd op=stage opens=0 reads=0 bytes=0 open_us=0 read_us=0 max_read_us=0 wall_us=116 scalars=247 lookups=0[0m
[32mINFO - cjk-sd op=prepare opens=1 reads=2 bytes=152 open_us=128 read_us=3757 max_read_us=2097 wall_us=4623 scalars=133 lookups=0[0m
[32mINFO - cjk-sd op=bank opens=1 reads=1 bytes=44 open_us=89 read_us=1410 max_read_us=1410 wall_us=1575 scalars=0 lookups=0[0m
[32mINFO - cjk-sd op=stage opens=0 reads=0 bytes=0 open_us=0 read_us=0 max_read_us=0 wall_us=116 scalars=247 lookups=0[0m
[32mINFO - cjk-sd op=prepare opens=1 reads=2 bytes=148 open_us=117 read_us=4762 max_read_us=3106 wall_us=5567 scalars=133 lookups=0[0m
[32mINFO - cjk-sd op=bank opens=1 reads=1 bytes=44 open_us=93 read_us=1581 max_read_us=1581 wall_us=1745 scalars=0 lookups=0[0m
[32mINFO - cjk-sd op=stage opens=0 reads=0 bytes=0 open_us=0 read_us=0 max_read_us=0 wall_us=120 scalars=247 lookups=0[0m
[32mINFO - cjk-sd op=prepare opens=1 reads=2 bytes=148 open_us=128 read_us=3749 max_read_us=2080 wall_us=4608 scalars=133 lookups=0[0m
[32mINFO - cjk-sd op=bank opens=1 reads=1 bytes=44 open_us=89 read_us=1395 max_read_us=1395 wall_us=1558 scalars=0 lookups=0[0m
[32mINFO - cjk-sd op=stage opens=0 reads=0 bytes=0 open_us=0 read_us=0 max_read_us=0 wall_us=116 scalars=247 lookups=0[0m
[32mINFO - cjk-sd op=prepare opens=1 reads=2 bytes=148 open_us=116 read_us=3767 max_read_us=2092 wall_us=4565 scalars=133 lookups=0[0m
[32mINFO - cjk-sd op=bank opens=1 reads=1 bytes=44 open_us=89 read_us=1611 max_read_us=1611 wall_us=1771 scalars=0 lookups=0[0m
[32mINFO - cjk-sd op=stage opens=0 reads=0 bytes=0 open_us=0 read_us=0 max_read_us=0 wall_us=118 scalars=247 lookups=0[0m
[32mINFO - cjk-sd op=prepare opens=1 reads=2 bytes=148 open_us=129 read_us=3734 max_read_us=2091 wall_us=4591 scalars=133 lookups=0[0m
[32mINFO - cjk-sd op=bank opens=1 reads=1 bytes=44 open_us=89 read_us=1413 max_read_us=1413 wall_us=1574 scalars=0 lookups=0[0m
[32mINFO - cjk-sd op=stage opens=0 reads=0 bytes=0 open_us=0 read_us=0 max_read_us=0 wall_us=116 scalars=247 lookups=0[0m
[32mINFO - cjk-sd op=prepare opens=1 reads=2 bytes=148 open_us=120 read_us=3761 max_read_us=2110 wall_us=4568 scalars=133 lookups=0[0m
[32mINFO - cjk-sd op=bank opens=1 reads=1 bytes=44 open_us=88 read_us=1594 max_read_us=1594 wall_us=1753 scalars=0 lookups=0[0m
[32mINFO - cjk-sd op=stage opens=0 reads=0 bytes=0 open_us=0 read_us=0 max_read_us=0 wall_us=118 scalars=247 lookups=0[0m
[32mINFO - cjk-sd op=prepare opens=1 reads=2 bytes=148 open_us=128 read_us=3758 max_read_us=2088 wall_us=4614 scalars=133 lookups=0[0m
[32mINFO - cjk-sd op=bank opens=1 reads=1 bytes=44 open_us=89 read_us=1404 max_read_us=1404 wall_us=1565 scalars=0 lookups=0[0m
[32mINFO - cjk-sd op=stage opens=0 reads=0 bytes=0 open_us=0 read_us=0 max_read_us=0 wall_us=116 scalars=247 lookups=0[0m
[32mINFO - cjk-sd op=prepare opens=1 reads=2 bytes=144 open_us=116 read_us=3771 max_read_us=2095 wall_us=4573 scalars=133 lookups=0[0m
[32mINFO - cjk-sd op=bank opens=1 reads=1 bytes=44 open_us=89 read_us=1588 max_read_us=1588 wall_us=1748 scalars=0 lookups=0[0m
[32mINFO - cjk-sd op=stage opens=0 reads=0 bytes=0 open_us=0 read_us=0 max_read_us=0 wall_us=118 scalars=247 lookups=0[0m
[32mINFO - cjk-sd op=prepare opens=1 reads=2 bytes=144 open_us=128 read_us=3701 max_read_us=2058 wall_us=4558 scalars=133 lookups=0[0m
[32mINFO - cjk-sd op=bank opens=1 reads=1 bytes=44 open_us=89 read_us=1409 max_read_us=1409 wall_us=1569 scalars=0 lookups=0[0m
[32mINFO - cjk-sd op=stage opens=0 reads=0 bytes=0 open_us=0 read_us=0 max_read_us=0 wall_us=116 scalars=247 lookups=0[0m
[32mINFO - cjk-sd op=prepare opens=1 reads=2 bytes=148 open_us=117 read_us=4682 max_read_us=3033 wall_us=5497 scalars=133 lookups=0[0m
[32mINFO - cjk-sd op=bank opens=1 reads=1 bytes=44 open_us=89 read_us=1583 max_read_us=1583 wall_us=1742 scalars=0 lookups=0[0m
[32mINFO - cjk-sd op=stage opens=0 reads=0 bytes=0 open_us=0 read_us=0 max_read_us=0 wall_us=118 scalars=247 lookups=0[0m
[32mINFO - cjk-sd op=prepare opens=1 reads=2 bytes=148 open_us=137 read_us=3723 max_read_us=2048 wall_us=4591 scalars=133 lookups=0[0m
[32mINFO - cjk-sd op=bank opens=1 reads=1 bytes=44 open_us=88 read_us=1390 max_read_us=1390 wall_us=1550 scalars=0 lookups=0[0m
[32mINFO - cjk-sd op=stage opens=0 reads=0 bytes=0 open_us=0 read_us=0 max_read_us=0 wall_us=116 scalars=247 lookups=0[0m
[32mINFO - cjk-sd op=prepare opens=1 reads=2 bytes=144 open_us=129 read_us=3730 max_read_us=2056 wall_us=4541 scalars=133 lookups=0[0m
[32mINFO - battery: cell 4180 mV, 98% (periodic)[0m
[32mINFO - cjk-sd op=bank opens=1 reads=1 bytes=44 open_us=89 read_us=1604 max_read_us=1604 wall_us=1779 scalars=0 lookups=0[0m
[32mINFO - cjk-sd op=stage opens=0 reads=0 bytes=0 open_us=0 read_us=0 max_read_us=0 wall_us=118 scalars=247 lookups=0[0m
[32mINFO - cjk-sd op=prepare opens=1 reads=2 bytes=144 open_us=124 read_us=3670 max_read_us=2053 wall_us=4538 scalars=133 lookups=0[0m
[32mINFO - cjk-sd op=bank opens=1 reads=1 bytes=44 open_us=89 read_us=1412 max_read_us=1412 wall_us=1573 scalars=0 lookups=0[0m
[32mINFO - cjk-sd op=stage opens=0 reads=0 bytes=0 open_us=0 read_us=0 max_read_us=0 wall_us=114 scalars=247 lookups=0[0m
[32mINFO - cjk-sd op=prepare opens=1 reads=2 bytes=148 open_us=121 read_us=3714 max_read_us=2078 wall_us=4513 scalars=133 lookups=0[0m
[32mINFO - cjk-sd op=bank opens=1 reads=1 bytes=44 open_us=89 read_us=1563 max_read_us=1563 wall_us=1730 scalars=0 lookups=0[0m
[32mINFO - cjk-sd op=stage opens=0 reads=0 bytes=0 open_us=0 read_us=0 max_read_us=0 wall_us=118 scalars=247 lookups=0[0m
[32mINFO - cjk-sd op=prepare opens=1 reads=2 bytes=144 open_us=124 read_us=3710 max_read_us=2045 wall_us=4565 scalars=133 lookups=0[0m
[32mINFO - cjk-sd op=bank opens=1 reads=1 bytes=44 open_us=89 read_us=1415 max_read_us=1415 wall_us=1590 scalars=0 lookups=0[0m
[32mINFO - cjk-sd op=stage opens=0 reads=0 bytes=0 open_us=0 read_us=0 max_read_us=0 wall_us=114 scalars=247 lookups=0[0m
[32mINFO - cjk-sd op=prepare opens=1 reads=2 bytes=140 open_us=121 read_us=3724 max_read_us=2080 wall_us=4524 scalars=133 lookups=0[0m
[32mINFO - cjk-sd op=bank opens=1 reads=1 bytes=44 open_us=89 read_us=1577 max_read_us=1577 wall_us=1746 scalars=0 lookups=0[0m
[32mINFO - cjk-sd op=stage opens=0 reads=0 bytes=0 open_us=0 read_us=0 max_read_us=0 wall_us=118 scalars=247 lookups=0[0m
[32mINFO - cjk-sd op=prepare opens=1 reads=2 bytes=148 open_us=125 read_us=3749 max_read_us=2085 wall_us=4603 scalars=133 lookups=0[0m
[32mINFO - cjk-sd op=bank opens=1 reads=1 bytes=44 open_us=89 read_us=1413 max_read_us=1413 wall_us=1583 scalars=0 lookups=0[0m
[32mINFO - cjk-sd op=stage opens=0 reads=0 bytes=0 open_us=0 read_us=0 max_read_us=0 wall_us=116 scalars=247 lookups=0[0m
[32mINFO - cjk-sd op=prepare opens=1 reads=2 bytes=144 open_us=120 read_us=3768 max_read_us=2122 wall_us=4569 scalars=133 lookups=0[0m
[32mINFO - cjk-sd op=bank opens=1 reads=1 bytes=44 open_us=89 read_us=1568 max_read_us=1568 wall_us=1731 scalars=0 lookups=0[0m
[32mINFO - cjk-sd op=stage opens=0 reads=0 bytes=0 open_us=0 read_us=0 max_read_us=0 wall_us=118 scalars=247 lookups=0[0m
[32mINFO - cjk-sd op=prepare opens=1 reads=2 bytes=119 open_us=124 read_us=3750 max_read_us=2084 wall_us=4607 scalars=133 lookups=0[0m
[32mINFO - cjk-sd op=bank opens=1 reads=1 bytes=44 open_us=89 read_us=1449 max_read_us=1449 wall_us=1609 scalars=0 lookups=0[0m
[32mINFO - cjk-sd op=stage opens=0 reads=0 bytes=0 open_us=0 read_us=0 max_read_us=0 wall_us=116 scalars=247 lookups=0[0m
[32mINFO - cjk-sd op=prepare opens=1 reads=2 bytes=119 open_us=120 read_us=3754 max_read_us=2115 wall_us=4556 scalars=133 lookups=0[0m
[32mINFO - cjk-sd op=bank opens=1 reads=1 bytes=44 open_us=93 read_us=1584 max_read_us=1584 wall_us=1748 scalars=0 lookups=0[0m
[32mINFO - cjk-sd op=stage opens=0 reads=0 bytes=0 open_us=0 read_us=0 max_read_us=0 wall_us=118 scalars=247 lookups=0[0m
[32mINFO - cjk-sd op=prepare opens=1 reads=2 bytes=152 open_us=124 read_us=3723 max_read_us=2057 wall_us=4580 scalars=133 lookups=0[0m
[32mINFO - cjk-sd op=bank opens=1 reads=1 bytes=44 open_us=89 read_us=1416 max_read_us=1416 wall_us=1576 scalars=0 lookups=0[0m
[32mINFO - cjk-sd op=stage opens=0 reads=0 bytes=0 open_us=0 read_us=0 max_read_us=0 wall_us=116 scalars=247 lookups=0[0m
[32mINFO - cjk-sd op=prepare opens=1 reads=2 bytes=148 open_us=120 read_us=3714 max_read_us=2078 wall_us=4519 scalars=133 lookups=0[0m
[32mINFO - cjk-sd op=bank opens=1 reads=1 bytes=44 open_us=88 read_us=1571 max_read_us=1571 wall_us=1730 scalars=0 lookups=0[0m
[32mINFO - cjk-sd op=stage opens=0 reads=0 bytes=0 open_us=0 read_us=0 max_read_us=0 wall_us=118 scalars=247 lookups=0[0m
[32mINFO - cjk-sd op=prepare opens=1 reads=2 bytes=148 open_us=124 read_us=4707 max_read_us=3044 wall_us=5567 scalars=133 lookups=0[0m
[32mINFO - cjk-sd op=bank opens=1 reads=1 bytes=44 open_us=89 read_us=1402 max_read_us=1402 wall_us=1562 scalars=0 lookups=0[0m
[32mINFO - cjk-sd op=stage opens=0 reads=0 bytes=0 open_us=0 read_us=0 max_read_us=0 wall_us=114 scalars=247 lookups=0[0m
[32mINFO - cjk-sd op=prepare opens=1 reads=2 bytes=122 open_us=124 read_us=3756 max_read_us=2085 wall_us=4564 scalars=133 lookups=0[0m
[32mINFO - cjk-sd op=bank opens=1 reads=1 bytes=44 open_us=89 read_us=1595 max_read_us=1595 wall_us=1754 scalars=0 lookups=0[0m
[32mINFO - cjk-sd op=stage opens=0 reads=0 bytes=0 open_us=0 read_us=0 max_read_us=0 wall_us=118 scalars=247 lookups=0[0m
[32mINFO - cjk-sd op=prepare opens=1 reads=2 bytes=148 open_us=125 read_us=3787 max_read_us=2120 wall_us=4643 scalars=133 lookups=0[0m
[32mINFO - cjk-sd op=bank opens=1 reads=1 bytes=44 open_us=89 read_us=1414 max_read_us=1414 wall_us=1575 scalars=0 lookups=0[0m
[32mINFO - cjk-sd op=stage opens=0 reads=0 bytes=0 open_us=0 read_us=0 max_read_us=0 wall_us=113 scalars=247 lookups=0[0m
[32mINFO - cjk-sd op=prepare opens=1 reads=2 bytes=52 open_us=124 read_us=3792 max_read_us=2136 wall_us=4599 scalars=133 lookups=0[0m
[32mINFO - cjk-sd op=bank opens=1 reads=1 bytes=44 open_us=89 read_us=1555 max_read_us=1555 wall_us=1715 scalars=0 lookups=0[0m
[32mINFO - cjk-sd op=stage opens=0 reads=0 bytes=0 open_us=0 read_us=0 max_read_us=0 wall_us=118 scalars=247 lookups=0[0m
[32mINFO - cjk-sd op=prepare opens=1 reads=2 bytes=49 open_us=124 read_us=3790 max_read_us=2098 wall_us=4647 scalars=133 lookups=0[0m
[32mINFO - cjk-sd op=bank opens=1 reads=1 bytes=44 open_us=89 read_us=1400 max_read_us=1400 wall_us=1560 scalars=0 lookups=0[0m
[32mINFO - cjk-sd op=stage opens=0 reads=0 bytes=0 open_us=0 read_us=0 max_read_us=0 wall_us=116 scalars=247 lookups=0[0m
[32mINFO - cjk-sd op=prepare opens=1 reads=2 bytes=152 open_us=120 read_us=3809 max_read_us=2132 wall_us=4564 scalars=133 lookups=0[0m
[32mINFO - stats: heap 8/158K peak 8K | stack free 68K hwm 17K | bat 98% 4.1V | up 0:01 | SD:ok[0m
[32mINFO - heap psram: used 20616 B, free 2076536 B, peak 20616 B; reserved 20624 / 1900544 B, peak 20624 B[0m
[32mINFO - display: partial refresh 480x794 at (0, 6) in 835 ms (partial count 1)[0m
[32mINFO - stats: heap 8/158K peak 8K | stack free 68K hwm 17K | bat 98% 4.1V | up 0:01 | SD:ok[0m
[32mINFO - heap psram: used 20616 B, free 2076536 B, peak 20616 B; reserved 20624 / 1900544 B, peak 20624 B[0m
[32mINFO - stats: heap 8/158K peak 8K | stack free 68K hwm 17K | bat 98% 4.1V | up 0:01 | SD:ok[0m
[32mINFO - heap psram: used 20616 B, free 2076536 B, peak 20616 B; reserved 20624 / 1900544 B, peak 20624 B[0m
[32mINFO - stats: heap 8/158K peak 8K | stack free 68K hwm 17K | bat 98% 4.1V | up 0:01 | SD:ok[0m
[32mINFO - heap psram: used 20616 B, free 2076536 B, peak 20616 B; reserved 20624 / 1900544 B, peak 20624 B[0m
[32mINFO - stats: heap 8/158K peak 8K | stack free 68K hwm 17K | bat 98% 4.1V | up 0:01 | SD:ok[0m
[32mINFO - heap psram: used 20616 B, free 2076536 B, peak 20616 B; reserved 20624 / 1900544 B, peak 20624 B[0m
[32mINFO - stats: heap 8/158K peak 8K | stack free 68K hwm 17K | bat 98% 4.1V | up 0:01 | SD:ok[0m
[32mINFO - heap psram: used 20616 B, free 2076536 B, peak 20616 B; reserved 20624 / 1900544 B, peak 20624 B[0m
[32mINFO - stats: heap 8/158K peak 8K | stack free 68K hwm 17K | bat 98% 4.1V | up 0:01 | SD:ok[0m
[32mINFO - heap psram: used 20616 B, free 2076536 B, peak 20616 B; reserved 20624 / 1900544 B, peak 20624 B[0m
[32mINFO - battery: cell 4156 mV, 96% (periodic)[0m
[32mINFO - cjk-sd op=bank opens=1 reads=1 bytes=44 open_us=116 read_us=2134 max_read_us=2134 wall_us=2459 scalars=0 lookups=0[0m
[32mINFO - cjk-sd op=stage opens=0 reads=0 bytes=0 open_us=0 read_us=0 max_read_us=0 wall_us=119 scalars=170 lookups=0[0m
[32mINFO - cjk: bitmap 41/130 glyphs, about 133 ms left[0m
[32mINFO - cjk-sd op=prepare opens=1 reads=42 bytes=3432 open_us=139 read_us=51811 max_read_us=2927 wall_us=53768 scalars=130 lookups=0[0m
[32mINFO - stats: heap 8/158K peak 8K | stack free 68K hwm 17K | bat 96% 4.1V | up 0:01 | SD:ok[0m
[32mINFO - heap psram: used 20616 B, free 2076536 B, peak 20616 B; reserved 20624 / 1900544 B, peak 20624 B[0m
[32mINFO - display: partial refresh 480x794 at (0, 6) in 769 ms (partial count 2)[0m
[32mINFO - cjk-sd op=bank opens=1 reads=1 bytes=44 open_us=98 read_us=1829 max_read_us=1829 wall_us=2090 scalars=0 lookups=0[0m
[32mINFO - cjk-sd op=stage opens=0 reads=0 bytes=0 open_us=0 read_us=0 max_read_us=0 wall_us=128 scalars=170 lookups=0[0m
[32mINFO - cjk-sd op=prepare opens=1 reads=2 bytes=148 open_us=131 read_us=3741 max_read_us=2102 wall_us=4687 scalars=130 lookups=0[0m
[32mINFO - stats: heap 8/158K peak 8K | stack free 68K hwm 17K | bat 96% 4.1V | up 0:01 | SD:ok[0m
[32mINFO - heap psram: used 20616 B, free 2076536 B, peak 20616 B; reserved 20624 / 1900544 B, peak 20624 B[0m
[32mINFO - display: partial refresh 448x24 at (8, 24) in 650 ms (partial count 3)[0m
[32mINFO - cjk-sd op=bank opens=1 reads=1 bytes=44 open_us=108 read_us=1955 max_read_us=1955 wall_us=2219 scalars=0 lookups=0[0m
[32mINFO - cjk-sd op=stage opens=0 reads=0 bytes=0 open_us=0 read_us=0 max_read_us=0 wall_us=117 scalars=170 lookups=0[0m
[32mINFO - cjk-sd op=prepare opens=1 reads=2 bytes=122 open_us=144 read_us=4720 max_read_us=3057 wall_us=5698 scalars=130 lookups=0[0m
[32mINFO - stats: heap 8/158K peak 8K | stack free 68K hwm 17K | bat 96% 4.1V | up 0:01 | SD:ok[0m
[32mINFO - heap psram: used 20616 B, free 2076536 B, peak 20616 B; reserved 20624 / 1900544 B, peak 20624 B[0m
[32mINFO - cjk-sd op=bank opens=1 reads=1 bytes=44 open_us=96 read_us=1581 max_read_us=1581 wall_us=1767 scalars=0 lookups=0[0m
[32mINFO - cjk-sd op=stage opens=0 reads=0 bytes=0 open_us=0 read_us=0 max_read_us=0 wall_us=116 scalars=170 lookups=0[0m
[32mINFO - cjk-sd op=prepare opens=1 reads=2 bytes=152 open_us=124 read_us=3736 max_read_us=2076 wall_us=4557 scalars=130 lookups=0[0m
[32mINFO - cjk-sd op=bank opens=1 reads=1 bytes=44 open_us=101 read_us=1591 max_read_us=1591 wall_us=1768 scalars=0 lookups=0[0m
[32mINFO - cjk-sd op=stage opens=0 reads=0 bytes=0 open_us=0 read_us=0 max_read_us=0 wall_us=116 scalars=170 lookups=0[0m
[32mINFO - cjk-sd op=prepare opens=1 reads=2 bytes=148 open_us=120 read_us=3715 max_read_us=2050 wall_us=4565 scalars=130 lookups=0[0m
[32mINFO - cjk-sd op=bank opens=1 reads=1 bytes=44 open_us=92 read_us=1529 max_read_us=1529 wall_us=1701 scalars=0 lookups=0[0m
[32mINFO - cjk-sd op=stage opens=0 reads=0 bytes=0 open_us=0 read_us=0 max_read_us=0 wall_us=116 scalars=170 lookups=0[0m
[32mINFO - cjk-sd op=prepare opens=1 reads=2 bytes=122 open_us=104 read_us=3746 max_read_us=2064 wall_us=4556 scalars=130 lookups=0[0m
[32mINFO - cjk-sd op=bank opens=1 reads=1 bytes=44 open_us=97 read_us=1600 max_read_us=1600 wall_us=1771 scalars=0 lookups=0[0m
[32mINFO - cjk-sd op=stage opens=0 reads=0 bytes=0 open_us=0 read_us=0 max_read_us=0 wall_us=116 scalars=170 lookups=0[0m
[32mINFO - cjk-sd op=prepare opens=1 reads=2 bytes=132 open_us=112 read_us=3703 max_read_us=2052 wall_us=4538 scalars=130 lookups=0[0m
[32mINFO - cjk-sd op=bank opens=1 reads=1 bytes=44 open_us=97 read_us=1438 max_read_us=1438 wall_us=1609 scalars=0 lookups=0[0m
[32mINFO - cjk-sd op=stage opens=0 reads=0 bytes=0 open_us=0 read_us=0 max_read_us=0 wall_us=116 scalars=170 lookups=0[0m
[32mINFO - cjk-sd op=prepare opens=1 reads=2 bytes=110 open_us=104 read_us=4725 max_read_us=3080 wall_us=5507 scalars=130 lookups=0[0m
[32mINFO - cjk-sd op=bank opens=1 reads=1 bytes=44 open_us=101 read_us=1586 max_read_us=1586 wall_us=1763 scalars=0 lookups=0[0m
[32mINFO - cjk-sd op=stage opens=0 reads=0 bytes=0 open_us=0 read_us=0 max_read_us=0 wall_us=116 scalars=170 lookups=0[0m
[32mINFO - cjk-sd op=prepare opens=1 reads=2 bytes=152 open_us=116 read_us=3718 max_read_us=2051 wall_us=4558 scalars=130 lookups=0[0m
[32mINFO - cjk-sd op=bank opens=1 reads=1 bytes=44 open_us=89 read_us=1443 max_read_us=1443 wall_us=1607 scalars=0 lookups=0[0m
[32mINFO - cjk-sd op=stage opens=0 reads=0 bytes=0 open_us=0 read_us=0 max_read_us=0 wall_us=116 scalars=170 lookups=0[0m
[32mINFO - cjk-sd op=prepare opens=1 reads=2 bytes=152 open_us=100 read_us=3727 max_read_us=2073 wall_us=4505 scalars=130 lookups=0[0m
[32mINFO - cjk-sd op=bank opens=1 reads=1 bytes=44 open_us=103 read_us=1594 max_read_us=1594 wall_us=1773 scalars=0 lookups=0[0m
[32mINFO - cjk-sd op=stage opens=0 reads=0 bytes=0 open_us=0 read_us=0 max_read_us=0 wall_us=116 scalars=170 lookups=0[0m
[32mINFO - cjk-sd op=prepare opens=1 reads=2 bytes=122 open_us=112 read_us=3715 max_read_us=2055 wall_us=4556 scalars=130 lookups=0[0m
[32mINFO - cjk-sd op=bank opens=1 reads=1 bytes=44 open_us=92 read_us=1434 max_read_us=1434 wall_us=1602 scalars=0 lookups=0[0m
[32mINFO - cjk-sd op=stage opens=0 reads=0 bytes=0 open_us=0 read_us=0 max_read_us=0 wall_us=116 scalars=170 lookups=0[0m
[32mINFO - cjk-sd op=prepare opens=1 reads=2 bytes=122 open_us=100 read_us=4748 max_read_us=3092 wall_us=5533 scalars=130 lookups=0[0m
[32mINFO - cjk-sd op=bank opens=1 reads=1 bytes=44 open_us=101 read_us=1576 max_read_us=1576 wall_us=1752 scalars=0 lookups=0[0m
[32mINFO - cjk-sd op=stage opens=0 reads=0 bytes=0 open_us=0 read_us=0 max_read_us=0 wall_us=116 scalars=170 lookups=0[0m
[32mINFO - cjk-sd op=prepare opens=1 reads=2 bytes=148 open_us=112 read_us=3727 max_read_us=2061 wall_us=4563 scalars=130 lookups=0[0m
[32mINFO - cjk-sd op=bank opens=1 reads=1 bytes=44 open_us=93 read_us=1432 max_read_us=1432 wall_us=1599 scalars=0 lookups=0[0m
[32mINFO - cjk-sd op=stage opens=0 reads=0 bytes=0 open_us=0 read_us=0 max_read_us=0 wall_us=116 scalars=170 lookups=0[0m
[32mINFO - cjk-sd op=prepare opens=1 reads=2 bytes=148 open_us=106 read_us=3724 max_read_us=2073 wall_us=4503 scalars=130 lookups=0[0m
[32mINFO - cjk-sd op=bank opens=1 reads=1 bytes=44 open_us=101 read_us=1583 max_read_us=1583 wall_us=1760 scalars=0 lookups=0[0m
[32mINFO - cjk-sd op=stage opens=0 reads=0 bytes=0 open_us=0 read_us=0 max_read_us=0 wall_us=116 scalars=170 lookups=0[0m
[32mINFO - cjk-sd op=prepare opens=1 reads=2 bytes=128 open_us=112 read_us=3719 max_read_us=2066 wall_us=4556 scalars=130 lookups=0[0m
[32mINFO - cjk-sd op=bank opens=1 reads=1 bytes=44 open_us=92 read_us=1416 max_read_us=1416 wall_us=1583 scalars=0 lookups=0[0m
[32mINFO - cjk-sd op=stage opens=0 reads=0 bytes=0 open_us=0 read_us=0 max_read_us=0 wall_us=113 scalars=170 lookups=0[0m
[32mINFO - cjk-sd op=prepare opens=1 reads=2 bytes=144 open_us=100 read_us=3728 max_read_us=2089 wall_us=4501 scalars=130 lookups=0[0m
[32mINFO - cjk-sd op=bank opens=1 reads=1 bytes=44 open_us=101 read_us=1586 max_read_us=1586 wall_us=1763 scalars=0 lookups=0[0m
[32mINFO - cjk-sd op=stage opens=0 reads=0 bytes=0 open_us=0 read_us=0 max_read_us=0 wall_us=116 scalars=170 lookups=0[0m
[32mINFO - cjk-sd op=prepare opens=1 reads=2 bytes=148 open_us=112 read_us=4666 max_read_us=2998 wall_us=5507 scalars=130 lookups=0[0m
[32mINFO - cjk-sd op=bank opens=1 reads=1 bytes=44 open_us=94 read_us=1420 max_read_us=1420 wall_us=1590 scalars=0 lookups=0[0m
[32mINFO - cjk-sd op=stage opens=0 reads=0 bytes=0 open_us=0 read_us=0 max_read_us=0 wall_us=116 scalars=170 lookups=0[0m
[32mINFO - cjk-sd op=prepare opens=1 reads=2 bytes=152 open_us=100 read_us=4754 max_read_us=3076 wall_us=5536 scalars=130 lookups=0[0m
[32mINFO - cjk-sd op=bank opens=1 reads=1 bytes=44 open_us=101 read_us=1603 max_read_us=1603 wall_us=1779 scalars=0 lookups=0[0m
[32mINFO - cjk-sd op=stage opens=0 reads=0 bytes=0 open_us=0 read_us=0 max_read_us=0 wall_us=117 scalars=170 lookups=0[0m
[32mINFO - cjk-sd op=prepare opens=1 reads=2 bytes=144 open_us=116 read_us=3720 max_read_us=2072 wall_us=4561 scalars=130 lookups=0[0m
[32mINFO - cjk-sd op=bank opens=1 reads=1 bytes=44 open_us=89 read_us=1423 max_read_us=1423 wall_us=1588 scalars=0 lookups=0[0m
[32mINFO - cjk-sd op=stage opens=0 reads=0 bytes=0 open_us=0 read_us=0 max_read_us=0 wall_us=116 scalars=170 lookups=0[0m
[32mINFO - cjk-sd op=prepare opens=1 reads=2 bytes=148 open_us=100 read_us=3726 max_read_us=2081 wall_us=4500 scalars=130 lookups=0[0m
[32mINFO - cjk-sd op=bank opens=1 reads=1 bytes=44 open_us=103 read_us=1606 max_read_us=1606 wall_us=1784 scalars=0 lookups=0[0m
[32mINFO - cjk-sd op=stage opens=0 reads=0 bytes=0 open_us=0 read_us=0 max_read_us=0 wall_us=117 scalars=170 lookups=0[0m
[32mINFO - cjk-sd op=prepare opens=1 reads=2 bytes=148 open_us=112 read_us=3739 max_read_us=2073 wall_us=4576 scalars=130 lookups=0[0m
[32mINFO - cjk-sd op=bank opens=1 reads=1 bytes=44 open_us=89 read_us=1401 max_read_us=1401 wall_us=1566 scalars=0 lookups=0[0m
[32mINFO - cjk-sd op=stage opens=0 reads=0 bytes=0 open_us=0 read_us=0 max_read_us=0 wall_us=116 scalars=170 lookups=0[0m
[32mINFO - cjk-sd op=prepare opens=1 reads=2 bytes=148 open_us=104 read_us=3748 max_read_us=2070 wall_us=4531 scalars=130 lookups=0[0m
[32mINFO - cjk-sd op=bank opens=1 reads=1 bytes=44 open_us=97 read_us=1608 max_read_us=1608 wall_us=1780 scalars=0 lookups=0[0m
[32mINFO - cjk-sd op=stage opens=0 reads=0 bytes=0 open_us=0 read_us=0 max_read_us=0 wall_us=116 scalars=170 lookups=0[0m
[32mINFO - cjk-sd op=prepare opens=1 reads=2 bytes=148 open_us=112 read_us=3722 max_read_us=2070 wall_us=4565 scalars=130 lookups=0[0m
[32mINFO - cjk-sd op=bank opens=1 reads=1 bytes=44 open_us=93 read_us=1421 max_read_us=1421 wall_us=1590 scalars=0 lookups=0[0m
[32mINFO - cjk-sd op=stage opens=0 reads=0 bytes=0 open_us=0 read_us=0 max_read_us=0 wall_us=116 scalars=170 lookups=0[0m
[32mINFO - cjk-sd op=prepare opens=1 reads=2 bytes=148 open_us=100 read_us=3750 max_read_us=2087 wall_us=4548 scalars=130 lookups=0[0m
[32mINFO - cjk-sd op=bank opens=1 reads=1 bytes=44 open_us=101 read_us=1620 max_read_us=1620 wall_us=1795 scalars=0 lookups=0[0m
[32mINFO - cjk-sd op=stage opens=0 reads=0 bytes=0 open_us=0 read_us=0 max_read_us=0 wall_us=116 scalars=170 lookups=0[0m
[32mINFO - cjk-sd op=prepare opens=1 reads=2 bytes=148 open_us=112 read_us=3730 max_read_us=2063 wall_us=4578 scalars=130 lookups=0[0m
[32mINFO - cjk-sd op=bank opens=1 reads=1 bytes=44 open_us=88 read_us=1413 max_read_us=1413 wall_us=1577 scalars=0 lookups=0[0m
[32mINFO - cjk-sd op=stage opens=0 reads=0 bytes=0 open_us=0 read_us=0 max_read_us=0 wall_us=116 scalars=170 lookups=0[0m
[32mINFO - cjk-sd op=prepare opens=1 reads=2 bytes=152 open_us=104 read_us=3740 max_read_us=2076 wall_us=4523 scalars=130 lookups=0[0m
[32mINFO - cjk-sd op=bank opens=1 reads=1 bytes=44 open_us=97 read_us=1606 max_read_us=1606 wall_us=1781 scalars=0 lookups=0[0m
[32mINFO - cjk-sd op=stage opens=0 reads=0 bytes=0 open_us=0 read_us=0 max_read_us=0 wall_us=116 scalars=170 lookups=0[0m
[32mINFO - cjk-sd op=prepare opens=1 reads=2 bytes=148 open_us=112 read_us=3715 max_read_us=2074 wall_us=4557 scalars=130 lookups=0[0m
[32mINFO - cjk-sd op=bank opens=1 reads=1 bytes=44 open_us=94 read_us=1414 max_read_us=1414 wall_us=1584 scalars=0 lookups=0[0m
[32mINFO - cjk-sd op=stage opens=0 reads=0 bytes=0 open_us=0 read_us=0 max_read_us=0 wall_us=116 scalars=170 lookups=0[0m
[32mINFO - cjk-sd op=prepare opens=1 reads=2 bytes=152 open_us=100 read_us=3724 max_read_us=2085 wall_us=4500 scalars=130 lookups=0[0m
[32mINFO - cjk-sd op=bank opens=1 reads=1 bytes=44 open_us=103 read_us=1606 max_read_us=1606 wall_us=1783 scalars=0 lookups=0[0m
[32mINFO - cjk-sd op=stage opens=0 reads=0 bytes=0 open_us=0 read_us=0 max_read_us=0 wall_us=116 scalars=170 lookups=0[0m
[32mINFO - cjk-sd op=prepare opens=1 reads=2 bytes=152 open_us=112 read_us=4740 max_read_us=3071 wall_us=5583 scalars=130 lookups=0[0m
[32mINFO - cjk-sd op=bank opens=1 reads=1 bytes=44 open_us=93 read_us=1450 max_read_us=1450 wall_us=1618 scalars=0 lookups=0[0m
[32mINFO - cjk-sd op=stage opens=0 reads=0 bytes=0 open_us=0 read_us=0 max_read_us=0 wall_us=113 scalars=170 lookups=0[0m
[32mINFO - cjk-sd op=prepare opens=1 reads=2 bytes=152 open_us=103 read_us=3738 max_read_us=2072 wall_us=4521 scalars=130 lookups=0[0m
[32mINFO - cjk-sd op=bank opens=1 reads=1 bytes=44 open_us=101 read_us=1641 max_read_us=1641 wall_us=1816 scalars=0 lookups=0[0m
[32mINFO - cjk-sd op=stage opens=0 reads=0 bytes=0 open_us=0 read_us=0 max_read_us=0 wall_us=116 scalars=170 lookups=0[0m
[32mINFO - cjk-sd op=prepare opens=1 reads=2 bytes=148 open_us=112 read_us=4719 max_read_us=3074 wall_us=5564 scalars=130 lookups=0[0m
[32mINFO - cjk-sd op=bank opens=1 reads=1 bytes=44 open_us=97 read_us=1455 max_read_us=1455 wall_us=1627 scalars=0 lookups=0[0m
[32mINFO - cjk-sd op=stage opens=0 reads=0 bytes=0 open_us=0 read_us=0 max_read_us=0 wall_us=114 scalars=170 lookups=0[0m
[32mINFO - cjk-sd op=prepare opens=1 reads=2 bytes=140 open_us=99 read_us=3682 max_read_us=2037 wall_us=4459 scalars=130 lookups=0[0m
[32mINFO - cjk-sd op=bank opens=1 reads=1 bytes=44 open_us=101 read_us=1602 max_read_us=1602 wall_us=1783 scalars=0 lookups=0[0m
[32mINFO - cjk-sd op=stage opens=0 reads=0 bytes=0 open_us=0 read_us=0 max_read_us=0 wall_us=117 scalars=170 lookups=0[0m
[32mINFO - cjk-sd op=prepare opens=1 reads=2 bytes=144 open_us=112 read_us=3695 max_read_us=2026 wall_us=4537 scalars=130 lookups=0[0m
[32mINFO - cjk-sd op=bank opens=1 reads=1 bytes=44 open_us=89 read_us=1416 max_read_us=1416 wall_us=1588 scalars=0 lookups=0[0m
[32mINFO - cjk-sd op=stage opens=0 reads=0 bytes=0 open_us=0 read_us=0 max_read_us=0 wall_us=116 scalars=170 lookups=0[0m
[32mINFO - cjk: bitmap 74/130 glyphs, about 4309 ms left[0m
[32mINFO - cjk-sd op=prepare opens=1 reads=2 bytes=119 open_us=111 read_us=3697 max_read_us=2037 wall_us=5021 scalars=130 lookups=0[0m
[32mINFO - cjk-sd op=bank opens=1 reads=1 bytes=44 open_us=101 read_us=1624 max_read_us=1624 wall_us=1804 scalars=0 lookups=0[0m
[32mINFO - cjk-sd op=stage opens=0 reads=0 bytes=0 open_us=0 read_us=0 max_read_us=0 wall_us=116 scalars=170 lookups=0[0m
[32mINFO - cjk-sd op=prepare opens=1 reads=2 bytes=144 open_us=119 read_us=4657 max_read_us=3018 wall_us=5518 scalars=130 lookups=0[0m
[32mINFO - cjk-sd op=bank opens=1 reads=1 bytes=44 open_us=101 read_us=1455 max_read_us=1455 wall_us=1635 scalars=0 lookups=0[0m
[32mINFO - cjk-sd op=stage opens=0 reads=0 bytes=0 open_us=0 read_us=0 max_read_us=0 wall_us=116 scalars=170 lookups=0[0m
[32mINFO - cjk-sd op=prepare opens=1 reads=2 bytes=148 open_us=107 read_us=4667 max_read_us=3006 wall_us=5460 scalars=130 lookups=0[0m
[32mINFO - cjk-sd op=bank opens=1 reads=1 bytes=44 open_us=98 read_us=1593 max_read_us=1593 wall_us=1762 scalars=0 lookups=0[0m
[32mINFO - cjk-sd op=stage opens=0 reads=0 bytes=0 open_us=0 read_us=0 max_read_us=0 wall_us=116 scalars=170 lookups=0[0m
[32mINFO - cjk-sd op=prepare opens=1 reads=2 bytes=148 open_us=116 read_us=3720 max_read_us=2073 wall_us=4575 scalars=130 lookups=0[0m
[32mINFO - cjk-sd op=bank opens=1 reads=1 bytes=44 open_us=93 read_us=1413 max_read_us=1413 wall_us=1578 scalars=0 lookups=0[0m
[32mINFO - cjk-sd op=stage opens=0 reads=0 bytes=0 open_us=0 read_us=0 max_read_us=0 wall_us=116 scalars=170 lookups=0[0m
[32mINFO - cjk-sd op=prepare opens=1 reads=2 bytes=152 open_us=104 read_us=3740 max_read_us=2073 wall_us=4536 scalars=130 lookups=0[0m
[32mINFO - cjk-sd op=bank opens=1 reads=1 bytes=44 open_us=105 read_us=1605 max_read_us=1605 wall_us=1793 scalars=0 lookups=0[0m
[32mINFO - cjk-sd op=stage opens=0 reads=0 bytes=0 open_us=0 read_us=0 max_read_us=0 wall_us=116 scalars=170 lookups=0[0m
[32mINFO - cjk-sd op=prepare opens=1 reads=2 bytes=152 open_us=120 read_us=3720 max_read_us=2085 wall_us=4579 scalars=130 lookups=0[0m
[32mINFO - cjk-sd op=bank opens=1 reads=1 bytes=44 open_us=89 read_us=1422 max_read_us=1422 wall_us=1581 scalars=0 lookups=0[0m
[32mINFO - cjk-sd op=stage opens=0 reads=0 bytes=0 open_us=0 read_us=0 max_read_us=0 wall_us=122 scalars=170 lookups=0[0m
[32mINFO - cjk-sd op=prepare opens=1 reads=2 bytes=144 open_us=104 read_us=3733 max_read_us=2078 wall_us=4520 scalars=130 lookups=0[0m
[32mINFO - cjk-sd op=bank opens=1 reads=1 bytes=44 open_us=101 read_us=1596 max_read_us=1596 wall_us=1774 scalars=0 lookups=0[0m
[32mINFO - cjk-sd op=stage opens=0 reads=0 bytes=0 open_us=0 read_us=0 max_read_us=0 wall_us=116 scalars=170 lookups=0[0m
[32mINFO - cjk-sd op=prepare opens=1 reads=2 bytes=144 open_us=116 read_us=3731 max_read_us=2083 wall_us=4586 scalars=130 lookups=0[0m
[32mINFO - cjk-sd op=bank opens=1 reads=1 bytes=44 open_us=89 read_us=1428 max_read_us=1428 wall_us=1589 scalars=0 lookups=0[0m
[32mINFO - cjk-sd op=stage opens=0 reads=0 bytes=0 open_us=0 read_us=0 max_read_us=0 wall_us=116 scalars=170 lookups=0[0m
[32mINFO - cjk-sd op=prepare opens=1 reads=2 bytes=152 open_us=108 read_us=3740 max_read_us=2082 wall_us=4536 scalars=130 lookups=0[0m
[32mINFO - cjk-sd op=bank opens=1 reads=1 bytes=44 open_us=97 read_us=1607 max_read_us=1607 wall_us=1776 scalars=0 lookups=0[0m
[32mINFO - cjk-sd op=stage opens=0 reads=0 bytes=0 open_us=0 read_us=0 max_read_us=0 wall_us=116 scalars=170 lookups=0[0m
[32mINFO - cjk-sd op=prepare opens=1 reads=2 bytes=144 open_us=116 read_us=3721 max_read_us=2093 wall_us=4576 scalars=130 lookups=0[0m
[32mINFO - cjk-sd op=bank opens=1 reads=1 bytes=44 open_us=93 read_us=1427 max_read_us=1427 wall_us=1591 scalars=0 lookups=0[0m
[32mINFO - cjk-sd op=stage opens=0 reads=0 bytes=0 open_us=0 read_us=0 max_read_us=0 wall_us=116 scalars=170 lookups=0[0m
[32mINFO - cjk-sd op=prepare opens=1 reads=2 bytes=148 open_us=104 read_us=3742 max_read_us=2081 wall_us=4535 scalars=130 lookups=0[0m
[32mINFO - cjk-sd op=bank opens=1 reads=1 bytes=44 open_us=98 read_us=1611 max_read_us=1611 wall_us=1780 scalars=0 lookups=0[0m
[32mINFO - cjk-sd op=stage opens=0 reads=0 bytes=0 open_us=0 read_us=0 max_read_us=0 wall_us=116 scalars=170 lookups=0[0m
[32mINFO - cjk-sd op=prepare opens=1 reads=2 bytes=122 open_us=120 read_us=3733 max_read_us=2083 wall_us=4597 scalars=130 lookups=0[0m
[32mINFO - cjk-sd op=bank opens=1 reads=1 bytes=44 open_us=89 read_us=1428 max_read_us=1428 wall_us=1588 scalars=0 lookups=0[0m
[32mINFO - cjk-sd op=stage opens=0 reads=0 bytes=0 open_us=0 read_us=0 max_read_us=0 wall_us=116 scalars=170 lookups=0[0m
[32mINFO - cjk-sd op=prepare opens=1 reads=2 bytes=152 open_us=108 read_us=3753 max_read_us=2080 wall_us=4549 scalars=130 lookups=0[0m
[32mINFO - cjk-sd op=bank opens=1 reads=1 bytes=44 open_us=102 read_us=1626 max_read_us=1626 wall_us=1798 scalars=0 lookups=0[0m
[32mINFO - cjk-sd op=stage opens=0 reads=0 bytes=0 open_us=0 read_us=0 max_read_us=0 wall_us=116 scalars=170 lookups=0[0m
[32mINFO - cjk-sd op=prepare opens=1 reads=2 bytes=148 open_us=116 read_us=3733 max_read_us=2087 wall_us=4589 scalars=130 lookups=0[0m
[32mINFO - cjk-sd op=bank opens=1 reads=1 bytes=44 open_us=94 read_us=1452 max_read_us=1452 wall_us=1616 scalars=0 lookups=0[0m
[32mINFO - cjk-sd op=stage opens=0 reads=0 bytes=0 open_us=0 read_us=0 max_read_us=0 wall_us=116 scalars=170 lookups=0[0m
[32mINFO - cjk-sd op=prepare opens=1 reads=2 bytes=152 open_us=108 read_us=3733 max_read_us=2092 wall_us=4530 scalars=130 lookups=0[0m
[32mINFO - cjk-sd op=bank opens=1 reads=1 bytes=44 open_us=101 read_us=1637 max_read_us=1637 wall_us=1809 scalars=0 lookups=0[0m
[32mINFO - cjk-sd op=stage opens=0 reads=0 bytes=0 open_us=0 read_us=0 max_read_us=0 wall_us=116 scalars=170 lookups=0[0m
[32mINFO - cjk-sd op=prepare opens=1 reads=2 bytes=148 open_us=116 read_us=4759 max_read_us=3102 wall_us=5624 scalars=130 lookups=0[0m
[32mINFO - cjk-sd op=bank opens=1 reads=1 bytes=44 open_us=89 read_us=1454 max_read_us=1454 wall_us=1615 scalars=0 lookups=0[0m
[32mINFO - cjk-sd op=stage opens=0 reads=0 bytes=0 open_us=0 read_us=0 max_read_us=0 wall_us=116 scalars=170 lookups=0[0m
[32mINFO - cjk-sd op=prepare opens=1 reads=2 bytes=144 open_us=112 read_us=3747 max_read_us=2094 wall_us=4555 scalars=130 lookups=0[0m
[32mINFO - stats: heap 8/158K peak 8K | stack free 68K hwm 17K | bat 96% 4.1V | up 0:01 | SD:ok[0m
[32mINFO - heap psram: used 20616 B, free 2076536 B, peak 20616 B; reserved 20624 / 1900544 B, peak 20624 B[0m
[32mINFO - cjk-sd op=bank opens=1 reads=1 bytes=44 open_us=97 read_us=1686 max_read_us=1686 wall_us=1866 scalars=0 lookups=0[0m
[32mINFO - cjk-sd op=stage opens=0 reads=0 bytes=0 open_us=0 read_us=0 max_read_us=0 wall_us=116 scalars=170 lookups=0[0m
[32mINFO - cjk-sd op=prepare opens=1 reads=2 bytes=144 open_us=124 read_us=3744 max_read_us=2086 wall_us=4623 scalars=130 lookups=0[0m
[32mINFO - cjk-sd op=bank opens=1 reads=1 bytes=44 open_us=89 read_us=1467 max_read_us=1467 wall_us=1627 scalars=0 lookups=0[0m
[32mINFO - cjk-sd op=stage opens=0 reads=0 bytes=0 open_us=0 read_us=0 max_read_us=0 wall_us=116 scalars=170 lookups=0[0m
[32mINFO - cjk-sd op=prepare opens=1 reads=2 bytes=148 open_us=113 read_us=3723 max_read_us=2113 wall_us=4531 scalars=130 lookups=0[0m
[32mINFO - cjk-sd op=bank opens=1 reads=1 bytes=44 open_us=97 read_us=1628 max_read_us=1628 wall_us=1800 scalars=0 lookups=0[0m
[32mINFO - cjk-sd op=stage opens=0 reads=0 bytes=0 open_us=0 read_us=0 max_read_us=0 wall_us=116 scalars=170 lookups=0[0m
[32mINFO - cjk-sd op=prepare opens=1 reads=2 bytes=148 open_us=120 read_us=3779 max_read_us=2084 wall_us=4683 scalars=130 lookups=0[0m
[32mINFO - cjk-sd op=bank opens=1 reads=1 bytes=44 open_us=89 read_us=1453 max_read_us=1453 wall_us=1612 scalars=0 lookups=0[0m
[32mINFO - cjk-sd op=stage opens=0 reads=0 bytes=0 open_us=0 read_us=0 max_read_us=0 wall_us=116 scalars=170 lookups=0[0m
[32mINFO - cjk-sd op=prepare opens=1 reads=2 bytes=148 open_us=103 read_us=4740 max_read_us=3106 wall_us=5546 scalars=130 lookups=0[0m
[32mINFO - cjk-sd op=bank opens=1 reads=1 bytes=44 open_us=102 read_us=1611 max_read_us=1611 wall_us=1784 scalars=0 lookups=0[0m
[32mINFO - cjk-sd op=stage opens=0 reads=0 bytes=0 open_us=0 read_us=0 max_read_us=0 wall_us=116 scalars=170 lookups=0[0m
[32mINFO - cjk-sd op=prepare opens=1 reads=2 bytes=144 open_us=116 read_us=3739 max_read_us=2083 wall_us=4600 scalars=130 lookups=0[0m
[32mINFO - cjk-sd op=bank opens=1 reads=1 bytes=44 open_us=89 read_us=1453 max_read_us=1453 wall_us=1613 scalars=0 lookups=0[0m
[32mINFO - cjk-sd op=stage opens=0 reads=0 bytes=0 open_us=0 read_us=0 max_read_us=0 wall_us=116 scalars=170 lookups=0[0m
[32mINFO - cjk-sd op=prepare opens=1 reads=2 bytes=148 open_us=108 read_us=3727 max_read_us=2105 wall_us=4537 scalars=130 lookups=0[0m
[32mINFO - cjk-sd op=bank opens=1 reads=1 bytes=44 open_us=97 read_us=1600 max_read_us=1600 wall_us=1768 scalars=0 lookups=0[0m
[32mINFO - cjk-sd op=stage opens=0 reads=0 bytes=0 open_us=0 read_us=0 max_read_us=0 wall_us=116 scalars=170 lookups=0[0m
[32mINFO - cjk-sd op=prepare opens=1 reads=2 bytes=148 open_us=116 read_us=3733 max_read_us=2070 wall_us=4596 scalars=130 lookups=0[0m
[32mINFO - cjk-sd op=bank opens=1 reads=1 bytes=44 open_us=89 read_us=1470 max_read_us=1470 wall_us=1630 scalars=0 lookups=0[0m
[32mINFO - cjk-sd op=stage opens=0 reads=0 bytes=0 open_us=0 read_us=0 max_read_us=0 wall_us=116 scalars=170 lookups=0[0m
[32mINFO - cjk-sd op=prepare opens=1 reads=2 bytes=148 open_us=108 read_us=4741 max_read_us=3111 wall_us=5546 scalars=130 lookups=0[0m
[32mINFO - cjk-sd op=bank opens=1 reads=1 bytes=44 open_us=98 read_us=1614 max_read_us=1614 wall_us=1783 scalars=0 lookups=0[0m
[32mINFO - cjk-sd op=stage opens=0 reads=0 bytes=0 open_us=0 read_us=0 max_read_us=0 wall_us=116 scalars=170 lookups=0[0m
[32mINFO - cjk-sd op=prepare opens=1 reads=2 bytes=148 open_us=116 read_us=3753 max_read_us=2081 wall_us=4617 scalars=130 lookups=0[0m
[32mINFO - cjk-sd op=bank opens=1 reads=1 bytes=44 open_us=99 read_us=1458 max_read_us=1458 wall_us=1628 scalars=0 lookups=0[0m
[32mINFO - cjk-sd op=stage opens=0 reads=0 bytes=0 open_us=0 read_us=0 max_read_us=0 wall_us=116 scalars=170 lookups=0[0m
[32mINFO - cjk-sd op=prepare opens=1 reads=2 bytes=148 open_us=104 read_us=4741 max_read_us=3118 wall_us=5551 scalars=130 lookups=0[0m
[32mINFO - cjk-sd op=bank opens=1 reads=1 bytes=44 open_us=107 read_us=1631 max_read_us=1631 wall_us=1808 scalars=0 lookups=0[0m
[32mINFO - cjk-sd op=stage opens=0 reads=0 bytes=0 open_us=0 read_us=0 max_read_us=0 wall_us=116 scalars=170 lookups=0[0m
[32mINFO - cjk-sd op=prepare opens=1 reads=2 bytes=152 open_us=116 read_us=3749 max_read_us=2077 wall_us=4612 scalars=130 lookups=0[0m
[32mINFO - cjk-sd op=bank opens=1 reads=1 bytes=44 open_us=94 read_us=1455 max_read_us=1455 wall_us=1621 scalars=0 lookups=0[0m
[32mINFO - cjk-sd op=stage opens=0 reads=0 bytes=0 open_us=0 read_us=0 max_read_us=0 wall_us=116 scalars=170 lookups=0[0m
[32mINFO - cjk-sd op=prepare opens=1 reads=2 bytes=116 open_us=104 read_us=3749 max_read_us=2110 wall_us=4547 scalars=130 lookups=0[0m
[32mINFO - cjk-sd op=bank opens=1 reads=1 bytes=44 open_us=101 read_us=1630 max_read_us=1630 wall_us=1803 scalars=0 lookups=0[0m
[32mINFO - cjk-sd op=stage opens=0 reads=0 bytes=0 open_us=0 read_us=0 max_read_us=0 wall_us=116 scalars=170 lookups=0[0m
[32mINFO - cjk-sd op=prepare opens=1 reads=2 bytes=148 open_us=116 read_us=3753 max_read_us=2087 wall_us=4617 scalars=130 lookups=0[0m
[32mINFO - cjk-sd op=bank opens=1 reads=1 bytes=44 open_us=93 read_us=1453 max_read_us=1453 wall_us=1617 scalars=0 lookups=0[0m
[32mINFO - cjk-sd op=stage opens=0 reads=0 bytes=0 open_us=0 read_us=0 max_read_us=0 wall_us=116 scalars=170 lookups=0[0m
[32mINFO - cjk-sd op=prepare opens=1 reads=2 bytes=148 open_us=108 read_us=3727 max_read_us=2117 wall_us=4546 scalars=130 lookups=0[0m
[32mINFO - cjk-sd op=bank opens=1 reads=1 bytes=44 open_us=97 read_us=1556 max_read_us=1556 wall_us=1724 scalars=0 lookups=0[0m
[32mINFO - cjk-sd op=stage opens=0 reads=0 bytes=0 open_us=0 read_us=0 max_read_us=0 wall_us=116 scalars=170 lookups=0[0m
[32mINFO - cjk-sd op=prepare opens=1 reads=2 bytes=140 open_us=116 read_us=3737 max_read_us=2070 wall_us=4608 scalars=130 lookups=0[0m
[32mINFO - cjk-sd op=bank opens=1 reads=1 bytes=44 open_us=89 read_us=1446 max_read_us=1446 wall_us=1607 scalars=0 lookups=0[0m
[32mINFO - cjk-sd op=stage opens=0 reads=0 bytes=0 open_us=0 read_us=0 max_read_us=0 wall_us=116 scalars=170 lookups=0[0m
[32mINFO - cjk-sd op=prepare opens=1 reads=2 bytes=144 open_us=108 read_us=3712 max_read_us=2067 wall_us=4523 scalars=130 lookups=0[0m
[32mINFO - cjk-sd op=bank opens=1 reads=1 bytes=44 open_us=93 read_us=1608 max_read_us=1608 wall_us=1773 scalars=0 lookups=0[0m
[32mINFO - cjk-sd op=stage opens=0 reads=0 bytes=0 open_us=0 read_us=0 max_read_us=0 wall_us=116 scalars=170 lookups=0[0m
[32mINFO - cjk-sd op=prepare opens=1 reads=2 bytes=148 open_us=120 read_us=3696 max_read_us=2044 wall_us=4560 scalars=130 lookups=0[0m
[32mINFO - cjk-sd op=bank opens=1 reads=1 bytes=44 open_us=85 read_us=1452 max_read_us=1452 wall_us=1608 scalars=0 lookups=0[0m
[32mINFO - cjk-sd op=stage opens=0 reads=0 bytes=0 open_us=0 read_us=0 max_read_us=0 wall_us=113 scalars=170 lookups=0[0m
[32mINFO - cjk-sd op=prepare opens=1 reads=2 bytes=148 open_us=104 read_us=3713 max_read_us=2090 wall_us=4535 scalars=130 lookups=0[0m
[32mINFO - cjk-sd op=bank opens=1 reads=1 bytes=44 open_us=101 read_us=1589 max_read_us=1589 wall_us=1761 scalars=0 lookups=0[0m
[32mINFO - cjk-sd op=stage opens=0 reads=0 bytes=0 open_us=0 read_us=0 max_read_us=0 wall_us=120 scalars=170 lookups=0[0m
[32mINFO - cjk-sd op=prepare opens=1 reads=2 bytes=144 open_us=116 read_us=4684 max_read_us=3008 wall_us=5551 scalars=130 lookups=0[0m
[32mINFO - cjk-sd op=bank opens=1 reads=1 bytes=44 open_us=89 read_us=1483 max_read_us=1483 wall_us=1643 scalars=0 lookups=0[0m
[32mINFO - cjk-sd op=stage opens=0 reads=0 bytes=0 open_us=0 read_us=0 max_read_us=0 wall_us=112 scalars=170 lookups=0[0m
[32mINFO - cjk-sd op=prepare opens=1 reads=2 bytes=148 open_us=108 read_us=4688 max_read_us=3053 wall_us=5500 scalars=130 lookups=0[0m
[32mINFO - cjk-sd op=bank opens=1 reads=1 bytes=44 open_us=93 read_us=1626 max_read_us=1626 wall_us=1791 scalars=0 lookups=0[0m
[32mINFO - cjk-sd op=stage opens=0 reads=0 bytes=0 open_us=0 read_us=0 max_read_us=0 wall_us=116 scalars=170 lookups=0[0m
[32mINFO - cjk-sd op=prepare opens=1 reads=2 bytes=152 open_us=116 read_us=3714 max_read_us=2046 wall_us=4570 scalars=130 lookups=0[0m
[32mINFO - cjk-sd op=bank opens=1 reads=1 bytes=44 open_us=93 read_us=1449 max_read_us=1449 wall_us=1614 scalars=0 lookups=0[0m
[32mINFO - cjk-sd op=stage opens=0 reads=0 bytes=0 open_us=0 read_us=0 max_read_us=0 wall_us=112 scalars=170 lookups=0[0m
[32mINFO - cjk-sd op=prepare opens=1 reads=2 bytes=148 open_us=104 read_us=3705 max_read_us=2086 wall_us=4513 scalars=130 lookups=0[0m
[32mINFO - cjk-sd op=bank opens=1 reads=1 bytes=44 open_us=98 read_us=1596 max_read_us=1596 wall_us=1764 scalars=0 lookups=0[0m
[32mINFO - cjk-sd op=stage opens=0 reads=0 bytes=0 open_us=0 read_us=0 max_read_us=0 wall_us=116 scalars=170 lookups=0[0m
[32mINFO - cjk-sd op=prepare opens=1 reads=2 bytes=144 open_us=120 read_us=3702 max_read_us=2040 wall_us=4571 scalars=130 lookups=0[0m
[32mINFO - cjk-sd op=bank opens=1 reads=1 bytes=44 open_us=89 read_us=1462 max_read_us=1462 wall_us=1621 scalars=0 lookups=0[0m
[32mINFO - cjk-sd op=stage opens=0 reads=0 bytes=0 open_us=0 read_us=0 max_read_us=0 wall_us=112 scalars=170 lookups=0[0m
[32mINFO - cjk-sd op=prepare opens=1 reads=2 bytes=140 open_us=108 read_us=3756 max_read_us=2128 wall_us=4570 scalars=130 lookups=0[0m
[32mINFO - cjk-sd op=bank opens=1 reads=1 bytes=44 open_us=101 read_us=1601 max_read_us=1601 wall_us=1774 scalars=0 lookups=0[0m
[32mINFO - cjk-sd op=stage opens=0 reads=0 bytes=0 open_us=0 read_us=0 max_read_us=0 wall_us=116 scalars=170 lookups=0[0m
[32mINFO - cjk-sd op=prepare opens=1 reads=2 bytes=148 open_us=116 read_us=3750 max_read_us=2089 wall_us=4614 scalars=130 lookups=0[0m
[32mINFO - cjk-sd op=bank opens=1 reads=1 bytes=44 open_us=89 read_us=1463 max_read_us=1463 wall_us=1622 scalars=0 lookups=0[0m
[32mINFO - cjk-sd op=stage opens=0 reads=0 bytes=0 open_us=0 read_us=0 max_read_us=0 wall_us=112 scalars=170 lookups=0[0m
[32mINFO - cjk-sd op=prepare opens=1 reads=2 bytes=148 open_us=114 read_us=3751 max_read_us=2128 wall_us=4571 scalars=130 lookups=0[0m
[32mINFO - cjk-sd op=bank opens=1 reads=1 bytes=44 open_us=98 read_us=1588 max_read_us=1588 wall_us=1757 scalars=0 lookups=0[0m
[32mINFO - cjk-sd op=stage opens=0 reads=0 bytes=0 open_us=0 read_us=0 max_read_us=0 wall_us=116 scalars=170 lookups=0[0m
[32mINFO - cjk-sd op=prepare opens=1 reads=2 bytes=119 open_us=131 read_us=3747 max_read_us=2083 wall_us=4626 scalars=130 lookups=0[0m
[32mINFO - cjk-sd op=bank opens=1 reads=1 bytes=44 open_us=93 read_us=1470 max_read_us=1470 wall_us=1633 scalars=0 lookups=0[0m
[32mINFO - cjk-sd op=stage opens=0 reads=0 bytes=0 open_us=0 read_us=0 max_read_us=0 wall_us=113 scalars=170 lookups=0[0m
[32mINFO - cjk-sd op=prepare opens=1 reads=2 bytes=152 open_us=118 read_us=3721 max_read_us=2090 wall_us=4540 scalars=130 lookups=0[0m
[32mINFO - cjk-sd op=bank opens=1 reads=1 bytes=44 open_us=97 read_us=1600 max_read_us=1600 wall_us=1769 scalars=0 lookups=0[0m
[32mINFO - cjk-sd op=stage opens=0 reads=0 bytes=0 open_us=0 read_us=0 max_read_us=0 wall_us=116 scalars=170 lookups=0[0m
[32mINFO - cjk-sd op=prepare opens=1 reads=2 bytes=148 open_us=116 read_us=3715 max_read_us=2053 wall_us=4572 scalars=130 lookups=0[0m
[32mINFO - cjk-sd op=bank opens=1 reads=1 bytes=44 open_us=85 read_us=1447 max_read_us=1447 wall_us=1603 scalars=0 lookups=0[0m
[32mINFO - cjk-sd op=stage opens=0 reads=0 bytes=0 open_us=0 read_us=0 max_read_us=0 wall_us=112 scalars=170 lookups=0[0m
[32mINFO - cjk-sd op=prepare opens=1 reads=2 bytes=152 open_us=112 read_us=4707 max_read_us=3071 wall_us=5533 scalars=130 lookups=0[0m
[32mINFO - cjk-sd op=bank opens=1 reads=1 bytes=44 open_us=102 read_us=1608 max_read_us=1608 wall_us=1796 scalars=0 lookups=0[0m
[32mINFO - cjk-sd op=stage opens=0 reads=0 bytes=0 open_us=0 read_us=0 max_read_us=0 wall_us=115 scalars=170 lookups=0[0m
[32mINFO - cjk-sd op=prepare opens=1 reads=2 bytes=144 open_us=112 read_us=3713 max_read_us=2042 wall_us=4571 scalars=130 lookups=0[0m
[32mINFO - cjk-sd op=bank opens=1 reads=1 bytes=44 open_us=89 read_us=1527 max_read_us=1527 wall_us=1696 scalars=0 lookups=0[0m
[32mINFO - cjk-sd op=stage opens=0 reads=0 bytes=0 open_us=0 read_us=0 max_read_us=0 wall_us=112 scalars=170 lookups=0[0m
[32mINFO - cjk-sd op=prepare opens=1 reads=2 bytes=113 open_us=120 read_us=3705 max_read_us=2072 wall_us=4541 scalars=130 lookups=0[0m
[32mINFO - cjk-sd op=bank opens=1 reads=1 bytes=44 open_us=93 read_us=1611 max_read_us=1611 wall_us=1775 scalars=0 lookups=0[0m
[32mINFO - cjk-sd op=stage opens=0 reads=0 bytes=0 open_us=0 read_us=0 max_read_us=0 wall_us=116 scalars=170 lookups=0[0m
[32mINFO - cjk-sd op=prepare opens=1 reads=2 bytes=140 open_us=125 read_us=3716 max_read_us=2057 wall_us=4587 scalars=130 lookups=0[0m
[32mINFO - cjk-sd op=bank opens=1 reads=1 bytes=44 open_us=89 read_us=1451 max_read_us=1451 wall_us=1621 scalars=0 lookups=0[0m
[32mINFO - cjk-sd op=stage opens=0 reads=0 bytes=0 open_us=0 read_us=0 max_read_us=0 wall_us=112 scalars=170 lookups=0[0m
[32mINFO - cjk-sd op=prepare opens=1 reads=2 bytes=148 open_us=104 read_us=4693 max_read_us=3055 wall_us=5503 scalars=130 lookups=0[0m
[32mINFO - cjk-sd op=bank opens=1 reads=1 bytes=44 open_us=102 read_us=1611 max_read_us=1611 wall_us=1787 scalars=0 lookups=0[0m
[32mINFO - cjk-sd op=stage opens=0 reads=0 bytes=0 open_us=0 read_us=0 max_read_us=0 wall_us=115 scalars=170 lookups=0[0m
[32mINFO - cjk: bitmap 125/130 glyphs, about 391 ms left[0m
[32mINFO - cjk-sd op=prepare opens=1 reads=2 bytes=148 open_us=112 read_us=4713 max_read_us=3048 wall_us=6036 scalars=130 lookups=0[0m
[32mINFO - cjk-sd op=bank opens=1 reads=1 bytes=44 open_us=93 read_us=1491 max_read_us=1491 wall_us=1656 scalars=0 lookups=0[0m
[32mINFO - cjk-sd op=stage opens=0 reads=0 bytes=0 open_us=0 read_us=0 max_read_us=0 wall_us=112 scalars=170 lookups=0[0m
[32mINFO - cjk-sd op=prepare opens=1 reads=2 bytes=148 open_us=108 read_us=3775 max_read_us=2129 wall_us=4593 scalars=130 lookups=0[0m
[32mINFO - cjk-sd op=bank opens=1 reads=1 bytes=44 open_us=101 read_us=1610 max_read_us=1610 wall_us=1782 scalars=0 lookups=0[0m
[32mINFO - cjk-sd op=stage opens=0 reads=0 bytes=0 open_us=0 read_us=0 max_read_us=0 wall_us=116 scalars=170 lookups=0[0m
[32mINFO - cjk-sd op=prepare opens=1 reads=2 bytes=152 open_us=112 read_us=3769 max_read_us=2104 wall_us=4628 scalars=130 lookups=0[0m
[32mINFO - cjk-sd op=bank opens=1 reads=1 bytes=44 open_us=89 read_us=1430 max_read_us=1430 wall_us=1591 scalars=0 lookups=0[0m
[32mINFO - cjk-sd op=stage opens=0 reads=0 bytes=0 open_us=0 read_us=0 max_read_us=0 wall_us=112 scalars=170 lookups=0[0m
[32mINFO - cjk-sd op=prepare opens=1 reads=2 bytes=52 open_us=114 read_us=3772 max_read_us=2110 wall_us=4589 scalars=130 lookups=0[0m
[32mINFO - cjk-sd op=bank opens=1 reads=1 bytes=44 open_us=97 read_us=1594 max_read_us=1594 wall_us=1762 scalars=0 lookups=0[0m
[32mINFO - cjk-sd op=stage opens=0 reads=0 bytes=0 open_us=0 read_us=0 max_read_us=0 wall_us=115 scalars=170 lookups=0[0m
[32mINFO - cjk-sd op=prepare opens=1 reads=2 bytes=49 open_us=112 read_us=3764 max_read_us=2108 wall_us=4619 scalars=130 lookups=0[0m
[32mINFO - cjk-sd op=bank opens=1 reads=1 bytes=44 open_us=93 read_us=1432 max_read_us=1432 wall_us=1597 scalars=0 lookups=0[0m
[32mINFO - cjk-sd op=stage opens=0 reads=0 bytes=0 open_us=0 read_us=0 max_read_us=0 wall_us=112 scalars=170 lookups=0[0m
[32mINFO - cjk-sd op=prepare opens=1 reads=2 bytes=58 open_us=108 read_us=3766 max_read_us=2121 wall_us=4536 scalars=130 lookups=0[0m
[32mINFO - stats: heap 8/158K peak 8K | stack free 68K hwm 17K | bat 96% 4.1V | up 0:01 | SD:ok[0m
[32mINFO - heap psram: used 20616 B, free 2076536 B, peak 20616 B; reserved 20624 / 1900544 B, peak 20624 B[0m
[32mINFO - display: partial refresh 480x794 at (0, 6) in 833 ms (partial count 4)[0m
[32mINFO - stats: heap 8/158K peak 8K | stack free 68K hwm 17K | bat 96% 4.1V | up 0:01 | SD:ok[0m
[32mINFO - heap psram: used 20616 B, free 2076536 B, peak 20616 B; reserved 20624 / 1900544 B, peak 20624 B[0m
[32mINFO - cjk-sd op=bank opens=1 reads=1 bytes=44 open_us=128 read_us=2165 max_read_us=2165 wall_us=2491 scalars=0 lookups=0[0m
[32mINFO - cjk-sd op=stage opens=0 reads=0 bytes=0 open_us=0 read_us=0 max_read_us=0 wall_us=119 scalars=49 lookups=0[0m
[32mINFO - cjk-sd op=prepare opens=1 reads=34 bytes=3187 open_us=135 read_us=54278 max_read_us=2900 wall_us=55499 scalars=49 lookups=0[0m
[32mINFO - stats: heap 8/158K peak 8K | stack free 68K hwm 17K | bat 96% 4.1V | up 0:01 | SD:ok[0m
[32mINFO - heap psram: used 20616 B, free 2076536 B, peak 20616 B; reserved 20624 / 1900544 B, peak 20624 B[0m
[32mINFO - display: partial refresh 480x794 at (0, 6) in 768 ms (partial count 5)[0m
[32mINFO - cjk-sd op=bank opens=1 reads=1 bytes=44 open_us=102 read_us=1861 max_read_us=1861 wall_us=2110 scalars=0 lookups=0[0m
[32mINFO - cjk-sd op=stage opens=0 reads=0 bytes=0 open_us=0 read_us=0 max_read_us=0 wall_us=120 scalars=49 lookups=0[0m
[32mINFO - cjk-sd op=prepare opens=1 reads=2 bytes=152 open_us=127 read_us=3717 max_read_us=2065 wall_us=4644 scalars=49 lookups=0[0m
[32mINFO - stats: heap 8/158K peak 8K | stack free 68K hwm 17K | bat 96% 4.1V | up 0:01 | SD:ok[0m
[32mINFO - heap psram: used 20616 B, free 2076536 B, peak 20616 B; reserved 20624 / 1900544 B, peak 20624 B[0m
[32mINFO - display: partial refresh 448x24 at (8, 24) in 650 ms (partial count 6)[0m
[32mINFO - cjk-sd op=bank opens=1 reads=1 bytes=44 open_us=108 read_us=1902 max_read_us=1902 wall_us=2176 scalars=0 lookups=0[0m
[32mINFO - cjk-sd op=stage opens=0 reads=0 bytes=0 open_us=0 read_us=0 max_read_us=0 wall_us=116 scalars=49 lookups=0[0m
[32mINFO - cjk: bitmap 35/49 glyphs, about 1047 ms left[0m
[32mINFO - cjk-sd op=prepare opens=1 reads=2 bytes=116 open_us=130 read_us=3704 max_read_us=2068 wall_us=5163 scalars=49 lookups=0[0m
[32mINFO - cjk-sd op=bank opens=1 reads=1 bytes=44 open_us=112 read_us=1435 max_read_us=1435 wall_us=1635 scalars=0 lookups=0[0m
[32mINFO - cjk-sd op=stage opens=0 reads=0 bytes=0 open_us=0 read_us=0 max_read_us=0 wall_us=119 scalars=49 lookups=0[0m
[32mINFO - cjk-sd op=prepare opens=1 reads=2 bytes=148 open_us=104 read_us=3725 max_read_us=2092 wall_us=4472 scalars=49 lookups=0[0m
[32mINFO - cjk-sd op=bank opens=1 reads=1 bytes=44 open_us=105 read_us=1626 max_read_us=1626 wall_us=1819 scalars=0 lookups=0[0m
[32mINFO - cjk-sd op=stage opens=0 reads=0 bytes=0 open_us=0 read_us=0 max_read_us=0 wall_us=118 scalars=49 lookups=0[0m
[32mINFO - cjk-sd op=prepare opens=1 reads=2 bytes=125 open_us=120 read_us=3719 max_read_us=2058 wall_us=4565 scalars=49 lookups=0[0m
[32mINFO - cjk-sd op=bank opens=1 reads=1 bytes=44 open_us=100 read_us=1453 max_read_us=1453 wall_us=1632 scalars=0 lookups=0[0m
[32mINFO - cjk-sd op=stage opens=0 reads=0 bytes=0 open_us=0 read_us=0 max_read_us=0 wall_us=118 scalars=49 lookups=0[0m
[32mINFO - cjk-sd op=prepare opens=1 reads=2 bytes=152 open_us=108 read_us=3740 max_read_us=2106 wall_us=4495 scalars=49 lookups=0[0m
[32mINFO - cjk-sd op=bank opens=1 reads=1 bytes=44 open_us=105 read_us=1595 max_read_us=1595 wall_us=1775 scalars=0 lookups=0[0m
[32mINFO - cjk-sd op=stage opens=0 reads=0 bytes=0 open_us=0 read_us=0 max_read_us=0 wall_us=118 scalars=49 lookups=0[0m
[32mINFO - cjk-sd op=prepare opens=1 reads=2 bytes=148 open_us=120 read_us=3713 max_read_us=2061 wall_us=4530 scalars=49 lookups=0[0m
[32mINFO - cjk-sd op=bank opens=1 reads=1 bytes=44 open_us=101 read_us=1422 max_read_us=1422 wall_us=1598 scalars=0 lookups=0[0m
[32mINFO - cjk-sd op=stage opens=0 reads=0 bytes=0 open_us=0 read_us=0 max_read_us=0 wall_us=118 scalars=49 lookups=0[0m
[32mINFO - cjk-sd op=prepare opens=1 reads=2 bytes=152 open_us=108 read_us=3730 max_read_us=2087 wall_us=4482 scalars=49 lookups=0[0m
[32mINFO - cjk-sd op=bank opens=1 reads=1 bytes=44 open_us=105 read_us=1560 max_read_us=1560 wall_us=1740 scalars=0 lookups=0[0m
[32mINFO - cjk-sd op=stage opens=0 reads=0 bytes=0 open_us=0 read_us=0 max_read_us=0 wall_us=118 scalars=49 lookups=0[0m
[32mINFO - cjk-sd op=prepare opens=1 reads=2 bytes=140 open_us=120 read_us=4715 max_read_us=3033 wall_us=5536 scalars=49 lookups=0[0m
[32mINFO - cjk-sd op=bank opens=1 reads=1 bytes=44 open_us=100 read_us=1416 max_read_us=1416 wall_us=1592 scalars=0 lookups=0[0m
[32mINFO - cjk-sd op=stage opens=0 reads=0 bytes=0 open_us=0 read_us=0 max_read_us=0 wall_us=119 scalars=49 lookups=0[0m
[32mINFO - cjk-sd op=prepare opens=1 reads=2 bytes=144 open_us=108 read_us=3742 max_read_us=2065 wall_us=4499 scalars=49 lookups=0[0m
[32mINFO - cjk-sd op=bank opens=1 reads=1 bytes=44 open_us=105 read_us=1577 max_read_us=1577 wall_us=1757 scalars=0 lookups=0[0m
[32mINFO - cjk-sd op=stage opens=0 reads=0 bytes=0 open_us=0 read_us=0 max_read_us=0 wall_us=119 scalars=49 lookups=0[0m
[32mINFO - cjk-sd op=prepare opens=1 reads=2 bytes=144 open_us=120 read_us=3741 max_read_us=2061 wall_us=4558 scalars=49 lookups=0[0m
[32mINFO - cjk-sd op=bank opens=1 reads=1 bytes=44 open_us=100 read_us=1426 max_read_us=1426 wall_us=1602 scalars=0 lookups=0[0m
[32mINFO - cjk-sd op=stage opens=0 reads=0 bytes=0 open_us=0 read_us=0 max_read_us=0 wall_us=118 scalars=49 lookups=0[0m
[32mINFO - cjk-sd op=prepare opens=1 reads=2 bytes=148 open_us=108 read_us=3735 max_read_us=2083 wall_us=4492 scalars=49 lookups=0[0m
[32mINFO - cjk-sd op=bank opens=1 reads=1 bytes=44 open_us=107 read_us=1555 max_read_us=1555 wall_us=1737 scalars=0 lookups=0[0m
[32mINFO - cjk-sd op=stage opens=0 reads=0 bytes=0 open_us=0 read_us=0 max_read_us=0 wall_us=119 scalars=49 lookups=0[0m
[32mINFO - cjk-sd op=prepare opens=1 reads=2 bytes=144 open_us=120 read_us=3746 max_read_us=2054 wall_us=4569 scalars=49 lookups=0[0m
[32mINFO - cjk-sd op=bank opens=1 reads=1 bytes=44 open_us=101 read_us=1423 max_read_us=1423 wall_us=1598 scalars=0 lookups=0[0m
[32mINFO - cjk-sd op=stage opens=0 reads=0 bytes=0 open_us=0 read_us=0 max_read_us=0 wall_us=118 scalars=49 lookups=0[0m
[32mINFO - cjk-sd op=prepare opens=1 reads=2 bytes=144 open_us=108 read_us=4722 max_read_us=3053 wall_us=5492 scalars=49 lookups=0[0m
[32mINFO - cjk-sd op=bank opens=1 reads=1 bytes=44 open_us=105 read_us=1570 max_read_us=1570 wall_us=1751 scalars=0 lookups=0[0m
[32mINFO - cjk-sd op=stage opens=0 reads=0 bytes=0 open_us=0 read_us=0 max_read_us=0 wall_us=118 scalars=49 lookups=0[0m
[32mINFO - cjk-sd op=prepare opens=1 reads=2 bytes=119 open_us=120 read_us=3781 max_read_us=2106 wall_us=4599 scalars=49 lookups=0[0m
[32mINFO - cjk-sd op=bank opens=1 reads=1 bytes=44 open_us=101 read_us=1412 max_read_us=1412 wall_us=1588 scalars=0 lookups=0[0m
[32mINFO - cjk-sd op=stage opens=0 reads=0 bytes=0 open_us=0 read_us=0 max_read_us=0 wall_us=118 scalars=49 lookups=0[0m
[32mINFO - cjk-sd op=prepare opens=1 reads=2 bytes=148 open_us=114 read_us=3725 max_read_us=2082 wall_us=4485 scalars=49 lookups=0[0m
[32mINFO - cjk-sd op=bank opens=1 reads=1 bytes=44 open_us=105 read_us=1532 max_read_us=1532 wall_us=1712 scalars=0 lookups=0[0m
[32mINFO - cjk-sd op=stage opens=0 reads=0 bytes=0 open_us=0 read_us=0 max_read_us=0 wall_us=118 scalars=49 lookups=0[0m
[32mINFO - cjk-sd op=prepare opens=1 reads=2 bytes=52 open_us=120 read_us=3798 max_read_us=2114 wall_us=4563 scalars=49 lookups=0[0m
[32mINFO - stats: heap 8/158K peak 8K | stack free 68K hwm 17K | bat 96% 4.1V | up 0:01 | SD:ok[0m
[32mINFO - heap psram: used 20616 B, free 2076536 B, peak 20616 B; reserved 20624 / 1900544 B, peak 20624 B[0m
[32mINFO - display: partial refresh 480x794 at (0, 6) in 791 ms (partial count 7)[0m
[32mINFO - stats: heap 8/158K peak 8K | stack free 68K hwm 17K | bat 96% 4.1V | up 0:01 | SD:ok[0m
[32mINFO - heap psram: used 20616 B, free 2076536 B, peak 20616 B; reserved 20624 / 1900544 B, peak 20624 B[0m
[32mINFO - stats: heap 8/158K peak 8K | stack free 68K hwm 17K | bat 96% 4.1V | up 0:01 | SD:ok[0m
[32mINFO - heap psram: used 20616 B, free 2076536 B, peak 20616 B; reserved 20624 / 1900544 B, peak 20624 B[0m
[32mINFO - stats: heap 8/158K peak 8K | stack free 68K hwm 17K | bat 96% 4.1V | up 0:02 | SD:ok[0m
[32mINFO - heap psram: used 20616 B, free 2076536 B, peak 20616 B; reserved 20624 / 1900544 B, peak 20624 B[0m
[32mINFO - cjk-sd op=bank opens=1 reads=1 bytes=44 open_us=112 read_us=2135 max_read_us=2135 wall_us=2432 scalars=0 lookups=0[0m
[32mINFO - cjk-sd op=stage opens=0 reads=0 bytes=0 open_us=0 read_us=0 max_read_us=0 wall_us=116 scalars=170 lookups=0[0m
[32mINFO - cjk: bitmap 1/130 glyphs, about 10144 ms left[0m
[32mINFO - cjk-sd op=prepare opens=1 reads=2 bytes=51 open_us=147 read_us=3722 max_read_us=2067 wall_us=5152 scalars=130 lookups=0[0m
[32mINFO - stats: heap 8/158K peak 8K | stack free 68K hwm 17K | bat 96% 4.1V | up 0:02 | SD:ok[0m
[32mINFO - heap psram: used 20616 B, free 2076536 B, peak 20616 B; reserved 20624 / 1900544 B, peak 20624 B[0m
[32mINFO - display: partial refresh 480x794 at (0, 6) in 817 ms (partial count 8)[0m
[32mINFO - cjk-sd op=bank opens=1 reads=1 bytes=44 open_us=104 read_us=1920 max_read_us=1920 wall_us=2195 scalars=0 lookups=0[0m
[32mINFO - cjk-sd op=stage opens=0 reads=0 bytes=0 open_us=0 read_us=0 max_read_us=0 wall_us=120 scalars=170 lookups=0[0m
[32mINFO - cjk-sd op=prepare opens=1 reads=2 bytes=53 open_us=127 read_us=3768 max_read_us=2079 wall_us=4716 scalars=130 lookups=0[0m
[32mINFO - battery: cell 4178 mV, 98% (periodic)[0m
[32mINFO - cjk-sd op=bank opens=1 reads=1 bytes=44 open_us=109 read_us=1455 max_read_us=1455 wall_us=1653 scalars=0 lookups=0[0m
[32mINFO - cjk-sd op=stage opens=0 reads=0 bytes=0 open_us=0 read_us=0 max_read_us=0 wall_us=116 scalars=170 lookups=0[0m
[32mINFO - cjk-sd op=prepare opens=1 reads=2 bytes=96 open_us=120 read_us=3680 max_read_us=1999 wall_us=4512 scalars=130 lookups=0[0m
[32mINFO - cjk-sd op=bank opens=1 reads=1 bytes=44 open_us=105 read_us=1652 max_read_us=1652 wall_us=1831 scalars=0 lookups=0[0m
[32mINFO - cjk-sd op=stage opens=0 reads=0 bytes=0 open_us=0 read_us=0 max_read_us=0 wall_us=114 scalars=170 lookups=0[0m
[32mINFO - cjk-sd op=prepare opens=1 reads=2 bytes=96 open_us=116 read_us=3756 max_read_us=2069 wall_us=4627 scalars=130 lookups=0[0m
[32mINFO - cjk-sd op=bank opens=1 reads=1 bytes=44 open_us=92 read_us=1416 max_read_us=1416 wall_us=1588 scalars=0 lookups=0[0m
[32mINFO - cjk-sd op=stage opens=0 reads=0 bytes=0 open_us=0 read_us=0 max_read_us=0 wall_us=118 scalars=170 lookups=0[0m
[32mINFO - cjk-sd op=prepare opens=1 reads=2 bytes=64 open_us=104 read_us=3709 max_read_us=2048 wall_us=4502 scalars=130 lookups=0[0m
[32mINFO - cjk-sd op=bank opens=1 reads=1 bytes=44 open_us=101 read_us=1581 max_read_us=1581 wall_us=1757 scalars=0 lookups=0[0m
[32mINFO - cjk-sd op=stage opens=0 reads=0 bytes=0 open_us=0 read_us=0 max_read_us=0 wall_us=113 scalars=170 lookups=0[0m
[32mINFO - cjk-sd op=prepare opens=1 reads=2 bytes=63 open_us=112 read_us=3725 max_read_us=2032 wall_us=4566 scalars=130 lookups=0[0m
[32mINFO - cjk-sd op=bank opens=1 reads=1 bytes=44 open_us=97 read_us=1396 max_read_us=1396 wall_us=1569 scalars=0 lookups=0[0m
[32mINFO - cjk-sd op=stage opens=0 reads=0 bytes=0 open_us=0 read_us=0 max_read_us=0 wall_us=118 scalars=170 lookups=0[0m
[32mINFO - cjk-sd op=prepare opens=1 reads=2 bytes=64 open_us=100 read_us=3730 max_read_us=2038 wall_us=4507 scalars=130 lookups=0[0m
[32mINFO - cjk-sd op=bank opens=1 reads=1 bytes=44 open_us=105 read_us=1592 max_read_us=1592 wall_us=1772 scalars=0 lookups=0[0m
[32mINFO - cjk-sd op=stage opens=0 reads=0 bytes=0 open_us=0 read_us=0 max_read_us=0 wall_us=116 scalars=170 lookups=0[0m
[32mINFO - cjk-sd op=prepare opens=1 reads=2 bytes=140 open_us=112 read_us=3756 max_read_us=2067 wall_us=4593 scalars=130 lookups=0[0m
[32mINFO - cjk-sd op=bank opens=1 reads=1 bytes=44 open_us=97 read_us=1417 max_read_us=1417 wall_us=1589 scalars=0 lookups=0[0m
[32mINFO - cjk-sd op=stage opens=0 reads=0 bytes=0 open_us=0 read_us=0 max_read_us=0 wall_us=118 scalars=170 lookups=0[0m
[32mINFO - cjk-sd op=prepare opens=1 reads=2 bytes=119 open_us=100 read_us=4736 max_read_us=3053 wall_us=5517 scalars=130 lookups=0[0m
[32mINFO - cjk-sd op=bank opens=1 reads=1 bytes=44 open_us=105 read_us=1582 max_read_us=1582 wall_us=1763 scalars=0 lookups=0[0m
[32mINFO - cjk-sd op=stage opens=0 reads=0 bytes=0 open_us=0 read_us=0 max_read_us=0 wall_us=116 scalars=170 lookups=0[0m
[32mINFO - cjk-sd op=prepare opens=1 reads=2 bytes=144 open_us=112 read_us=3723 max_read_us=2014 wall_us=4560 scalars=130 lookups=0[0m
[32mINFO - cjk-sd op=bank opens=1 reads=1 bytes=44 open_us=88 read_us=1388 max_read_us=1388 wall_us=1552 scalars=0 lookups=0[0m
[32mINFO - cjk-sd op=stage opens=0 reads=0 bytes=0 open_us=0 read_us=0 max_read_us=0 wall_us=118 scalars=170 lookups=0[0m
[32mINFO - cjk-sd op=prepare opens=1 reads=2 bytes=148 open_us=104 read_us=3749 max_read_us=2052 wall_us=4531 scalars=130 lookups=0[0m
[32mINFO - cjk-sd op=bank opens=1 reads=1 bytes=44 open_us=97 read_us=1595 max_read_us=1595 wall_us=1767 scalars=0 lookups=0[0m
[32mINFO - cjk-sd op=stage opens=0 reads=0 bytes=0 open_us=0 read_us=0 max_read_us=0 wall_us=116 scalars=170 lookups=0[0m
[32mINFO - cjk-sd op=prepare opens=1 reads=2 bytes=136 open_us=112 read_us=3746 max_read_us=2059 wall_us=4586 scalars=130 lookups=0[0m
[32mINFO - cjk-sd op=bank opens=1 reads=1 bytes=44 open_us=92 read_us=1384 max_read_us=1384 wall_us=1552 scalars=0 lookups=0[0m
[32mINFO - cjk-sd op=stage opens=0 reads=0 bytes=0 open_us=0 read_us=0 max_read_us=0 wall_us=118 scalars=170 lookups=0[0m
[32mINFO - cjk-sd op=prepare opens=1 reads=2 bytes=148 open_us=100 read_us=3683 max_read_us=2022 wall_us=4463 scalars=130 lookups=0[0m
[32mINFO - cjk-sd op=bank opens=1 reads=1 bytes=44 open_us=101 read_us=1569 max_read_us=1569 wall_us=1746 scalars=0 lookups=0[0m
[32mINFO - cjk-sd op=stage opens=0 reads=0 bytes=0 open_us=0 read_us=0 max_read_us=0 wall_us=116 scalars=170 lookups=0[0m
[32mINFO - cjk-sd op=prepare opens=1 reads=2 bytes=152 open_us=112 read_us=4673 max_read_us=2974 wall_us=5515 scalars=130 lookups=0[0m
[32mINFO - cjk-sd op=bank opens=1 reads=1 bytes=44 open_us=92 read_us=1419 max_read_us=1419 wall_us=1586 scalars=0 lookups=0[0m
[32mINFO - cjk-sd op=stage opens=0 reads=0 bytes=0 open_us=0 read_us=0 max_read_us=0 wall_us=118 scalars=170 lookups=0[0m
[32mINFO - cjk-sd op=prepare opens=1 reads=2 bytes=148 open_us=108 read_us=4753 max_read_us=3059 wall_us=5545 scalars=130 lookups=0[0m
[32mINFO - cjk-sd op=bank opens=1 reads=1 bytes=44 open_us=105 read_us=1583 max_read_us=1583 wall_us=1764 scalars=0 lookups=0[0m
[32mINFO - cjk-sd op=stage opens=0 reads=0 bytes=0 open_us=0 read_us=0 max_read_us=0 wall_us=114 scalars=170 lookups=0[0m
[32mINFO - cjk-sd op=prepare opens=1 reads=2 bytes=148 open_us=112 read_us=3740 max_read_us=2053 wall_us=4583 scalars=130 lookups=0[0m
[32mINFO - cjk-sd op=bank opens=1 reads=1 bytes=44 open_us=99 read_us=1400 max_read_us=1400 wall_us=1574 scalars=0 lookups=0[0m
[32mINFO - cjk-sd op=stage opens=0 reads=0 bytes=0 open_us=0 read_us=0 max_read_us=0 wall_us=118 scalars=170 lookups=0[0m
[32mINFO - cjk-sd op=prepare opens=1 reads=2 bytes=148 open_us=100 read_us=3735 max_read_us=2061 wall_us=4509 scalars=130 lookups=0[0m
[32mINFO - cjk-sd op=bank opens=1 reads=1 bytes=44 open_us=103 read_us=1567 max_read_us=1567 wall_us=1746 scalars=0 lookups=0[0m
[32mINFO - cjk-sd op=stage opens=0 reads=0 bytes=0 open_us=0 read_us=0 max_read_us=0 wall_us=116 scalars=170 lookups=0[0m
[32mINFO - cjk-sd op=prepare opens=1 reads=2 bytes=144 open_us=112 read_us=4762 max_read_us=3061 wall_us=5601 scalars=130 lookups=0[0m
[32mINFO - cjk-sd op=bank opens=1 reads=1 bytes=44 open_us=88 read_us=1414 max_read_us=1414 wall_us=1578 scalars=0 lookups=0[0m
[32mINFO - cjk-sd op=stage opens=0 reads=0 bytes=0 open_us=0 read_us=0 max_read_us=0 wall_us=118 scalars=170 lookups=0[0m
[32mINFO - cjk-sd op=prepare opens=1 reads=2 bytes=140 open_us=103 read_us=3747 max_read_us=2057 wall_us=4531 scalars=130 lookups=0[0m
[32mINFO - cjk-sd op=bank opens=1 reads=1 bytes=44 open_us=97 read_us=1594 max_read_us=1594 wall_us=1767 scalars=0 lookups=0[0m
[32mINFO - cjk-sd op=stage opens=0 reads=0 bytes=0 open_us=0 read_us=0 max_read_us=0 wall_us=116 scalars=170 lookups=0[0m
[32mINFO - cjk-sd op=prepare opens=1 reads=2 bytes=148 open_us=112 read_us=3732 max_read_us=2049 wall_us=4575 scalars=130 lookups=0[0m
[32mINFO - cjk-sd op=bank opens=1 reads=1 bytes=44 open_us=97 read_us=1390 max_read_us=1390 wall_us=1561 scalars=0 lookups=0[0m
[32mINFO - cjk-sd op=stage opens=0 reads=0 bytes=0 open_us=0 read_us=0 max_read_us=0 wall_us=119 scalars=170 lookups=0[0m
[32mINFO - cjk-sd op=prepare opens=1 reads=2 bytes=122 open_us=100 read_us=3723 max_read_us=2066 wall_us=4508 scalars=130 lookups=0[0m
[32mINFO - cjk-sd op=bank opens=1 reads=1 bytes=44 open_us=101 read_us=1566 max_read_us=1566 wall_us=1743 scalars=0 lookups=0[0m
[32mINFO - cjk-sd op=stage opens=0 reads=0 bytes=0 open_us=0 read_us=0 max_read_us=0 wall_us=116 scalars=170 lookups=0[0m
[32mINFO - cjk-sd op=prepare opens=1 reads=2 bytes=122 open_us=112 read_us=4755 max_read_us=3056 wall_us=5598 scalars=130 lookups=0[0m
[32mINFO - cjk-sd op=bank opens=1 reads=1 bytes=44 open_us=93 read_us=1405 max_read_us=1405 wall_us=1574 scalars=0 lookups=0[0m
[32mINFO - cjk-sd op=stage opens=0 reads=0 bytes=0 open_us=0 read_us=0 max_read_us=0 wall_us=119 scalars=170 lookups=0[0m
[32mINFO - cjk-sd op=prepare opens=1 reads=2 bytes=148 open_us=104 read_us=3733 max_read_us=2054 wall_us=4512 scalars=130 lookups=0[0m
[32mINFO - cjk-sd op=bank opens=1 reads=1 bytes=44 open_us=97 read_us=1578 max_read_us=1578 wall_us=1751 scalars=0 lookups=0[0m
[32mINFO - cjk-sd op=stage opens=0 reads=0 bytes=0 open_us=0 read_us=0 max_read_us=0 wall_us=116 scalars=170 lookups=0[0m
[32mINFO - cjk-sd op=prepare opens=1 reads=2 bytes=116 open_us=112 read_us=3734 max_read_us=2059 wall_us=4565 scalars=130 lookups=0[0m
[32mINFO - cjk-sd op=bank opens=1 reads=1 bytes=44 open_us=92 read_us=1398 max_read_us=1398 wall_us=1566 scalars=0 lookups=0[0m
[32mINFO - cjk-sd op=stage opens=0 reads=0 bytes=0 open_us=0 read_us=0 max_read_us=0 wall_us=116 scalars=170 lookups=0[0m
[32mINFO - cjk-sd op=prepare opens=1 reads=2 bytes=148 open_us=100 read_us=3737 max_read_us=2082 wall_us=4516 scalars=130 lookups=0[0m
[32mINFO - cjk-sd op=bank opens=1 reads=1 bytes=44 open_us=97 read_us=1560 max_read_us=1560 wall_us=1732 scalars=0 lookups=0[0m
[32mINFO - cjk-sd op=stage opens=0 reads=0 bytes=0 open_us=0 read_us=0 max_read_us=0 wall_us=116 scalars=170 lookups=0[0m
[32mINFO - cjk-sd op=prepare opens=1 reads=2 bytes=148 open_us=116 read_us=3734 max_read_us=2038 wall_us=4576 scalars=130 lookups=0[0m
[32mINFO - cjk-sd op=bank opens=1 reads=1 bytes=44 open_us=88 read_us=1389 max_read_us=1389 wall_us=1553 scalars=0 lookups=0[0m
[32mINFO - cjk-sd op=stage opens=0 reads=0 bytes=0 open_us=0 read_us=0 max_read_us=0 wall_us=116 scalars=170 lookups=0[0m
[32mINFO - cjk-sd op=prepare opens=1 reads=2 bytes=110 open_us=100 read_us=3734 max_read_us=2054 wall_us=4510 scalars=130 lookups=0[0m
[32mINFO - cjk-sd op=bank opens=1 reads=1 bytes=44 open_us=101 read_us=1587 max_read_us=1587 wall_us=1764 scalars=0 lookups=0[0m
[32mINFO - cjk-sd op=stage opens=0 reads=0 bytes=0 open_us=0 read_us=0 max_read_us=0 wall_us=116 scalars=170 lookups=0[0m
[32mINFO - cjk-sd op=prepare opens=1 reads=2 bytes=136 open_us=112 read_us=4748 max_read_us=3066 wall_us=5588 scalars=130 lookups=0[0m
[32mINFO - cjk-sd op=bank opens=1 reads=1 bytes=44 open_us=93 read_us=1421 max_read_us=1421 wall_us=1590 scalars=0 lookups=0[0m
[32mINFO - cjk-sd op=stage opens=0 reads=0 bytes=0 open_us=0 read_us=0 max_read_us=0 wall_us=116 scalars=170 lookups=0[0m
[32mINFO - cjk-sd op=prepare opens=1 reads=2 bytes=152 open_us=108 read_us=3729 max_read_us=2067 wall_us=4514 scalars=130 lookups=0[0m
[32mINFO - cjk-sd op=bank opens=1 reads=1 bytes=44 open_us=97 read_us=1575 max_read_us=1575 wall_us=1747 scalars=0 lookups=0[0m
[32mINFO - cjk-sd op=stage opens=0 reads=0 bytes=0 open_us=0 read_us=0 max_read_us=0 wall_us=116 scalars=170 lookups=0[0m
[32mINFO - cjk-sd op=prepare opens=1 reads=2 bytes=148 open_us=112 read_us=3730 max_read_us=2041 wall_us=4571 scalars=130 lookups=0[0m
[32mINFO - cjk-sd op=bank opens=1 reads=1 bytes=44 open_us=92 read_us=1402 max_read_us=1402 wall_us=1569 scalars=0 lookups=0[0m
[32mINFO - cjk-sd op=stage opens=0 reads=0 bytes=0 open_us=0 read_us=0 max_read_us=0 wall_us=116 scalars=170 lookups=0[0m
[32mINFO - cjk-sd op=prepare opens=1 reads=2 bytes=144 open_us=103 read_us=3734 max_read_us=2060 wall_us=4514 scalars=130 lookups=0[0m
[32mINFO - cjk-sd op=bank opens=1 reads=1 bytes=44 open_us=97 read_us=1575 max_read_us=1575 wall_us=1747 scalars=0 lookups=0[0m
[32mINFO - cjk-sd op=stage opens=0 reads=0 bytes=0 open_us=0 read_us=0 max_read_us=0 wall_us=116 scalars=170 lookups=0[0m
[32mINFO - cjk-sd op=prepare opens=1 reads=2 bytes=116 open_us=117 read_us=3733 max_read_us=2052 wall_us=4573 scalars=130 lookups=0[0m
[32mINFO - cjk-sd op=bank opens=1 reads=1 bytes=44 open_us=88 read_us=1399 max_read_us=1399 wall_us=1563 scalars=0 lookups=0[0m
[32mINFO - cjk-sd op=stage opens=0 reads=0 bytes=0 open_us=0 read_us=0 max_read_us=0 wall_us=116 scalars=170 lookups=0[0m
[32mINFO - cjk-sd op=prepare opens=1 reads=2 bytes=119 open_us=101 read_us=4752 max_read_us=3089 wall_us=5548 scalars=130 lookups=0[0m
[32mINFO - cjk-sd op=bank opens=1 reads=1 bytes=44 open_us=101 read_us=1569 max_read_us=1569 wall_us=1746 scalars=0 lookups=0[0m
[32mINFO - cjk-sd op=stage opens=0 reads=0 bytes=0 open_us=0 read_us=0 max_read_us=0 wall_us=116 scalars=170 lookups=0[0m
[32mINFO - cjk-sd op=prepare opens=1 reads=2 bytes=122 open_us=124 read_us=4737 max_read_us=3048 wall_us=5591 scalars=130 lookups=0[0m
[32mINFO - cjk-sd op=bank opens=1 reads=1 bytes=44 open_us=89 read_us=1411 max_read_us=1411 wall_us=1575 scalars=0 lookups=0[0m
[32mINFO - cjk-sd op=stage opens=0 reads=0 bytes=0 open_us=0 read_us=0 max_read_us=0 wall_us=116 scalars=170 lookups=0[0m
[32mINFO - cjk-sd op=prepare opens=1 reads=2 bytes=148 open_us=116 read_us=4673 max_read_us=2997 wall_us=5471 scalars=130 lookups=0[0m
[32mINFO - cjk-sd op=bank opens=1 reads=1 bytes=44 open_us=97 read_us=1584 max_read_us=1584 wall_us=1756 scalars=0 lookups=0[0m
[32mINFO - cjk-sd op=stage opens=0 reads=0 bytes=0 open_us=0 read_us=0 max_read_us=0 wall_us=116 scalars=170 lookups=0[0m
[32mINFO - cjk-sd op=prepare opens=1 reads=2 bytes=144 open_us=120 read_us=4667 max_read_us=2988 wall_us=5516 scalars=130 lookups=0[0m
[32mINFO - cjk-sd op=bank opens=1 reads=1 bytes=44 open_us=93 read_us=1404 max_read_us=1404 wall_us=1572 scalars=0 lookups=0[0m
[32mINFO - cjk-sd op=stage opens=0 reads=0 bytes=0 open_us=0 read_us=0 max_read_us=0 wall_us=116 scalars=170 lookups=0[0m
[32mINFO - cjk-sd op=prepare opens=1 reads=2 bytes=148 open_us=108 read_us=4672 max_read_us=3008 wall_us=5464 scalars=130 lookups=0[0m
[32mINFO - cjk-sd op=bank opens=1 reads=1 bytes=44 open_us=101 read_us=1569 max_read_us=1569 wall_us=1757 scalars=0 lookups=0[0m
[32mINFO - cjk-sd op=stage opens=0 reads=0 bytes=0 open_us=0 read_us=0 max_read_us=0 wall_us=116 scalars=170 lookups=0[0m
[32mINFO - cjk-sd op=prepare opens=1 reads=2 bytes=144 open_us=107 read_us=3705 max_read_us=2014 wall_us=4538 scalars=130 lookups=0[0m
[32mINFO - cjk-sd op=bank opens=1 reads=1 bytes=44 open_us=93 read_us=1407 max_read_us=1407 wall_us=1585 scalars=0 lookups=0[0m
[32mINFO - cjk-sd op=stage opens=0 reads=0 bytes=0 open_us=0 read_us=0 max_read_us=0 wall_us=116 scalars=170 lookups=0[0m
[32mINFO - cjk-sd op=prepare opens=1 reads=2 bytes=140 open_us=108 read_us=3743 max_read_us=2072 wall_us=4529 scalars=130 lookups=0[0m
[32mINFO - cjk-sd op=bank opens=1 reads=1 bytes=44 open_us=101 read_us=1574 max_read_us=1574 wall_us=1759 scalars=0 lookups=0[0m
[32mINFO - cjk-sd op=stage opens=0 reads=0 bytes=0 open_us=0 read_us=0 max_read_us=0 wall_us=116 scalars=170 lookups=0[0m
[32mINFO - cjk-sd op=prepare opens=1 reads=2 bytes=148 open_us=107 read_us=3749 max_read_us=2059 wall_us=4583 scalars=130 lookups=0[0m
[32mINFO - cjk-sd op=bank opens=1 reads=1 bytes=44 open_us=97 read_us=1403 max_read_us=1403 wall_us=1582 scalars=0 lookups=0[0m
[32mINFO - cjk-sd op=stage opens=0 reads=0 bytes=0 open_us=0 read_us=0 max_read_us=0 wall_us=116 scalars=170 lookups=0[0m
[32mINFO - cjk: bitmap 41/130 glyphs, about 6938 ms left[0m
[32mINFO - cjk-sd op=prepare opens=1 reads=2 bytes=119 open_us=104 read_us=4752 max_read_us=3092 wall_us=5943 scalars=130 lookups=0[0m
[32mINFO - cjk-sd op=bank opens=1 reads=1 bytes=44 open_us=101 read_us=1574 max_read_us=1574 wall_us=1756 scalars=0 lookups=0[0m
[32mINFO - cjk-sd op=stage opens=0 reads=0 bytes=0 open_us=0 read_us=0 max_read_us=0 wall_us=116 scalars=170 lookups=0[0m
[32mINFO - cjk-sd op=prepare opens=1 reads=2 bytes=148 open_us=108 read_us=3755 max_read_us=2057 wall_us=4592 scalars=130 lookups=0[0m
[32mINFO - cjk-sd op=bank opens=1 reads=1 bytes=44 open_us=93 read_us=1423 max_read_us=1423 wall_us=1593 scalars=0 lookups=0[0m
[32mINFO - cjk-sd op=stage opens=0 reads=0 bytes=0 open_us=0 read_us=0 max_read_us=0 wall_us=116 scalars=170 lookups=0[0m
[32mINFO - cjk-sd op=prepare opens=1 reads=2 bytes=122 open_us=108 read_us=4714 max_read_us=3037 wall_us=5505 scalars=130 lookups=0[0m
[32mINFO - cjk-sd op=bank opens=1 reads=1 bytes=44 open_us=101 read_us=1597 max_read_us=1597 wall_us=1773 scalars=0 lookups=0[0m
[32mINFO - cjk-sd op=stage opens=0 reads=0 bytes=0 open_us=0 read_us=0 max_read_us=0 wall_us=113 scalars=170 lookups=0[0m
[32mINFO - cjk-sd op=prepare opens=1 reads=2 bytes=152 open_us=108 read_us=3755 max_read_us=2061 wall_us=4590 scalars=130 lookups=0[0m
[32mINFO - cjk-sd op=bank opens=1 reads=1 bytes=44 open_us=89 read_us=1388 max_read_us=1388 wall_us=1553 scalars=0 lookups=0[0m
[32mINFO - cjk-sd op=stage opens=0 reads=0 bytes=0 open_us=0 read_us=0 max_read_us=0 wall_us=116 scalars=170 lookups=0[0m
[32mINFO - cjk-sd op=prepare opens=1 reads=2 bytes=148 open_us=108 read_us=3733 max_read_us=2060 wall_us=4525 scalars=130 lookups=0[0m
[32mINFO - cjk-sd op=bank opens=1 reads=1 bytes=44 open_us=101 read_us=1569 max_read_us=1569 wall_us=1745 scalars=0 lookups=0[0m
[32mINFO - cjk-sd op=stage opens=0 reads=0 bytes=0 open_us=0 read_us=0 max_read_us=0 wall_us=116 scalars=170 lookups=0[0m
[32mINFO - cjk-sd op=prepare opens=1 reads=2 bytes=122 open_us=108 read_us=3748 max_read_us=2056 wall_us=4583 scalars=130 lookups=0[0m
[32mINFO - stats: heap 8/158K peak 8K | stack free 68K hwm 17K | bat 98% 4.1V | up 0:02 | SD:ok[0m
[32mINFO - heap psram: used 20616 B, free 2076536 B, peak 20616 B; reserved 20624 / 1900544 B, peak 20624 B[0m
[32mINFO - cjk-sd op=bank opens=1 reads=1 bytes=44 open_us=97 read_us=1599 max_read_us=1599 wall_us=1789 scalars=0 lookups=0[0m
[32mINFO - cjk-sd op=stage opens=0 reads=0 bytes=0 open_us=0 read_us=0 max_read_us=0 wall_us=113 scalars=170 lookups=0[0m
[32mINFO - cjk-sd op=prepare opens=1 reads=2 bytes=132 open_us=128 read_us=3738 max_read_us=2071 wall_us=4577 scalars=130 lookups=0[0m
[32mINFO - cjk-sd op=bank opens=1 reads=1 bytes=44 open_us=105 read_us=1601 max_read_us=1601 wall_us=1781 scalars=0 lookups=0[0m
[32mINFO - cjk-sd op=stage opens=0 reads=0 bytes=0 open_us=0 read_us=0 max_read_us=0 wall_us=112 scalars=170 lookups=0[0m
[32mINFO - cjk-sd op=prepare opens=1 reads=2 bytes=110 open_us=122 read_us=4756 max_read_us=3060 wall_us=5616 scalars=130 lookups=0[0m
[32mINFO - cjk-sd op=bank opens=1 reads=1 bytes=44 open_us=100 read_us=1496 max_read_us=1496 wall_us=1672 scalars=0 lookups=0[0m
[32mINFO - cjk-sd op=stage opens=0 reads=0 bytes=0 open_us=0 read_us=0 max_read_us=0 wall_us=112 scalars=170 lookups=0[0m
[32mINFO - cjk-sd op=prepare opens=1 reads=2 bytes=152 open_us=100 read_us=3762 max_read_us=2085 wall_us=4565 scalars=130 lookups=0[0m
[32mINFO - cjk-sd op=bank opens=1 reads=1 bytes=44 open_us=101 read_us=1578 max_read_us=1578 wall_us=1758 scalars=0 lookups=0[0m
[32mINFO - cjk-sd op=stage opens=0 reads=0 bytes=0 open_us=0 read_us=0 max_read_us=0 wall_us=113 scalars=170 lookups=0[0m
[32mINFO - cjk-sd op=prepare opens=1 reads=2 bytes=152 open_us=112 read_us=3749 max_read_us=2064 wall_us=4591 scalars=130 lookups=0[0m
[32mINFO - cjk-sd op=bank opens=1 reads=1 bytes=44 open_us=93 read_us=1440 max_read_us=1440 wall_us=1608 scalars=0 lookups=0[0m
[32mINFO - cjk-sd op=stage opens=0 reads=0 bytes=0 open_us=0 read_us=0 max_read_us=0 wall_us=112 scalars=170 lookups=0[0m
[32mINFO - cjk-sd op=prepare opens=1 reads=2 bytes=122 open_us=104 read_us=3734 max_read_us=2070 wall_us=4523 scalars=130 lookups=0[0m
[32mINFO - cjk-sd op=bank opens=1 reads=1 bytes=44 open_us=97 read_us=1564 max_read_us=1564 wall_us=1736 scalars=0 lookups=0[0m
[32mINFO - cjk-sd op=stage opens=0 reads=0 bytes=0 open_us=0 read_us=0 max_read_us=0 wall_us=112 scalars=170 lookups=0[0m
[32mINFO - cjk-sd op=prepare opens=1 reads=2 bytes=122 open_us=111 read_us=4775 max_read_us=3076 wall_us=5628 scalars=130 lookups=0[0m
[32mINFO - cjk-sd op=bank opens=1 reads=1 bytes=44 open_us=92 read_us=1385 max_read_us=1385 wall_us=1552 scalars=0 lookups=0[0m
[32mINFO - cjk-sd op=stage opens=0 reads=0 bytes=0 open_us=0 read_us=0 max_read_us=0 wall_us=112 scalars=170 lookups=0[0m
[32mINFO - cjk-sd op=prepare opens=1 reads=2 bytes=148 open_us=104 read_us=3754 max_read_us=2071 wall_us=4537 scalars=130 lookups=0[0m
[32mINFO - cjk-sd op=bank opens=1 reads=1 bytes=44 open_us=101 read_us=1568 max_read_us=1568 wall_us=1745 scalars=0 lookups=0[0m
[32mINFO - cjk-sd op=stage opens=0 reads=0 bytes=0 open_us=0 read_us=0 max_read_us=0 wall_us=112 scalars=170 lookups=0[0m
[32mINFO - cjk-sd op=prepare opens=1 reads=2 bytes=148 open_us=114 read_us=3748 max_read_us=2063 wall_us=4586 scalars=130 lookups=0[0m
[32mINFO - cjk-sd op=bank opens=1 reads=1 bytes=44 open_us=93 read_us=1400 max_read_us=1400 wall_us=1569 scalars=0 lookups=0[0m
[32mINFO - cjk-sd op=stage opens=0 reads=0 bytes=0 open_us=0 read_us=0 max_read_us=0 wall_us=114 scalars=170 lookups=0[0m
[32mINFO - cjk-sd op=prepare opens=1 reads=2 bytes=128 open_us=104 read_us=3738 max_read_us=2080 wall_us=4523 scalars=130 lookups=0[0m
[32mINFO - cjk-sd op=bank opens=1 reads=1 bytes=44 open_us=101 read_us=1555 max_read_us=1555 wall_us=1731 scalars=0 lookups=0[0m
[32mINFO - cjk-sd op=stage opens=0 reads=0 bytes=0 open_us=0 read_us=0 max_read_us=0 wall_us=112 scalars=170 lookups=0[0m
[32mINFO - cjk-sd op=prepare opens=1 reads=2 bytes=144 open_us=112 read_us=3747 max_read_us=2050 wall_us=4587 scalars=130 lookups=0[0m
[32mINFO - cjk-sd op=bank opens=1 reads=1 bytes=44 open_us=92 read_us=1400 max_read_us=1400 wall_us=1570 scalars=0 lookups=0[0m
[32mINFO - cjk-sd op=stage opens=0 reads=0 bytes=0 open_us=0 read_us=0 max_read_us=0 wall_us=115 scalars=170 lookups=0[0m
[32mINFO - cjk-sd op=prepare opens=1 reads=2 bytes=148 open_us=100 read_us=4690 max_read_us=3003 wall_us=5476 scalars=130 lookups=0[0m
[32mINFO - cjk-sd op=bank opens=1 reads=1 bytes=44 open_us=97 read_us=1584 max_read_us=1584 wall_us=1757 scalars=0 lookups=0[0m
[32mINFO - cjk-sd op=stage opens=0 reads=0 bytes=0 open_us=0 read_us=0 max_read_us=0 wall_us=113 scalars=170 lookups=0[0m
[32mINFO - cjk-sd op=prepare opens=1 reads=2 bytes=152 open_us=116 read_us=4720 max_read_us=3042 wall_us=5570 scalars=130 lookups=0[0m
[32mINFO - cjk-sd op=bank opens=1 reads=1 bytes=44 open_us=92 read_us=1412 max_read_us=1412 wall_us=1580 scalars=0 lookups=0[0m
[32mINFO - cjk-sd op=stage opens=0 reads=0 bytes=0 open_us=0 read_us=0 max_read_us=0 wall_us=112 scalars=170 lookups=0[0m
[32mINFO - cjk-sd op=prepare opens=1 reads=2 bytes=144 open_us=104 read_us=3747 max_read_us=2080 wall_us=4534 scalars=130 lookups=0[0m
[32mINFO - cjk-sd op=bank opens=1 reads=1 bytes=44 open_us=104 read_us=1571 max_read_us=1571 wall_us=1750 scalars=0 lookups=0[0m
[32mINFO - cjk-sd op=stage opens=0 reads=0 bytes=0 open_us=0 read_us=0 max_read_us=0 wall_us=112 scalars=170 lookups=0[0m
[32mINFO - cjk-sd op=prepare opens=1 reads=2 bytes=148 open_us=112 read_us=3765 max_read_us=2060 wall_us=4606 scalars=130 lookups=0[0m
[32mINFO - cjk-sd op=bank opens=1 reads=1 bytes=44 open_us=89 read_us=1410 max_read_us=1410 wall_us=1574 scalars=0 lookups=0[0m
[32mINFO - cjk-sd op=stage opens=0 reads=0 bytes=0 open_us=0 read_us=0 max_read_us=0 wall_us=113 scalars=170 lookups=0[0m
[32mINFO - cjk-sd op=prepare opens=1 reads=2 bytes=148 open_us=104 read_us=3766 max_read_us=2094 wall_us=4554 scalars=130 lookups=0[0m
[32mINFO - cjk-sd op=bank opens=1 reads=1 bytes=44 open_us=96 read_us=1563 max_read_us=1563 wall_us=1735 scalars=0 lookups=0[0m
[32mINFO - cjk-sd op=stage opens=0 reads=0 bytes=0 open_us=0 read_us=0 max_read_us=0 wall_us=114 scalars=170 lookups=0[0m
[32mINFO - cjk-sd op=prepare opens=1 reads=2 bytes=148 open_us=112 read_us=3737 max_read_us=2049 wall_us=4578 scalars=130 lookups=0[0m
[32mINFO - cjk-sd op=bank opens=1 reads=1 bytes=44 open_us=93 read_us=1405 max_read_us=1405 wall_us=1572 scalars=0 lookups=0[0m
[32mINFO - cjk-sd op=stage opens=0 reads=0 bytes=0 open_us=0 read_us=0 max_read_us=0 wall_us=112 scalars=170 lookups=0[0m
[32mINFO - cjk-sd op=prepare opens=1 reads=2 bytes=148 open_us=100 read_us=3737 max_read_us=2100 wall_us=4526 scalars=130 lookups=0[0m
[32mINFO - cjk-sd op=bank opens=1 reads=1 bytes=44 open_us=101 read_us=1560 max_read_us=1560 wall_us=1737 scalars=0 lookups=0[0m
[32mINFO - cjk-sd op=stage opens=0 reads=0 bytes=0 open_us=0 read_us=0 max_read_us=0 wall_us=113 scalars=170 lookups=0[0m
[32mINFO - cjk-sd op=prepare opens=1 reads=2 bytes=148 open_us=112 read_us=3769 max_read_us=2059 wall_us=4628 scalars=130 lookups=0[0m
[32mINFO - cjk-sd op=bank opens=1 reads=1 bytes=44 open_us=89 read_us=1416 max_read_us=1416 wall_us=1579 scalars=0 lookups=0[0m
[32mINFO - cjk-sd op=stage opens=0 reads=0 bytes=0 open_us=0 read_us=0 max_read_us=0 wall_us=113 scalars=170 lookups=0[0m
[32mINFO - cjk-sd op=prepare opens=1 reads=2 bytes=148 open_us=104 read_us=3756 max_read_us=2092 wall_us=4549 scalars=130 lookups=0[0m
[32mINFO - cjk-sd op=bank opens=1 reads=1 bytes=44 open_us=97 read_us=1566 max_read_us=1566 wall_us=1738 scalars=0 lookups=0[0m
[32mINFO - cjk-sd op=stage opens=0 reads=0 bytes=0 open_us=0 read_us=0 max_read_us=0 wall_us=112 scalars=170 lookups=0[0m
[32mINFO - cjk-sd op=prepare opens=1 reads=2 bytes=152 open_us=112 read_us=3740 max_read_us=2055 wall_us=4594 scalars=130 lookups=0[0m
[32mINFO - cjk-sd op=bank opens=1 reads=1 bytes=44 open_us=92 read_us=1419 max_read_us=1419 wall_us=1591 scalars=0 lookups=0[0m
[32mINFO - cjk-sd op=stage opens=0 reads=0 bytes=0 open_us=0 read_us=0 max_read_us=0 wall_us=112 scalars=170 lookups=0[0m
[32mINFO - cjk-sd op=prepare opens=1 reads=2 bytes=148 open_us=100 read_us=3752 max_read_us=2102 wall_us=4540 scalars=130 lookups=0[0m
[32mINFO - cjk-sd op=bank opens=1 reads=1 bytes=44 open_us=99 read_us=1559 max_read_us=1559 wall_us=1733 scalars=0 lookups=0[0m
[32mINFO - cjk-sd op=stage opens=0 reads=0 bytes=0 open_us=0 read_us=0 max_read_us=0 wall_us=113 scalars=170 lookups=0[0m
[32mINFO - cjk-sd op=prepare opens=1 reads=2 bytes=152 open_us=116 read_us=3753 max_read_us=2051 wall_us=4600 scalars=130 lookups=0[0m
[32mINFO - cjk-sd op=bank opens=1 reads=1 bytes=44 open_us=91 read_us=1419 max_read_us=1419 wall_us=1586 scalars=0 lookups=0[0m
[32mINFO - cjk-sd op=stage opens=0 reads=0 bytes=0 open_us=0 read_us=0 max_read_us=0 wall_us=112 scalars=170 lookups=0[0m
[32mINFO - cjk-sd op=prepare opens=1 reads=2 bytes=152 open_us=100 read_us=4759 max_read_us=3096 wall_us=5547 scalars=130 lookups=0[0m
[32mINFO - cjk-sd op=bank opens=1 reads=1 bytes=44 open_us=105 read_us=1586 max_read_us=1586 wall_us=1767 scalars=0 lookups=0[0m
[32mINFO - cjk-sd op=stage opens=0 reads=0 bytes=0 open_us=0 read_us=0 max_read_us=0 wall_us=114 scalars=170 lookups=0[0m
[32mINFO - cjk-sd op=prepare opens=1 reads=2 bytes=152 open_us=112 read_us=3745 max_read_us=2060 wall_us=4588 scalars=130 lookups=0[0m
[32mINFO - cjk-sd op=bank opens=1 reads=1 bytes=44 open_us=93 read_us=1440 max_read_us=1440 wall_us=1609 scalars=0 lookups=0[0m
[32mINFO - cjk-sd op=stage opens=0 reads=0 bytes=0 open_us=0 read_us=0 max_read_us=0 wall_us=112 scalars=170 lookups=0[0m
[32mINFO - cjk-sd op=prepare opens=1 reads=2 bytes=148 open_us=104 read_us=4740 max_read_us=3103 wall_us=5535 scalars=130 lookups=0[0m
[32mINFO - cjk-sd op=bank opens=1 reads=1 bytes=44 open_us=101 read_us=1576 max_read_us=1576 wall_us=1752 scalars=0 lookups=0[0m
[32mINFO - cjk-sd op=stage opens=0 reads=0 bytes=0 open_us=0 read_us=0 max_read_us=0 wall_us=114 scalars=170 lookups=0[0m
[32mINFO - cjk-sd op=prepare opens=1 reads=2 bytes=140 open_us=112 read_us=3713 max_read_us=2011 wall_us=4556 scalars=130 lookups=0[0m
[32mINFO - cjk-sd op=bank opens=1 reads=1 bytes=44 open_us=97 read_us=1404 max_read_us=1404 wall_us=1586 scalars=0 lookups=0[0m
[32mINFO - cjk-sd op=stage opens=0 reads=0 bytes=0 open_us=0 read_us=0 max_read_us=0 wall_us=113 scalars=170 lookups=0[0m
[32mINFO - cjk-sd op=prepare opens=1 reads=2 bytes=144 open_us=100 read_us=3717 max_read_us=2054 wall_us=4510 scalars=130 lookups=0[0m
[32mINFO - cjk-sd op=bank opens=1 reads=1 bytes=44 open_us=97 read_us=1566 max_read_us=1566 wall_us=1743 scalars=0 lookups=0[0m
[32mINFO - cjk-sd op=stage opens=0 reads=0 bytes=0 open_us=0 read_us=0 max_read_us=0 wall_us=112 scalars=170 lookups=0[0m
[32mINFO - cjk-sd op=prepare opens=1 reads=2 bytes=119 open_us=114 read_us=3705 max_read_us=2020 wall_us=4551 scalars=130 lookups=0[0m
[32mINFO - cjk-sd op=bank opens=1 reads=1 bytes=44 open_us=93 read_us=1415 max_read_us=1415 wall_us=1587 scalars=0 lookups=0[0m
[32mINFO - cjk-sd op=stage opens=0 reads=0 bytes=0 open_us=0 read_us=0 max_read_us=0 wall_us=112 scalars=170 lookups=0[0m
[32mINFO - cjk-sd op=prepare opens=1 reads=2 bytes=144 open_us=107 read_us=4673 max_read_us=3038 wall_us=5476 scalars=130 lookups=0[0m
[32mINFO - cjk-sd op=bank opens=1 reads=1 bytes=44 open_us=109 read_us=1579 max_read_us=1579 wall_us=1767 scalars=0 lookups=0[0m
[32mINFO - cjk-sd op=stage opens=0 reads=0 bytes=0 open_us=0 read_us=0 max_read_us=0 wall_us=112 scalars=170 lookups=0[0m
[32mINFO - cjk-sd op=prepare opens=1 reads=2 bytes=148 open_us=124 read_us=4689 max_read_us=2991 wall_us=5553 scalars=130 lookups=0[0m
[32mINFO - cjk-sd op=bank opens=1 reads=1 bytes=44 open_us=89 read_us=1416 max_read_us=1416 wall_us=1577 scalars=0 lookups=0[0m
[32mINFO - cjk-sd op=stage opens=0 reads=0 bytes=0 open_us=0 read_us=0 max_read_us=0 wall_us=112 scalars=170 lookups=0[0m
[32mINFO - cjk-sd op=prepare opens=1 reads=2 bytes=148 open_us=100 read_us=3758 max_read_us=2080 wall_us=4553 scalars=130 lookups=0[0m
[32mINFO - cjk-sd op=bank opens=1 reads=1 bytes=44 open_us=102 read_us=1572 max_read_us=1572 wall_us=1743 scalars=0 lookups=0[0m
[32mINFO - cjk-sd op=stage opens=0 reads=0 bytes=0 open_us=0 read_us=0 max_read_us=0 wall_us=113 scalars=170 lookups=0[0m
[32mINFO - cjk-sd op=prepare opens=1 reads=2 bytes=152 open_us=120 read_us=3750 max_read_us=2080 wall_us=4617 scalars=130 lookups=0[0m
[32mINFO - cjk-sd op=bank opens=1 reads=1 bytes=44 open_us=101 read_us=1406 max_read_us=1406 wall_us=1590 scalars=0 lookups=0[0m
[32mINFO - cjk-sd op=stage opens=0 reads=0 bytes=0 open_us=0 read_us=0 max_read_us=0 wall_us=112 scalars=170 lookups=0[0m
[32mINFO - cjk-sd op=prepare opens=1 reads=2 bytes=152 open_us=100 read_us=3748 max_read_us=2095 wall_us=4543 scalars=130 lookups=0[0m
[32mINFO - cjk-sd op=bank opens=1 reads=1 bytes=44 open_us=101 read_us=1562 max_read_us=1562 wall_us=1735 scalars=0 lookups=0[0m
[32mINFO - cjk-sd op=stage opens=0 reads=0 bytes=0 open_us=0 read_us=0 max_read_us=0 wall_us=119 scalars=170 lookups=0[0m
[32mINFO - cjk-sd op=prepare opens=1 reads=2 bytes=144 open_us=120 read_us=3767 max_read_us=2066 wall_us=4626 scalars=130 lookups=0[0m
[32mINFO - cjk-sd op=bank opens=1 reads=1 bytes=44 open_us=89 read_us=1422 max_read_us=1422 wall_us=1588 scalars=0 lookups=0[0m
[32mINFO - cjk-sd op=stage opens=0 reads=0 bytes=0 open_us=0 read_us=0 max_read_us=0 wall_us=112 scalars=170 lookups=0[0m
[32mINFO - cjk-sd op=prepare opens=1 reads=2 bytes=144 open_us=108 read_us=3768 max_read_us=2090 wall_us=4571 scalars=130 lookups=0[0m
[32mINFO - cjk-sd op=bank opens=1 reads=1 bytes=44 open_us=98 read_us=1565 max_read_us=1565 wall_us=1733 scalars=0 lookups=0[0m
[32mINFO - cjk-sd op=stage opens=0 reads=0 bytes=0 open_us=0 read_us=0 max_read_us=0 wall_us=112 scalars=170 lookups=0[0m
[32mINFO - cjk-sd op=prepare opens=1 reads=2 bytes=152 open_us=120 read_us=3749 max_read_us=2077 wall_us=4613 scalars=130 lookups=0[0m
[32mINFO - cjk-sd op=bank opens=1 reads=1 bytes=44 open_us=94 read_us=1411 max_read_us=1411 wall_us=1575 scalars=0 lookups=0[0m
[32mINFO - cjk-sd op=stage opens=0 reads=0 bytes=0 open_us=0 read_us=0 max_read_us=0 wall_us=112 scalars=170 lookups=0[0m
[32mINFO - cjk-sd op=prepare opens=1 reads=2 bytes=144 open_us=100 read_us=3753 max_read_us=2103 wall_us=4550 scalars=130 lookups=0[0m
[32mINFO - cjk-sd op=bank opens=1 reads=1 bytes=44 open_us=98 read_us=1564 max_read_us=1564 wall_us=1732 scalars=0 lookups=0[0m
[32mINFO - cjk-sd op=stage opens=0 reads=0 bytes=0 open_us=0 read_us=0 max_read_us=0 wall_us=112 scalars=170 lookups=0[0m
[32mINFO - cjk-sd op=prepare opens=1 reads=2 bytes=148 open_us=124 read_us=3761 max_read_us=2066 wall_us=4629 scalars=130 lookups=0[0m
[32mINFO - cjk-sd op=bank opens=1 reads=1 bytes=44 open_us=89 read_us=1409 max_read_us=1409 wall_us=1570 scalars=0 lookups=0[0m
[32mINFO - cjk-sd op=stage opens=0 reads=0 bytes=0 open_us=0 read_us=0 max_read_us=0 wall_us=112 scalars=170 lookups=0[0m
[32mINFO - cjk-sd op=prepare opens=1 reads=2 bytes=122 open_us=100 read_us=3767 max_read_us=2093 wall_us=4568 scalars=130 lookups=0[0m
[32mINFO - cjk-sd op=bank opens=1 reads=1 bytes=44 open_us=101 read_us=1563 max_read_us=1563 wall_us=1735 scalars=0 lookups=0[0m
[32mINFO - cjk-sd op=stage opens=0 reads=0 bytes=0 open_us=0 read_us=0 max_read_us=0 wall_us=112 scalars=170 lookups=0[0m
[32mINFO - cjk-sd op=prepare opens=1 reads=2 bytes=152 open_us=120 read_us=3759 max_read_us=2083 wall_us=4622 scalars=130 lookups=0[0m
[32mINFO - cjk-sd op=bank opens=1 reads=1 bytes=44 open_us=89 read_us=1438 max_read_us=1438 wall_us=1598 scalars=0 lookups=0[0m
[32mINFO - cjk-sd op=stage opens=0 reads=0 bytes=0 open_us=0 read_us=0 max_read_us=0 wall_us=112 scalars=170 lookups=0[0m
[32mINFO - cjk-sd op=prepare opens=1 reads=2 bytes=148 open_us=104 read_us=3757 max_read_us=2105 wall_us=4557 scalars=130 lookups=0[0m
[32mINFO - cjk-sd op=bank opens=1 reads=1 bytes=44 open_us=97 read_us=1559 max_read_us=1559 wall_us=1727 scalars=0 lookups=0[0m
[32mINFO - cjk-sd op=stage opens=0 reads=0 bytes=0 open_us=0 read_us=0 max_read_us=0 wall_us=112 scalars=170 lookups=0[0m
[32mINFO - cjk-sd op=prepare opens=1 reads=2 bytes=152 open_us=120 read_us=3753 max_read_us=2075 wall_us=4617 scalars=130 lookups=0[0m
[32mINFO - cjk-sd op=bank opens=1 reads=1 bytes=44 open_us=93 read_us=1449 max_read_us=1449 wall_us=1614 scalars=0 lookups=0[0m
[32mINFO - cjk-sd op=stage opens=0 reads=0 bytes=0 open_us=0 read_us=0 max_read_us=0 wall_us=112 scalars=170 lookups=0[0m
[32mINFO - cjk-sd op=prepare opens=1 reads=2 bytes=148 open_us=100 read_us=4782 max_read_us=3104 wall_us=5586 scalars=130 lookups=0[0m
[32mINFO - cjk-sd op=bank opens=1 reads=1 bytes=44 open_us=97 read_us=1588 max_read_us=1588 wall_us=1756 scalars=0 lookups=0[0m
[32mINFO - cjk-sd op=stage opens=0 reads=0 bytes=0 open_us=0 read_us=0 max_read_us=0 wall_us=112 scalars=170 lookups=0[0m
[32mINFO - cjk-sd op=prepare opens=1 reads=2 bytes=144 open_us=124 read_us=3755 max_read_us=2086 wall_us=4628 scalars=130 lookups=0[0m
[32mINFO - cjk-sd op=bank opens=1 reads=1 bytes=44 open_us=89 read_us=1447 max_read_us=1447 wall_us=1607 scalars=0 lookups=0[0m
[32mINFO - cjk-sd op=stage opens=0 reads=0 bytes=0 open_us=0 read_us=0 max_read_us=0 wall_us=112 scalars=170 lookups=0[0m
[32mINFO - cjk-sd op=prepare opens=1 reads=2 bytes=144 open_us=103 read_us=3762 max_read_us=2106 wall_us=4570 scalars=130 lookups=0[0m
[32mINFO - cjk-sd op=bank opens=1 reads=1 bytes=44 open_us=101 read_us=1578 max_read_us=1578 wall_us=1751 scalars=0 lookups=0[0m
[32mINFO - cjk-sd op=stage opens=0 reads=0 bytes=0 open_us=0 read_us=0 max_read_us=0 wall_us=112 scalars=170 lookups=0[0m
[32mINFO - cjk: bitmap 92/130 glyphs, about 2937 ms left[0m
[32mINFO - cjk-sd op=prepare opens=1 reads=2 bytes=148 open_us=120 read_us=3740 max_read_us=2065 wall_us=5081 scalars=130 lookups=0[0m
[32mINFO - cjk-sd op=bank opens=1 reads=1 bytes=44 open_us=90 read_us=1484 max_read_us=1484 wall_us=1645 scalars=0 lookups=0[0m
[32mINFO - cjk-sd op=stage opens=0 reads=0 bytes=0 open_us=0 read_us=0 max_read_us=0 wall_us=112 scalars=170 lookups=0[0m
[32mINFO - cjk-sd op=prepare opens=1 reads=2 bytes=148 open_us=104 read_us=3771 max_read_us=2112 wall_us=4578 scalars=130 lookups=0[0m
[32mINFO - cjk-sd op=bank opens=1 reads=1 bytes=44 open_us=97 read_us=1564 max_read_us=1564 wall_us=1733 scalars=0 lookups=0[0m
[32mINFO - cjk-sd op=stage opens=0 reads=0 bytes=0 open_us=0 read_us=0 max_read_us=0 wall_us=112 scalars=170 lookups=0[0m
[32mINFO - cjk-sd op=prepare opens=1 reads=2 bytes=148 open_us=120 read_us=4744 max_read_us=3082 wall_us=5617 scalars=130 lookups=0[0m
[32mINFO - cjk-sd op=bank opens=1 reads=1 bytes=44 open_us=94 read_us=1452 max_read_us=1452 wall_us=1616 scalars=0 lookups=0[0m
[32mINFO - cjk-sd op=stage opens=0 reads=0 bytes=0 open_us=0 read_us=0 max_read_us=0 wall_us=112 scalars=170 lookups=0[0m
[32mINFO - cjk-sd op=prepare opens=1 reads=2 bytes=144 open_us=103 read_us=3768 max_read_us=2112 wall_us=4574 scalars=130 lookups=0[0m
[32mINFO - cjk-sd op=bank opens=1 reads=1 bytes=44 open_us=101 read_us=1561 max_read_us=1561 wall_us=1733 scalars=0 lookups=0[0m
[32mINFO - cjk-sd op=stage opens=0 reads=0 bytes=0 open_us=0 read_us=0 max_read_us=0 wall_us=112 scalars=170 lookups=0[0m
[32mINFO - cjk-sd op=prepare opens=1 reads=2 bytes=148 open_us=121 read_us=3751 max_read_us=2068 wall_us=4622 scalars=130 lookups=0[0m
[32mINFO - cjk-sd op=bank opens=1 reads=1 bytes=44 open_us=89 read_us=1442 max_read_us=1442 wall_us=1603 scalars=0 lookups=0[0m
[32mINFO - cjk-sd op=stage opens=0 reads=0 bytes=0 open_us=0 read_us=0 max_read_us=0 wall_us=112 scalars=170 lookups=0[0m
[32mINFO - cjk-sd op=prepare opens=1 reads=2 bytes=148 open_us=104 read_us=3776 max_read_us=2110 wall_us=4578 scalars=130 lookups=0[0m
[32mINFO - cjk-sd op=bank opens=1 reads=1 bytes=44 open_us=98 read_us=1581 max_read_us=1581 wall_us=1750 scalars=0 lookups=0[0m
[32mINFO - cjk-sd op=stage opens=0 reads=0 bytes=0 open_us=0 read_us=0 max_read_us=0 wall_us=112 scalars=170 lookups=0[0m
[32mINFO - cjk-sd op=prepare opens=1 reads=2 bytes=148 open_us=120 read_us=4748 max_read_us=3084 wall_us=5617 scalars=130 lookups=0[0m
[32mINFO - cjk-sd op=bank opens=1 reads=1 bytes=44 open_us=94 read_us=1452 max_read_us=1452 wall_us=1617 scalars=0 lookups=0[0m
[32mINFO - cjk-sd op=stage opens=0 reads=0 bytes=0 open_us=0 read_us=0 max_read_us=0 wall_us=112 scalars=170 lookups=0[0m
[32mINFO - cjk-sd op=prepare opens=1 reads=2 bytes=148 open_us=100 read_us=3785 max_read_us=2123 wall_us=4591 scalars=130 lookups=0[0m
[32mINFO - cjk-sd op=bank opens=1 reads=1 bytes=44 open_us=103 read_us=1568 max_read_us=1568 wall_us=1743 scalars=0 lookups=0[0m
[32mINFO - cjk-sd op=stage opens=0 reads=0 bytes=0 open_us=0 read_us=0 max_read_us=0 wall_us=112 scalars=170 lookups=0[0m
[32mINFO - cjk-sd op=prepare opens=1 reads=2 bytes=148 open_us=124 read_us=4783 max_read_us=3093 wall_us=5666 scalars=130 lookups=0[0m
[32mINFO - cjk-sd op=bank opens=1 reads=1 bytes=44 open_us=94 read_us=1444 max_read_us=1444 wall_us=1610 scalars=0 lookups=0[0m
[32mINFO - cjk-sd op=stage opens=0 reads=0 bytes=0 open_us=0 read_us=0 max_read_us=0 wall_us=112 scalars=170 lookups=0[0m
[32mINFO - cjk-sd op=prepare opens=1 reads=2 bytes=152 open_us=99 read_us=3781 max_read_us=2097 wall_us=4580 scalars=130 lookups=0[0m
[32mINFO - cjk-sd op=bank opens=1 reads=1 bytes=44 open_us=104 read_us=1593 max_read_us=1593 wall_us=1768 scalars=0 lookups=0[0m
[32mINFO - cjk-sd op=stage opens=0 reads=0 bytes=0 open_us=0 read_us=0 max_read_us=0 wall_us=113 scalars=170 lookups=0[0m
[32mINFO - cjk-sd op=prepare opens=1 reads=2 bytes=116 open_us=120 read_us=3754 max_read_us=2090 wall_us=4621 scalars=130 lookups=0[0m
[32mINFO - cjk-sd op=bank opens=1 reads=1 bytes=44 open_us=93 read_us=1451 max_read_us=1451 wall_us=1616 scalars=0 lookups=0[0m
[32mINFO - cjk-sd op=stage opens=0 reads=0 bytes=0 open_us=0 read_us=0 max_read_us=0 wall_us=113 scalars=170 lookups=0[0m
[32mINFO - cjk-sd op=prepare opens=1 reads=2 bytes=148 open_us=104 read_us=3776 max_read_us=2116 wall_us=4587 scalars=130 lookups=0[0m
[32mINFO - cjk-sd op=bank opens=1 reads=1 bytes=44 open_us=97 read_us=1575 max_read_us=1575 wall_us=1743 scalars=0 lookups=0[0m
[32mINFO - cjk-sd op=stage opens=0 reads=0 bytes=0 open_us=0 read_us=0 max_read_us=0 wall_us=112 scalars=170 lookups=0[0m
[32mINFO - cjk-sd op=prepare opens=1 reads=2 bytes=148 open_us=120 read_us=3755 max_read_us=2079 wall_us=4632 scalars=130 lookups=0[0m
[32mINFO - cjk-sd op=bank opens=1 reads=1 bytes=44 open_us=93 read_us=1432 max_read_us=1432 wall_us=1597 scalars=0 lookups=0[0m
[32mINFO - cjk-sd op=stage opens=0 reads=0 bytes=0 open_us=0 read_us=0 max_read_us=0 wall_us=112 scalars=170 lookups=0[0m
[32mINFO - cjk-sd op=prepare opens=1 reads=2 bytes=140 open_us=100 read_us=3773 max_read_us=2107 wall_us=4578 scalars=130 lookups=0[0m
[32mINFO - cjk-sd op=bank opens=1 reads=1 bytes=44 open_us=97 read_us=1576 max_read_us=1576 wall_us=1743 scalars=0 lookups=0[0m
[32mINFO - cjk-sd op=stage opens=0 reads=0 bytes=0 open_us=0 read_us=0 max_read_us=0 wall_us=112 scalars=170 lookups=0[0m
[32mINFO - cjk-sd op=prepare opens=1 reads=2 bytes=144 open_us=124 read_us=3724 max_read_us=2047 wall_us=4605 scalars=130 lookups=0[0m
[32mINFO - cjk-sd op=bank opens=1 reads=1 bytes=44 open_us=90 read_us=1425 max_read_us=1425 wall_us=1586 scalars=0 lookups=0[0m
[32mINFO - cjk-sd op=stage opens=0 reads=0 bytes=0 open_us=0 read_us=0 max_read_us=0 wall_us=112 scalars=170 lookups=0[0m
[32mINFO - cjk-sd op=prepare opens=1 reads=2 bytes=148 open_us=104 read_us=3738 max_read_us=2076 wall_us=4544 scalars=130 lookups=0[0m
[32mINFO - cjk-sd op=bank opens=1 reads=1 bytes=44 open_us=102 read_us=1562 max_read_us=1562 wall_us=1733 scalars=0 lookups=0[0m
[32mINFO - cjk-sd op=stage opens=0 reads=0 bytes=0 open_us=0 read_us=0 max_read_us=0 wall_us=120 scalars=170 lookups=0[0m
[32mINFO - cjk-sd op=prepare opens=1 reads=2 bytes=148 open_us=120 read_us=3740 max_read_us=2048 wall_us=4618 scalars=130 lookups=0[0m
[32mINFO - cjk-sd op=bank opens=1 reads=1 bytes=44 open_us=89 read_us=1423 max_read_us=1423 wall_us=1584 scalars=0 lookups=0[0m
[32mINFO - cjk-sd op=stage opens=0 reads=0 bytes=0 open_us=0 read_us=0 max_read_us=0 wall_us=120 scalars=170 lookups=0[0m
[32mINFO - cjk-sd op=prepare opens=1 reads=2 bytes=144 open_us=104 read_us=4709 max_read_us=3034 wall_us=5523 scalars=130 lookups=0[0m
[32mINFO - stats: heap 8/158K peak 8K | stack free 68K hwm 17K | bat 98% 4.1V | up 0:02 | SD:ok[0m
[32mINFO - heap psram: used 20616 B, free 2076536 B, peak 20616 B; reserved 20624 / 1900544 B, peak 20624 B[0m
[32mINFO - cjk-sd op=bank opens=1 reads=1 bytes=44 open_us=97 read_us=1667 max_read_us=1667 wall_us=1850 scalars=0 lookups=0[0m
[32mINFO - cjk-sd op=stage opens=0 reads=0 bytes=0 open_us=0 read_us=0 max_read_us=0 wall_us=116 scalars=170 lookups=0[0m
[32mINFO - cjk-sd op=prepare opens=1 reads=2 bytes=148 open_us=128 read_us=4688 max_read_us=3023 wall_us=5582 scalars=130 lookups=0[0m
[32mINFO - cjk-sd op=bank opens=1 reads=1 bytes=44 open_us=89 read_us=1447 max_read_us=1447 wall_us=1607 scalars=0 lookups=0[0m
[32mINFO - cjk-sd op=stage opens=0 reads=0 bytes=0 open_us=0 read_us=0 max_read_us=0 wall_us=116 scalars=170 lookups=0[0m
[32mINFO - cjk-sd op=prepare opens=1 reads=2 bytes=152 open_us=108 read_us=3743 max_read_us=2081 wall_us=4549 scalars=130 lookups=0[0m
[32mINFO - cjk-sd op=bank opens=1 reads=1 bytes=44 open_us=97 read_us=1591 max_read_us=1591 wall_us=1760 scalars=0 lookups=0[0m
[32mINFO - cjk-sd op=stage opens=0 reads=0 bytes=0 open_us=0 read_us=0 max_read_us=0 wall_us=116 scalars=170 lookups=0[0m
[32mINFO - cjk-sd op=prepare opens=1 reads=2 bytes=148 open_us=129 read_us=3726 max_read_us=2053 wall_us=4636 scalars=130 lookups=0[0m
[32mINFO - cjk-sd op=bank opens=1 reads=1 bytes=44 open_us=89 read_us=1446 max_read_us=1446 wall_us=1611 scalars=0 lookups=0[0m
[32mINFO - cjk-sd op=stage opens=0 reads=0 bytes=0 open_us=0 read_us=0 max_read_us=0 wall_us=116 scalars=170 lookups=0[0m
[32mINFO - cjk-sd op=prepare opens=1 reads=2 bytes=144 open_us=100 read_us=3727 max_read_us=2071 wall_us=4534 scalars=130 lookups=0[0m
[32mINFO - cjk-sd op=bank opens=1 reads=1 bytes=44 open_us=101 read_us=1571 max_read_us=1571 wall_us=1744 scalars=0 lookups=0[0m
[32mINFO - cjk-sd op=stage opens=0 reads=0 bytes=0 open_us=0 read_us=0 max_read_us=0 wall_us=116 scalars=170 lookups=0[0m
[32mINFO - cjk-sd op=prepare opens=1 reads=2 bytes=140 open_us=120 read_us=3735 max_read_us=2085 wall_us=4601 scalars=130 lookups=0[0m
[32mINFO - cjk-sd op=bank opens=1 reads=1 bytes=44 open_us=93 read_us=1443 max_read_us=1443 wall_us=1608 scalars=0 lookups=0[0m
[32mINFO - cjk-sd op=stage opens=0 reads=0 bytes=0 open_us=0 read_us=0 max_read_us=0 wall_us=116 scalars=170 lookups=0[0m
[32mINFO - cjk-sd op=prepare opens=1 reads=2 bytes=148 open_us=100 read_us=3768 max_read_us=2126 wall_us=4587 scalars=130 lookups=0[0m
[32mINFO - cjk-sd op=bank opens=1 reads=1 bytes=44 open_us=102 read_us=1555 max_read_us=1555 wall_us=1726 scalars=0 lookups=0[0m
[32mINFO - cjk-sd op=stage opens=0 reads=0 bytes=0 open_us=0 read_us=0 max_read_us=0 wall_us=116 scalars=170 lookups=0[0m
[32mINFO - cjk-sd op=prepare opens=1 reads=2 bytes=148 open_us=126 read_us=3748 max_read_us=2077 wall_us=4623 scalars=130 lookups=0[0m
[32mINFO - cjk-sd op=bank opens=1 reads=1 bytes=44 open_us=90 read_us=1452 max_read_us=1452 wall_us=1611 scalars=0 lookups=0[0m
[32mINFO - cjk-sd op=stage opens=0 reads=0 bytes=0 open_us=0 read_us=0 max_read_us=0 wall_us=116 scalars=170 lookups=0[0m
[32mINFO - cjk-sd op=prepare opens=1 reads=2 bytes=119 open_us=122 read_us=3768 max_read_us=2117 wall_us=4596 scalars=130 lookups=0[0m
[32mINFO - cjk-sd op=bank opens=1 reads=1 bytes=44 open_us=97 read_us=1572 max_read_us=1572 wall_us=1741 scalars=0 lookups=0[0m
[32mINFO - cjk-sd op=stage opens=0 reads=0 bytes=0 open_us=0 read_us=0 max_read_us=0 wall_us=116 scalars=170 lookups=0[0m
[32mINFO - cjk-sd op=prepare opens=1 reads=2 bytes=152 open_us=126 read_us=3712 max_read_us=2051 wall_us=4583 scalars=130 lookups=0[0m
[32mINFO - cjk-sd op=bank opens=1 reads=1 bytes=44 open_us=89 read_us=1447 max_read_us=1447 wall_us=1608 scalars=0 lookups=0[0m
[32mINFO - cjk-sd op=stage opens=0 reads=0 bytes=0 open_us=0 read_us=0 max_read_us=0 wall_us=116 scalars=170 lookups=0[0m
[32mINFO - cjk-sd op=prepare opens=1 reads=2 bytes=148 open_us=104 read_us=3722 max_read_us=2084 wall_us=4529 scalars=130 lookups=0[0m
[32mINFO - cjk-sd op=bank opens=1 reads=1 bytes=44 open_us=97 read_us=1563 max_read_us=1563 wall_us=1731 scalars=0 lookups=0[0m
[32mINFO - cjk-sd op=stage opens=0 reads=0 bytes=0 open_us=0 read_us=0 max_read_us=0 wall_us=113 scalars=170 lookups=0[0m
[32mINFO - cjk-sd op=prepare opens=1 reads=2 bytes=152 open_us=116 read_us=4692 max_read_us=3021 wall_us=5563 scalars=130 lookups=0[0m
[32mINFO - cjk-sd op=bank opens=1 reads=1 bytes=44 open_us=89 read_us=1446 max_read_us=1446 wall_us=1622 scalars=0 lookups=0[0m
[32mINFO - cjk-sd op=stage opens=0 reads=0 bytes=0 open_us=0 read_us=0 max_read_us=0 wall_us=116 scalars=170 lookups=0[0m
[32mINFO - cjk-sd op=prepare opens=1 reads=2 bytes=144 open_us=108 read_us=3739 max_read_us=2076 wall_us=4549 scalars=130 lookups=0[0m
[32mINFO - cjk-sd op=bank opens=1 reads=1 bytes=44 open_us=93 read_us=1593 max_read_us=1593 wall_us=1766 scalars=0 lookups=0[0m
[32mINFO - cjk-sd op=stage opens=0 reads=0 bytes=0 open_us=0 read_us=0 max_read_us=0 wall_us=116 scalars=170 lookups=0[0m
[32mINFO - cjk-sd op=prepare opens=1 reads=2 bytes=113 open_us=116 read_us=3714 max_read_us=2062 wall_us=4574 scalars=130 lookups=0[0m
[32mINFO - cjk-sd op=bank opens=1 reads=1 bytes=44 open_us=89 read_us=1417 max_read_us=1417 wall_us=1582 scalars=0 lookups=0[0m
[32mINFO - cjk-sd op=stage opens=0 reads=0 bytes=0 open_us=0 read_us=0 max_read_us=0 wall_us=116 scalars=170 lookups=0[0m
[32mINFO - cjk-sd op=prepare opens=1 reads=2 bytes=140 open_us=104 read_us=3738 max_read_us=2091 wall_us=4544 scalars=130 lookups=0[0m
[32mINFO - cjk-sd op=bank opens=1 reads=1 bytes=44 open_us=97 read_us=1566 max_read_us=1566 wall_us=1742 scalars=0 lookups=0[0m
[32mINFO - cjk-sd op=stage opens=0 reads=0 bytes=0 open_us=0 read_us=0 max_read_us=0 wall_us=116 scalars=170 lookups=0[0m
[32mINFO - cjk-sd op=prepare opens=1 reads=2 bytes=148 open_us=120 read_us=4674 max_read_us=3012 wall_us=5549 scalars=130 lookups=0[0m
[32mINFO - cjk-sd op=bank opens=1 reads=1 bytes=44 open_us=90 read_us=1475 max_read_us=1475 wall_us=1639 scalars=0 lookups=0[0m
[32mINFO - cjk-sd op=stage opens=0 reads=0 bytes=0 open_us=0 read_us=0 max_read_us=0 wall_us=116 scalars=170 lookups=0[0m
[32mINFO - cjk-sd op=prepare opens=1 reads=2 bytes=148 open_us=104 read_us=4701 max_read_us=3053 wall_us=5513 scalars=130 lookups=0[0m
[32mINFO - cjk-sd op=bank opens=1 reads=1 bytes=44 open_us=101 read_us=1590 max_read_us=1590 wall_us=1763 scalars=0 lookups=0[0m
[32mINFO - cjk-sd op=stage opens=0 reads=0 bytes=0 open_us=0 read_us=0 max_read_us=0 wall_us=116 scalars=170 lookups=0[0m
[32mINFO - cjk-sd op=prepare opens=1 reads=2 bytes=148 open_us=116 read_us=3768 max_read_us=2101 wall_us=4630 scalars=130 lookups=0[0m
[32mINFO - cjk-sd op=bank opens=1 reads=1 bytes=44 open_us=93 read_us=1441 max_read_us=1441 wall_us=1606 scalars=0 lookups=0[0m
[32mINFO - cjk-sd op=stage opens=0 reads=0 bytes=0 open_us=0 read_us=0 max_read_us=0 wall_us=116 scalars=170 lookups=0[0m
[32mINFO - cjk-sd op=prepare opens=1 reads=2 bytes=152 open_us=104 read_us=3779 max_read_us=2127 wall_us=4586 scalars=130 lookups=0[0m
[32mINFO - cjk-sd op=bank opens=1 reads=1 bytes=44 open_us=101 read_us=1560 max_read_us=1560 wall_us=1732 scalars=0 lookups=0[0m
[32mINFO - cjk-sd op=stage opens=0 reads=0 bytes=0 open_us=0 read_us=0 max_read_us=0 wall_us=116 scalars=170 lookups=0[0m
[32mINFO - cjk-sd op=prepare opens=1 reads=2 bytes=52 open_us=116 read_us=3751 max_read_us=2077 wall_us=4622 scalars=130 lookups=0[0m
[32mINFO - cjk-sd op=bank opens=1 reads=1 bytes=44 open_us=93 read_us=1439 max_read_us=1439 wall_us=1604 scalars=0 lookups=0[0m
[32mINFO - cjk-sd op=stage opens=0 reads=0 bytes=0 open_us=0 read_us=0 max_read_us=0 wall_us=116 scalars=170 lookups=0[0m
[32mINFO - cjk-sd op=prepare opens=1 reads=2 bytes=49 open_us=109 read_us=3788 max_read_us=2124 wall_us=4596 scalars=130 lookups=0[0m
[32mINFO - cjk-sd op=bank opens=1 reads=1 bytes=44 open_us=97 read_us=1572 max_read_us=1572 wall_us=1741 scalars=0 lookups=0[0m
[32mINFO - cjk-sd op=stage opens=0 reads=0 bytes=0 open_us=0 read_us=0 max_read_us=0 wall_us=116 scalars=170 lookups=0[0m
[32mINFO - cjk-sd op=prepare opens=1 reads=2 bytes=58 open_us=120 read_us=3760 max_read_us=2090 wall_us=4577 scalars=130 lookups=0[0m
[32mINFO - stats: heap 8/158K peak 8K | stack free 68K hwm 17K | bat 98% 4.1V | up 0:02 | SD:ok[0m
[32mINFO - heap psram: used 20616 B, free 2076536 B, peak 20616 B; reserved 20624 / 1900544 B, peak 20624 B[0m
[32mINFO - display: partial refresh 480x794 at (0, 6) in 833 ms (partial count 9)[0m
[32mINFO - cjk-sd op=bank opens=1 reads=1 bytes=44 open_us=128 read_us=2131 max_read_us=2131 wall_us=2464 scalars=0 lookups=0[0m
[32mINFO - cjk-sd op=stage opens=0 reads=0 bytes=0 open_us=0 read_us=0 max_read_us=0 wall_us=116 scalars=247 lookups=0[0m
[32mINFO - cjk: bitmap 1/133 glyphs, about 10499 ms left[0m
[32mINFO - cjk-sd op=prepare opens=1 reads=2 bytes=51 open_us=140 read_us=3726 max_read_us=2075 wall_us=5160 scalars=133 lookups=0[0m
[32mINFO - stats: heap 8/158K peak 8K | stack free 68K hwm 17K | bat 98% 4.1V | up 0:02 | SD:ok[0m
[32mINFO - heap psram: used 20616 B, free 2076536 B, peak 20616 B; reserved 20624 / 1900544 B, peak 20624 B[0m
[32mINFO - display: partial refresh 480x794 at (0, 6) in 817 ms (partial count 10)[0m
[32mINFO - cjk-sd op=bank opens=1 reads=1 bytes=44 open_us=105 read_us=1951 max_read_us=1951 wall_us=2228 scalars=0 lookups=0[0m
[32mINFO - cjk-sd op=stage opens=0 reads=0 bytes=0 open_us=0 read_us=0 max_read_us=0 wall_us=123 scalars=247 lookups=0[0m
[32mINFO - cjk-sd op=prepare opens=1 reads=2 bytes=53 open_us=128 read_us=3714 max_read_us=2072 wall_us=4668 scalars=133 lookups=0[0m
[32mINFO - cjk-sd op=bank opens=1 reads=1 bytes=44 open_us=105 read_us=1401 max_read_us=1401 wall_us=1585 scalars=0 lookups=0[0m
[32mINFO - cjk-sd op=stage opens=0 reads=0 bytes=0 open_us=0 read_us=0 max_read_us=0 wall_us=112 scalars=247 lookups=0[0m
[32mINFO - cjk-sd op=prepare opens=1 reads=2 bytes=96 open_us=112 read_us=3697 max_read_us=2082 wall_us=4471 scalars=133 lookups=0[0m
[32mINFO - cjk-sd op=bank opens=1 reads=1 bytes=44 open_us=105 read_us=1609 max_read_us=1609 wall_us=1794 scalars=0 lookups=0[0m
[32mINFO - cjk-sd op=stage opens=0 reads=0 bytes=0 open_us=0 read_us=0 max_read_us=0 wall_us=118 scalars=247 lookups=0[0m
[32mINFO - cjk-sd op=prepare opens=1 reads=2 bytes=96 open_us=120 read_us=3715 max_read_us=2045 wall_us=4584 scalars=133 lookups=0[0m
[32mINFO - cjk-sd op=bank opens=1 reads=1 bytes=44 open_us=97 read_us=1422 max_read_us=1422 wall_us=1594 scalars=0 lookups=0[0m
[32mINFO - cjk-sd op=stage opens=0 reads=0 bytes=0 open_us=0 read_us=0 max_read_us=0 wall_us=114 scalars=247 lookups=0[0m
[32mINFO - cjk-sd op=prepare opens=1 reads=2 bytes=64 open_us=108 read_us=3680 max_read_us=2061 wall_us=4458 scalars=133 lookups=0[0m
[32mINFO - cjk-sd op=bank opens=1 reads=1 bytes=44 open_us=105 read_us=1567 max_read_us=1567 wall_us=1748 scalars=0 lookups=0[0m
[32mINFO - cjk-sd op=stage opens=0 reads=0 bytes=0 open_us=0 read_us=0 max_read_us=0 wall_us=118 scalars=247 lookups=0[0m
[32mINFO - cjk-sd op=prepare opens=1 reads=2 bytes=63 open_us=120 read_us=3672 max_read_us=2024 wall_us=4516 scalars=133 lookups=0[0m
[32mINFO - cjk-sd op=bank opens=1 reads=1 bytes=44 open_us=96 read_us=1411 max_read_us=1411 wall_us=1582 scalars=0 lookups=0[0m
[32mINFO - cjk-sd op=stage opens=0 reads=0 bytes=0 open_us=0 read_us=0 max_read_us=0 wall_us=114 scalars=247 lookups=0[0m
[32mINFO - cjk-sd op=prepare opens=1 reads=2 bytes=64 open_us=108 read_us=3691 max_read_us=2081 wall_us=4458 scalars=133 lookups=0[0m
[32mINFO - cjk-sd op=bank opens=1 reads=1 bytes=44 open_us=105 read_us=1563 max_read_us=1563 wall_us=1743 scalars=0 lookups=0[0m
[32mINFO - cjk-sd op=stage opens=0 reads=0 bytes=0 open_us=0 read_us=0 max_read_us=0 wall_us=118 scalars=247 lookups=0[0m
[32mINFO - cjk-sd op=prepare opens=1 reads=2 bytes=140 open_us=121 read_us=3712 max_read_us=2032 wall_us=4553 scalars=133 lookups=0[0m
[32mINFO - cjk-sd op=bank opens=1 reads=1 bytes=44 open_us=97 read_us=1431 max_read_us=1431 wall_us=1604 scalars=0 lookups=0[0m
[32mINFO - cjk-sd op=stage opens=0 reads=0 bytes=0 open_us=0 read_us=0 max_read_us=0 wall_us=116 scalars=247 lookups=0[0m
[32mINFO - cjk-sd op=prepare opens=1 reads=2 bytes=132 open_us=108 read_us=3701 max_read_us=2072 wall_us=4469 scalars=133 lookups=0[0m
[32mINFO - cjk-sd op=bank opens=1 reads=1 bytes=44 open_us=105 read_us=1560 max_read_us=1560 wall_us=1741 scalars=0 lookups=0[0m
[32mINFO - cjk-sd op=stage opens=0 reads=0 bytes=0 open_us=0 read_us=0 max_read_us=0 wall_us=118 scalars=247 lookups=0[0m
[32mINFO - cjk-sd op=prepare opens=1 reads=2 bytes=128 open_us=120 read_us=4720 max_read_us=3056 wall_us=5560 scalars=133 lookups=0[0m
[32mINFO - cjk-sd op=bank opens=1 reads=1 bytes=44 open_us=97 read_us=1429 max_read_us=1429 wall_us=1602 scalars=0 lookups=0[0m
[32mINFO - cjk-sd op=stage opens=0 reads=0 bytes=0 open_us=0 read_us=0 max_read_us=0 wall_us=116 scalars=247 lookups=0[0m
[32mINFO - cjk-sd op=prepare opens=1 reads=2 bytes=119 open_us=112 read_us=4689 max_read_us=3086 wall_us=5460 scalars=133 lookups=0[0m
[32mINFO - cjk-sd op=bank opens=1 reads=1 bytes=44 open_us=105 read_us=1565 max_read_us=1565 wall_us=1746 scalars=0 lookups=0[0m
[32mINFO - cjk-sd op=stage opens=0 reads=0 bytes=0 open_us=0 read_us=0 max_read_us=0 wall_us=118 scalars=247 lookups=0[0m
[32mINFO - cjk-sd op=prepare opens=1 reads=2 bytes=148 open_us=120 read_us=3710 max_read_us=2035 wall_us=4550 scalars=133 lookups=0[0m
[32mINFO - cjk-sd op=bank opens=1 reads=1 bytes=44 open_us=92 read_us=1407 max_read_us=1407 wall_us=1575 scalars=0 lookups=0[0m
[32mINFO - cjk-sd op=stage opens=0 reads=0 bytes=0 open_us=0 read_us=0 max_read_us=0 wall_us=116 scalars=247 lookups=0[0m
[32mINFO - cjk-sd op=prepare opens=1 reads=2 bytes=144 open_us=108 read_us=3670 max_read_us=2040 wall_us=4442 scalars=133 lookups=0[0m
[32mINFO - cjk-sd op=bank opens=1 reads=1 bytes=44 open_us=101 read_us=1565 max_read_us=1565 wall_us=1741 scalars=0 lookups=0[0m
[32mINFO - cjk-sd op=stage opens=0 reads=0 bytes=0 open_us=0 read_us=0 max_read_us=0 wall_us=118 scalars=247 lookups=0[0m
[32mINFO - cjk-sd op=prepare opens=1 reads=2 bytes=148 open_us=120 read_us=4713 max_read_us=3055 wall_us=5549 scalars=133 lookups=0[0m
[32mINFO - cjk-sd op=bank opens=1 reads=1 bytes=44 open_us=96 read_us=1430 max_read_us=1430 wall_us=1601 scalars=0 lookups=0[0m
[32mINFO - cjk-sd op=stage opens=0 reads=0 bytes=0 open_us=0 read_us=0 max_read_us=0 wall_us=117 scalars=247 lookups=0[0m
[32mINFO - cjk-sd op=prepare opens=1 reads=2 bytes=148 open_us=108 read_us=3684 max_read_us=2069 wall_us=4450 scalars=133 lookups=0[0m
[32mINFO - cjk-sd op=bank opens=1 reads=1 bytes=44 open_us=101 read_us=1562 max_read_us=1562 wall_us=1739 scalars=0 lookups=0[0m
[32mINFO - cjk-sd op=stage opens=0 reads=0 bytes=0 open_us=0 read_us=0 max_read_us=0 wall_us=118 scalars=247 lookups=0[0m
[32mINFO - cjk-sd op=prepare opens=1 reads=2 bytes=152 open_us=120 read_us=4650 max_read_us=2972 wall_us=5498 scalars=133 lookups=0[0m
[32mINFO - cjk-sd op=bank opens=1 reads=1 bytes=44 open_us=103 read_us=1433 max_read_us=1433 wall_us=1612 scalars=0 lookups=0[0m
[32mINFO - cjk-sd op=stage opens=0 reads=0 bytes=0 open_us=0 read_us=0 max_read_us=0 wall_us=116 scalars=247 lookups=0[0m
[32mINFO - cjk-sd op=prepare opens=1 reads=2 bytes=148 open_us=112 read_us=3702 max_read_us=2063 wall_us=4479 scalars=133 lookups=0[0m
[32mINFO - cjk-sd op=bank opens=1 reads=1 bytes=44 open_us=104 read_us=1574 max_read_us=1574 wall_us=1754 scalars=0 lookups=0[0m
[32mINFO - cjk-sd op=stage opens=0 reads=0 bytes=0 open_us=0 read_us=0 max_read_us=0 wall_us=118 scalars=247 lookups=0[0m
[32mINFO - cjk-sd op=prepare opens=1 reads=2 bytes=148 open_us=120 read_us=3674 max_read_us=2011 wall_us=4510 scalars=133 lookups=0[0m
[32mINFO - cjk-sd op=bank opens=1 reads=1 bytes=44 open_us=94 read_us=1422 max_read_us=1422 wall_us=1591 scalars=0 lookups=0[0m
[32mINFO - cjk-sd op=stage opens=0 reads=0 bytes=0 open_us=0 read_us=0 max_read_us=0 wall_us=116 scalars=247 lookups=0[0m
[32mINFO - cjk-sd op=prepare opens=1 reads=2 bytes=148 open_us=108 read_us=3690 max_read_us=2059 wall_us=4466 scalars=133 lookups=0[0m
[32mINFO - cjk-sd op=bank opens=1 reads=1 bytes=44 open_us=105 read_us=1581 max_read_us=1581 wall_us=1761 scalars=0 lookups=0[0m
[32mINFO - cjk-sd op=stage opens=0 reads=0 bytes=0 open_us=0 read_us=0 max_read_us=0 wall_us=118 scalars=247 lookups=0[0m
[32mINFO - cjk-sd op=prepare opens=1 reads=2 bytes=148 open_us=120 read_us=3724 max_read_us=2048 wall_us=4569 scalars=133 lookups=0[0m
[32mINFO - stats: heap 8/158K peak 8K | stack free 68K hwm 17K | bat 98% 4.1V | up 0:02 | SD:ok[0m
[32mINFO - heap psram: used 20616 B, free 2076536 B, peak 20616 B; reserved 20624 / 1900544 B, peak 20624 B[0m
[32mINFO - cjk-sd op=bank opens=1 reads=1 bytes=44 open_us=101 read_us=1619 max_read_us=1619 wall_us=1810 scalars=0 lookups=0[0m
[32mINFO - cjk-sd op=stage opens=0 reads=0 bytes=0 open_us=0 read_us=0 max_read_us=0 wall_us=118 scalars=247 lookups=0[0m
[32mINFO - cjk-sd op=prepare opens=1 reads=2 bytes=148 open_us=120 read_us=3665 max_read_us=2065 wall_us=4481 scalars=133 lookups=0[0m
[32mINFO - cjk-sd op=bank opens=1 reads=1 bytes=44 open_us=101 read_us=1614 max_read_us=1614 wall_us=1791 scalars=0 lookups=0[0m
[32mINFO - cjk-sd op=stage opens=0 reads=0 bytes=0 open_us=0 read_us=0 max_read_us=0 wall_us=120 scalars=247 lookups=0[0m
[32mINFO - cjk-sd op=prepare opens=1 reads=2 bytes=140 open_us=128 read_us=3708 max_read_us=2043 wall_us=4565 scalars=133 lookups=0[0m
[32mINFO - cjk-sd op=bank opens=1 reads=1 bytes=44 open_us=97 read_us=1489 max_read_us=1489 wall_us=1664 scalars=0 lookups=0[0m
[32mINFO - cjk-sd op=stage opens=0 reads=0 bytes=0 open_us=0 read_us=0 max_read_us=0 wall_us=116 scalars=247 lookups=0[0m
[32mINFO - cjk-sd op=prepare opens=1 reads=2 bytes=148 open_us=108 read_us=3730 max_read_us=2071 wall_us=4528 scalars=133 lookups=0[0m
[32mINFO - cjk-sd op=bank opens=1 reads=1 bytes=44 open_us=101 read_us=1594 max_read_us=1594 wall_us=1771 scalars=0 lookups=0[0m
[32mINFO - cjk-sd op=stage opens=0 reads=0 bytes=0 open_us=0 read_us=0 max_read_us=0 wall_us=116 scalars=247 lookups=0[0m
[32mINFO - cjk-sd op=prepare opens=1 reads=2 bytes=148 open_us=120 read_us=3694 max_read_us=2047 wall_us=4545 scalars=133 lookups=0[0m
[32mINFO - cjk-sd op=bank opens=1 reads=1 bytes=44 open_us=93 read_us=1402 max_read_us=1402 wall_us=1570 scalars=0 lookups=0[0m
[32mINFO - cjk-sd op=stage opens=0 reads=0 bytes=0 open_us=0 read_us=0 max_read_us=0 wall_us=118 scalars=247 lookups=0[0m
[32mINFO - cjk-sd op=prepare opens=1 reads=2 bytes=122 open_us=108 read_us=3682 max_read_us=2060 wall_us=4449 scalars=133 lookups=0[0m
[32mINFO - cjk-sd op=bank opens=1 reads=1 bytes=44 open_us=101 read_us=1602 max_read_us=1602 wall_us=1779 scalars=0 lookups=0[0m
[32mINFO - cjk-sd op=stage opens=0 reads=0 bytes=0 open_us=0 read_us=0 max_read_us=0 wall_us=116 scalars=247 lookups=0[0m
[32mINFO - cjk-sd op=prepare opens=1 reads=2 bytes=122 open_us=120 read_us=3712 max_read_us=2046 wall_us=4559 scalars=133 lookups=0[0m
[32mINFO - cjk-sd op=bank opens=1 reads=1 bytes=44 open_us=93 read_us=1410 max_read_us=1410 wall_us=1578 scalars=0 lookups=0[0m
[32mINFO - cjk-sd op=stage opens=0 reads=0 bytes=0 open_us=0 read_us=0 max_read_us=0 wall_us=118 scalars=247 lookups=0[0m
[32mINFO - cjk-sd op=prepare opens=1 reads=2 bytes=122 open_us=112 read_us=3704 max_read_us=2053 wall_us=4477 scalars=133 lookups=0[0m
[32mINFO - cjk-sd op=bank opens=1 reads=1 bytes=44 open_us=101 read_us=1604 max_read_us=1604 wall_us=1780 scalars=0 lookups=0[0m
[32mINFO - cjk-sd op=stage opens=0 reads=0 bytes=0 open_us=0 read_us=0 max_read_us=0 wall_us=116 scalars=247 lookups=0[0m
[32mINFO - cjk-sd op=prepare opens=1 reads=2 bytes=148 open_us=121 read_us=3697 max_read_us=2047 wall_us=4538 scalars=133 lookups=0[0m
[32mINFO - cjk-sd op=bank opens=1 reads=1 bytes=44 open_us=92 read_us=1408 max_read_us=1408 wall_us=1575 scalars=0 lookups=0[0m
[32mINFO - cjk-sd op=stage opens=0 reads=0 bytes=0 open_us=0 read_us=0 max_read_us=0 wall_us=118 scalars=247 lookups=0[0m
[32mINFO - cjk-sd op=prepare opens=1 reads=2 bytes=148 open_us=112 read_us=3696 max_read_us=2060 wall_us=4472 scalars=133 lookups=0[0m
[32mINFO - cjk-sd op=bank opens=1 reads=1 bytes=44 open_us=101 read_us=1602 max_read_us=1602 wall_us=1778 scalars=0 lookups=0[0m
[32mINFO - cjk-sd op=stage opens=0 reads=0 bytes=0 open_us=0 read_us=0 max_read_us=0 wall_us=116 scalars=247 lookups=0[0m
[32mINFO - cjk-sd op=prepare opens=1 reads=2 bytes=122 open_us=120 read_us=3701 max_read_us=2038 wall_us=4541 scalars=133 lookups=0[0m
[32mINFO - cjk-sd op=bank opens=1 reads=1 bytes=44 open_us=93 read_us=1419 max_read_us=1419 wall_us=1586 scalars=0 lookups=0[0m
[32mINFO - cjk-sd op=stage opens=0 reads=0 bytes=0 open_us=0 read_us=0 max_read_us=0 wall_us=118 scalars=247 lookups=0[0m
[32mINFO - cjk-sd op=prepare opens=1 reads=2 bytes=148 open_us=112 read_us=3708 max_read_us=2057 wall_us=4485 scalars=133 lookups=0[0m
[32mINFO - cjk-sd op=bank opens=1 reads=1 bytes=44 open_us=100 read_us=1593 max_read_us=1593 wall_us=1769 scalars=0 lookups=0[0m
[32mINFO - cjk-sd op=stage opens=0 reads=0 bytes=0 open_us=0 read_us=0 max_read_us=0 wall_us=116 scalars=247 lookups=0[0m
[32mINFO - cjk-sd op=prepare opens=1 reads=2 bytes=110 open_us=120 read_us=3704 max_read_us=2058 wall_us=4541 scalars=133 lookups=0[0m
[32mINFO - cjk-sd op=bank opens=1 reads=1 bytes=44 open_us=92 read_us=1397 max_read_us=1397 wall_us=1564 scalars=0 lookups=0[0m
[32mINFO - cjk-sd op=stage opens=0 reads=0 bytes=0 open_us=0 read_us=0 max_read_us=0 wall_us=118 scalars=247 lookups=0[0m
[32mINFO - cjk-sd op=prepare opens=1 reads=2 bytes=136 open_us=108 read_us=4719 max_read_us=3090 wall_us=5499 scalars=133 lookups=0[0m
[32mINFO - cjk-sd op=bank opens=1 reads=1 bytes=44 open_us=105 read_us=1589 max_read_us=1589 wall_us=1770 scalars=0 lookups=0[0m
[32mINFO - cjk-sd op=stage opens=0 reads=0 bytes=0 open_us=0 read_us=0 max_read_us=0 wall_us=116 scalars=247 lookups=0[0m
[32mINFO - cjk-sd op=prepare opens=1 reads=2 bytes=148 open_us=137 read_us=3715 max_read_us=2041 wall_us=4574 scalars=133 lookups=0[0m
[32mINFO - cjk-sd op=bank opens=1 reads=1 bytes=44 open_us=93 read_us=1397 max_read_us=1397 wall_us=1564 scalars=0 lookups=0[0m
[32mINFO - cjk-sd op=stage opens=0 reads=0 bytes=0 open_us=0 read_us=0 max_read_us=0 wall_us=118 scalars=247 lookups=0[0m
[32mINFO - cjk-sd op=prepare opens=1 reads=2 bytes=152 open_us=130 read_us=3718 max_read_us=2058 wall_us=4510 scalars=133 lookups=0[0m
[32mINFO - cjk-sd op=bank opens=1 reads=1 bytes=44 open_us=101 read_us=1590 max_read_us=1590 wall_us=1767 scalars=0 lookups=0[0m
[32mINFO - cjk-sd op=stage opens=0 reads=0 bytes=0 open_us=0 read_us=0 max_read_us=0 wall_us=116 scalars=247 lookups=0[0m
[32mINFO - cjk-sd op=prepare opens=1 reads=2 bytes=144 open_us=113 read_us=3681 max_read_us=2059 wall_us=4512 scalars=133 lookups=0[0m
[32mINFO - cjk-sd op=bank opens=1 reads=1 bytes=44 open_us=93 read_us=1401 max_read_us=1401 wall_us=1569 scalars=0 lookups=0[0m
[32mINFO - cjk-sd op=stage opens=0 reads=0 bytes=0 open_us=0 read_us=0 max_read_us=0 wall_us=118 scalars=247 lookups=0[0m
[32mINFO - cjk-sd op=prepare opens=1 reads=2 bytes=148 open_us=120 read_us=3702 max_read_us=2071 wall_us=4488 scalars=133 lookups=0[0m
[32mINFO - cjk-sd op=bank opens=1 reads=1 bytes=44 open_us=101 read_us=1586 max_read_us=1586 wall_us=1770 scalars=0 lookups=0[0m
[32mINFO - cjk-sd op=stage opens=0 reads=0 bytes=0 open_us=0 read_us=0 max_read_us=0 wall_us=116 scalars=247 lookups=0[0m
[32mINFO - cjk-sd op=prepare opens=1 reads=2 bytes=144 open_us=108 read_us=3722 max_read_us=2053 wall_us=4548 scalars=133 lookups=0[0m
[32mINFO - cjk-sd op=bank opens=1 reads=1 bytes=44 open_us=93 read_us=1392 max_read_us=1392 wall_us=1573 scalars=0 lookups=0[0m
[32mINFO - cjk-sd op=stage opens=0 reads=0 bytes=0 open_us=0 read_us=0 max_read_us=0 wall_us=118 scalars=247 lookups=0[0m
[32mINFO - cjk-sd op=prepare opens=1 reads=2 bytes=148 open_us=120 read_us=3722 max_read_us=2065 wall_us=4508 scalars=133 lookups=0[0m
[32mINFO - cjk-sd op=bank opens=1 reads=1 bytes=44 open_us=101 read_us=1588 max_read_us=1588 wall_us=1772 scalars=0 lookups=0[0m
[32mINFO - cjk-sd op=stage opens=0 reads=0 bytes=0 open_us=0 read_us=0 max_read_us=0 wall_us=116 scalars=247 lookups=0[0m
[32mINFO - cjk-sd op=prepare opens=1 reads=2 bytes=148 open_us=108 read_us=3706 max_read_us=2060 wall_us=4536 scalars=133 lookups=0[0m
[32mINFO - cjk-sd op=bank opens=1 reads=1 bytes=44 open_us=93 read_us=1405 max_read_us=1405 wall_us=1579 scalars=0 lookups=0[0m
[32mINFO - cjk-sd op=stage opens=0 reads=0 bytes=0 open_us=0 read_us=0 max_read_us=0 wall_us=118 scalars=247 lookups=0[0m
[32mINFO - cjk-sd op=prepare opens=1 reads=2 bytes=122 open_us=124 read_us=3668 max_read_us=2033 wall_us=4462 scalars=133 lookups=0[0m
[32mINFO - cjk-sd op=bank opens=1 reads=1 bytes=44 open_us=101 read_us=1589 max_read_us=1589 wall_us=1770 scalars=0 lookups=0[0m
[32mINFO - cjk-sd op=stage opens=0 reads=0 bytes=0 open_us=0 read_us=0 max_read_us=0 wall_us=116 scalars=247 lookups=0[0m
[32mINFO - cjk: bitmap 42/133 glyphs, about 7166 ms left[0m
[32mINFO - cjk-sd op=prepare opens=1 reads=2 bytes=148 open_us=107 read_us=4655 max_read_us=2983 wall_us=5904 scalars=133 lookups=0[0m
[32mINFO - cjk-sd op=bank opens=1 reads=1 bytes=44 open_us=92 read_us=1479 max_read_us=1479 wall_us=1646 scalars=0 lookups=0[0m
[32mINFO - cjk-sd op=stage opens=0 reads=0 bytes=0 open_us=0 read_us=0 max_read_us=0 wall_us=118 scalars=247 lookups=0[0m
[32mINFO - cjk-sd op=prepare opens=1 reads=2 bytes=148 open_us=124 read_us=4638 max_read_us=2997 wall_us=5434 scalars=133 lookups=0[0m
[32mINFO - cjk-sd op=bank opens=1 reads=1 bytes=44 open_us=101 read_us=1618 max_read_us=1618 wall_us=1794 scalars=0 lookups=0[0m
[32mINFO - cjk-sd op=stage opens=0 reads=0 bytes=0 open_us=0 read_us=0 max_read_us=0 wall_us=116 scalars=247 lookups=0[0m
[32mINFO - cjk-sd op=prepare opens=1 reads=2 bytes=144 open_us=108 read_us=3674 max_read_us=2028 wall_us=4502 scalars=133 lookups=0[0m
[32mINFO - cjk-sd op=bank opens=1 reads=1 bytes=44 open_us=93 read_us=1418 max_read_us=1418 wall_us=1586 scalars=0 lookups=0[0m
[32mINFO - cjk-sd op=stage opens=0 reads=0 bytes=0 open_us=0 read_us=0 max_read_us=0 wall_us=118 scalars=247 lookups=0[0m
[32mINFO - cjk-sd op=prepare opens=1 reads=2 bytes=148 open_us=127 read_us=3713 max_read_us=2071 wall_us=4505 scalars=133 lookups=0[0m
[32mINFO - cjk-sd op=bank opens=1 reads=1 bytes=44 open_us=101 read_us=1591 max_read_us=1591 wall_us=1768 scalars=0 lookups=0[0m
[32mINFO - cjk-sd op=stage opens=0 reads=0 bytes=0 open_us=0 read_us=0 max_read_us=0 wall_us=116 scalars=247 lookups=0[0m
[32mINFO - cjk-sd op=prepare opens=1 reads=2 bytes=119 open_us=108 read_us=4684 max_read_us=3021 wall_us=5512 scalars=133 lookups=0[0m
[32mINFO - cjk-sd op=bank opens=1 reads=1 bytes=44 open_us=97 read_us=1415 max_read_us=1415 wall_us=1587 scalars=0 lookups=0[0m
[32mINFO - cjk-sd op=stage opens=0 reads=0 bytes=0 open_us=0 read_us=0 max_read_us=0 wall_us=118 scalars=247 lookups=0[0m
[32mINFO - cjk-sd op=prepare opens=1 reads=2 bytes=122 open_us=120 read_us=4680 max_read_us=3038 wall_us=5466 scalars=133 lookups=0[0m
[32mINFO - cjk-sd op=bank opens=1 reads=1 bytes=44 open_us=101 read_us=1614 max_read_us=1614 wall_us=1791 scalars=0 lookups=0[0m
[32mINFO - cjk-sd op=stage opens=0 reads=0 bytes=0 open_us=0 read_us=0 max_read_us=0 wall_us=116 scalars=247 lookups=0[0m
[32mINFO - cjk-sd op=prepare opens=1 reads=2 bytes=152 open_us=108 read_us=3710 max_read_us=2056 wall_us=4538 scalars=133 lookups=0[0m
[32mINFO - cjk-sd op=bank opens=1 reads=1 bytes=44 open_us=92 read_us=1412 max_read_us=1412 wall_us=1579 scalars=0 lookups=0[0m
[32mINFO - cjk-sd op=stage opens=0 reads=0 bytes=0 open_us=0 read_us=0 max_read_us=0 wall_us=118 scalars=247 lookups=0[0m
[32mINFO - cjk-sd op=prepare opens=1 reads=2 bytes=144 open_us=120 read_us=3711 max_read_us=2077 wall_us=4499 scalars=133 lookups=0[0m
[32mINFO - cjk-sd op=bank opens=1 reads=1 bytes=44 open_us=103 read_us=1591 max_read_us=1591 wall_us=1770 scalars=0 lookups=0[0m
[32mINFO - cjk-sd op=stage opens=0 reads=0 bytes=0 open_us=0 read_us=0 max_read_us=0 wall_us=116 scalars=247 lookups=0[0m
[32mINFO - cjk-sd op=prepare opens=1 reads=2 bytes=136 open_us=108 read_us=3723 max_read_us=2059 wall_us=4558 scalars=133 lookups=0[0m
[32mINFO - cjk-sd op=bank opens=1 reads=1 bytes=44 open_us=93 read_us=1416 max_read_us=1416 wall_us=1583 scalars=0 lookups=0[0m
[32mINFO - cjk-sd op=stage opens=0 reads=0 bytes=0 open_us=0 read_us=0 max_read_us=0 wall_us=118 scalars=247 lookups=0[0m
[32mINFO - cjk-sd op=prepare opens=1 reads=2 bytes=132 open_us=120 read_us=3715 max_read_us=2065 wall_us=4504 scalars=133 lookups=0[0m
[32mINFO - cjk-sd op=bank opens=1 reads=1 bytes=44 open_us=101 read_us=1606 max_read_us=1606 wall_us=1782 scalars=0 lookups=0[0m
[32mINFO - cjk-sd op=stage opens=0 reads=0 bytes=0 open_us=0 read_us=0 max_read_us=0 wall_us=116 scalars=247 lookups=0[0m
[32mINFO - cjk-sd op=prepare opens=1 reads=2 bytes=152 open_us=108 read_us=3710 max_read_us=2056 wall_us=4539 scalars=133 lookups=0[0m
[32mINFO - cjk-sd op=bank opens=1 reads=1 bytes=44 open_us=93 read_us=1415 max_read_us=1415 wall_us=1582 scalars=0 lookups=0[0m
[32mINFO - cjk-sd op=stage opens=0 reads=0 bytes=0 open_us=0 read_us=0 max_read_us=0 wall_us=118 scalars=247 lookups=0[0m
[32mINFO - cjk-sd op=prepare opens=1 reads=2 bytes=148 open_us=124 read_us=3720 max_read_us=2087 wall_us=4515 scalars=133 lookups=0[0m
[32mINFO - cjk-sd op=bank opens=1 reads=1 bytes=44 open_us=101 read_us=1571 max_read_us=1571 wall_us=1748 scalars=0 lookups=0[0m
[32mINFO - cjk-sd op=stage opens=0 reads=0 bytes=0 open_us=0 read_us=0 max_read_us=0 wall_us=116 scalars=247 lookups=0[0m
[32mINFO - cjk-sd op=prepare opens=1 reads=2 bytes=122 open_us=110 read_us=3707 max_read_us=2051 wall_us=4539 scalars=133 lookups=0[0m
[32mINFO - cjk-sd op=bank opens=1 reads=1 bytes=44 open_us=93 read_us=1428 max_read_us=1428 wall_us=1596 scalars=0 lookups=0[0m
[32mINFO - cjk-sd op=stage opens=0 reads=0 bytes=0 open_us=0 read_us=0 max_read_us=0 wall_us=118 scalars=247 lookups=0[0m
[32mINFO - cjk-sd op=prepare opens=1 reads=2 bytes=148 open_us=120 read_us=3708 max_read_us=2076 wall_us=4498 scalars=133 lookups=0[0m
[32mINFO - cjk-sd op=bank opens=1 reads=1 bytes=44 open_us=105 read_us=1595 max_read_us=1595 wall_us=1777 scalars=0 lookups=0[0m
[32mINFO - cjk-sd op=stage opens=0 reads=0 bytes=0 open_us=0 read_us=0 max_read_us=0 wall_us=116 scalars=247 lookups=0[0m
[32mINFO - cjk-sd op=prepare opens=1 reads=2 bytes=148 open_us=108 read_us=3720 max_read_us=2062 wall_us=4551 scalars=133 lookups=0[0m
[32mINFO - cjk-sd op=bank opens=1 reads=1 bytes=44 open_us=96 read_us=1438 max_read_us=1438 wall_us=1612 scalars=0 lookups=0[0m
[32mINFO - cjk-sd op=stage opens=0 reads=0 bytes=0 open_us=0 read_us=0 max_read_us=0 wall_us=118 scalars=247 lookups=0[0m
[32mINFO - cjk-sd op=prepare opens=1 reads=2 bytes=148 open_us=120 read_us=3711 max_read_us=2086 wall_us=4496 scalars=133 lookups=0[0m
[32mINFO - cjk-sd op=bank opens=1 reads=1 bytes=44 open_us=105 read_us=1590 max_read_us=1590 wall_us=1771 scalars=0 lookups=0[0m
[32mINFO - cjk-sd op=stage opens=0 reads=0 bytes=0 open_us=0 read_us=0 max_read_us=0 wall_us=116 scalars=247 lookups=0[0m
[32mINFO - cjk-sd op=prepare opens=1 reads=2 bytes=152 open_us=108 read_us=4736 max_read_us=3085 wall_us=5567 scalars=133 lookups=0[0m
[32mINFO - cjk-sd op=bank opens=1 reads=1 bytes=44 open_us=93 read_us=1419 max_read_us=1419 wall_us=1586 scalars=0 lookups=0[0m
[32mINFO - cjk-sd op=stage opens=0 reads=0 bytes=0 open_us=0 read_us=0 max_read_us=0 wall_us=118 scalars=247 lookups=0[0m
[32mINFO - cjk-sd op=prepare opens=1 reads=2 bytes=148 open_us=120 read_us=3725 max_read_us=2071 wall_us=4516 scalars=133 lookups=0[0m
[32mINFO - cjk-sd op=bank opens=1 reads=1 bytes=44 open_us=107 read_us=1600 max_read_us=1600 wall_us=1783 scalars=0 lookups=0[0m
[32mINFO - cjk-sd op=stage opens=0 reads=0 bytes=0 open_us=0 read_us=0 max_read_us=0 wall_us=116 scalars=247 lookups=0[0m
[32mINFO - cjk-sd op=prepare opens=1 reads=2 bytes=148 open_us=107 read_us=3731 max_read_us=2075 wall_us=4561 scalars=133 lookups=0[0m
[32mINFO - cjk-sd op=bank opens=1 reads=1 bytes=44 open_us=97 read_us=1404 max_read_us=1404 wall_us=1576 scalars=0 lookups=0[0m
[32mINFO - cjk-sd op=stage opens=0 reads=0 bytes=0 open_us=0 read_us=0 max_read_us=0 wall_us=118 scalars=247 lookups=0[0m
[32mINFO - cjk-sd op=prepare opens=1 reads=2 bytes=152 open_us=120 read_us=4685 max_read_us=3039 wall_us=5480 scalars=133 lookups=0[0m
[32mINFO - cjk-sd op=bank opens=1 reads=1 bytes=44 open_us=105 read_us=1590 max_read_us=1590 wall_us=1771 scalars=0 lookups=0[0m
[32mINFO - cjk-sd op=stage opens=0 reads=0 bytes=0 open_us=0 read_us=0 max_read_us=0 wall_us=116 scalars=247 lookups=0[0m
[32mINFO - cjk-sd op=prepare opens=1 reads=2 bytes=148 open_us=108 read_us=4695 max_read_us=3023 wall_us=5529 scalars=133 lookups=0[0m
[32mINFO - cjk-sd op=bank opens=1 reads=1 bytes=44 open_us=92 read_us=1419 max_read_us=1419 wall_us=1586 scalars=0 lookups=0[0m
[32mINFO - cjk-sd op=stage opens=0 reads=0 bytes=0 open_us=0 read_us=0 max_read_us=0 wall_us=118 scalars=247 lookups=0[0m
[32mINFO - cjk-sd op=prepare opens=1 reads=2 bytes=148 open_us=120 read_us=3744 max_read_us=2064 wall_us=4549 scalars=133 lookups=0[0m
[32mINFO - cjk-sd op=bank opens=1 reads=1 bytes=44 open_us=105 read_us=1604 max_read_us=1604 wall_us=1785 scalars=0 lookups=0[0m
[32mINFO - cjk-sd op=stage opens=0 reads=0 bytes=0 open_us=0 read_us=0 max_read_us=0 wall_us=116 scalars=247 lookups=0[0m
[32mINFO - cjk-sd op=prepare opens=1 reads=2 bytes=148 open_us=108 read_us=3729 max_read_us=2072 wall_us=4567 scalars=133 lookups=0[0m
[32mINFO - cjk-sd op=bank opens=1 reads=1 bytes=44 open_us=96 read_us=1403 max_read_us=1403 wall_us=1574 scalars=0 lookups=0[0m
[32mINFO - cjk-sd op=stage opens=0 reads=0 bytes=0 open_us=0 read_us=0 max_read_us=0 wall_us=118 scalars=247 lookups=0[0m
[32mINFO - cjk-sd op=prepare opens=1 reads=2 bytes=148 open_us=121 read_us=3712 max_read_us=2066 wall_us=4516 scalars=133 lookups=0[0m
[32mINFO - cjk-sd op=bank opens=1 reads=1 bytes=44 open_us=105 read_us=1579 max_read_us=1579 wall_us=1764 scalars=0 lookups=0[0m
[32mINFO - cjk-sd op=stage opens=0 reads=0 bytes=0 open_us=0 read_us=0 max_read_us=0 wall_us=116 scalars=247 lookups=0[0m
[32mINFO - cjk-sd op=prepare opens=1 reads=2 bytes=152 open_us=107 read_us=3729 max_read_us=2057 wall_us=4565 scalars=133 lookups=0[0m
[32mINFO - cjk-sd op=bank opens=1 reads=1 bytes=44 open_us=99 read_us=1411 max_read_us=1411 wall_us=1587 scalars=0 lookups=0[0m
[32mINFO - cjk-sd op=stage opens=0 reads=0 bytes=0 open_us=0 read_us=0 max_read_us=0 wall_us=118 scalars=247 lookups=0[0m
[32mINFO - cjk-sd op=prepare opens=1 reads=2 bytes=148 open_us=120 read_us=3711 max_read_us=2066 wall_us=4498 scalars=133 lookups=0[0m
[32mINFO - cjk-sd op=bank opens=1 reads=1 bytes=44 open_us=105 read_us=1611 max_read_us=1611 wall_us=1792 scalars=0 lookups=0[0m
[32mINFO - cjk-sd op=stage opens=0 reads=0 bytes=0 open_us=0 read_us=0 max_read_us=0 wall_us=116 scalars=247 lookups=0[0m
[32mINFO - cjk-sd op=prepare opens=1 reads=2 bytes=148 open_us=108 read_us=3721 max_read_us=2061 wall_us=4553 scalars=133 lookups=0[0m
[32mINFO - cjk-sd op=bank opens=1 reads=1 bytes=44 open_us=96 read_us=1428 max_read_us=1428 wall_us=1599 scalars=0 lookups=0[0m
[32mINFO - cjk-sd op=stage opens=0 reads=0 bytes=0 open_us=0 read_us=0 max_read_us=0 wall_us=118 scalars=247 lookups=0[0m
[32mINFO - cjk-sd op=prepare opens=1 reads=2 bytes=148 open_us=120 read_us=3718 max_read_us=2081 wall_us=4510 scalars=133 lookups=0[0m
[32mINFO - cjk-sd op=bank opens=1 reads=1 bytes=44 open_us=109 read_us=1599 max_read_us=1599 wall_us=1783 scalars=0 lookups=0[0m
[32mINFO - cjk-sd op=stage opens=0 reads=0 bytes=0 open_us=0 read_us=0 max_read_us=0 wall_us=116 scalars=247 lookups=0[0m
[32mINFO - cjk-sd op=prepare opens=1 reads=2 bytes=148 open_us=108 read_us=3735 max_read_us=2058 wall_us=4567 scalars=133 lookups=0[0m
[32mINFO - cjk-sd op=bank opens=1 reads=1 bytes=44 open_us=101 read_us=1425 max_read_us=1425 wall_us=1605 scalars=0 lookups=0[0m
[32mINFO - cjk-sd op=stage opens=0 reads=0 bytes=0 open_us=0 read_us=0 max_read_us=0 wall_us=118 scalars=247 lookups=0[0m
[32mINFO - cjk-sd op=prepare opens=1 reads=2 bytes=116 open_us=120 read_us=4712 max_read_us=3060 wall_us=5515 scalars=133 lookups=0[0m
[32mINFO - cjk-sd op=bank opens=1 reads=1 bytes=44 open_us=97 read_us=1600 max_read_us=1600 wall_us=1777 scalars=0 lookups=0[0m
[32mINFO - cjk-sd op=stage opens=0 reads=0 bytes=0 open_us=0 read_us=0 max_read_us=0 wall_us=116 scalars=247 lookups=0[0m
[32mINFO - cjk-sd op=prepare opens=1 reads=2 bytes=152 open_us=108 read_us=3737 max_read_us=2067 wall_us=4573 scalars=133 lookups=0[0m
[32mINFO - cjk-sd op=bank opens=1 reads=1 bytes=44 open_us=101 read_us=1397 max_read_us=1397 wall_us=1578 scalars=0 lookups=0[0m
[32mINFO - cjk-sd op=stage opens=0 reads=0 bytes=0 open_us=0 read_us=0 max_read_us=0 wall_us=118 scalars=247 lookups=0[0m
[32mINFO - cjk-sd op=prepare opens=1 reads=2 bytes=144 open_us=122 read_us=3723 max_read_us=2071 wall_us=4514 scalars=133 lookups=0[0m
[32mINFO - cjk-sd op=bank opens=1 reads=1 bytes=44 open_us=101 read_us=1584 max_read_us=1584 wall_us=1764 scalars=0 lookups=0[0m
[32mINFO - cjk-sd op=stage opens=0 reads=0 bytes=0 open_us=0 read_us=0 max_read_us=0 wall_us=116 scalars=247 lookups=0[0m
[32mINFO - cjk-sd op=prepare opens=1 reads=2 bytes=156 open_us=120 read_us=3736 max_read_us=2068 wall_us=4588 scalars=133 lookups=0[0m
[32mINFO - cjk-sd op=bank opens=1 reads=1 bytes=44 open_us=105 read_us=1421 max_read_us=1421 wall_us=1606 scalars=0 lookups=0[0m
[32mINFO - cjk-sd op=stage opens=0 reads=0 bytes=0 open_us=0 read_us=0 max_read_us=0 wall_us=118 scalars=247 lookups=0[0m
[32mINFO - cjk-sd op=prepare opens=1 reads=2 bytes=144 open_us=128 read_us=4696 max_read_us=3039 wall_us=5503 scalars=133 lookups=0[0m
[32mINFO - cjk-sd op=bank opens=1 reads=1 bytes=44 open_us=89 read_us=1589 max_read_us=1589 wall_us=1750 scalars=0 lookups=0[0m
[32mINFO - cjk-sd op=stage opens=0 reads=0 bytes=0 open_us=0 read_us=0 max_read_us=0 wall_us=116 scalars=247 lookups=0[0m
[32mINFO - cjk-sd op=prepare opens=1 reads=2 bytes=122 open_us=112 read_us=3743 max_read_us=2077 wall_us=4592 scalars=133 lookups=0[0m
[32mINFO - cjk-sd op=bank opens=1 reads=1 bytes=44 open_us=98 read_us=1402 max_read_us=1402 wall_us=1570 scalars=0 lookups=0[0m
[32mINFO - cjk-sd op=stage opens=0 reads=0 bytes=0 open_us=0 read_us=0 max_read_us=0 wall_us=118 scalars=247 lookups=0[0m
[32mINFO - cjk-sd op=prepare opens=1 reads=2 bytes=144 open_us=128 read_us=3734 max_read_us=2079 wall_us=4543 scalars=133 lookups=0[0m
[32mINFO - cjk-sd op=bank opens=1 reads=1 bytes=44 open_us=101 read_us=1574 max_read_us=1574 wall_us=1758 scalars=0 lookups=0[0m
[32mINFO - cjk-sd op=stage opens=0 reads=0 bytes=0 open_us=0 read_us=0 max_read_us=0 wall_us=116 scalars=247 lookups=0[0m
[32mINFO - cjk-sd op=prepare opens=1 reads=2 bytes=152 open_us=112 read_us=3744 max_read_us=2070 wall_us=4587 scalars=133 lookups=0[0m
[32mINFO - cjk-sd op=bank opens=1 reads=1 bytes=44 open_us=97 read_us=1407 max_read_us=1407 wall_us=1581 scalars=0 lookups=0[0m
[32mINFO - cjk-sd op=stage opens=0 reads=0 bytes=0 open_us=0 read_us=0 max_read_us=0 wall_us=125 scalars=247 lookups=0[0m
[32mINFO - cjk-sd op=prepare opens=1 reads=2 bytes=152 open_us=125 read_us=3733 max_read_us=2080 wall_us=4530 scalars=133 lookups=0[0m
[32mINFO - cjk-sd op=bank opens=1 reads=1 bytes=44 open_us=93 read_us=1599 max_read_us=1599 wall_us=1768 scalars=0 lookups=0[0m
[32mINFO - cjk-sd op=stage opens=0 reads=0 bytes=0 open_us=0 read_us=0 max_read_us=0 wall_us=116 scalars=247 lookups=0[0m
[32mINFO - cjk-sd op=prepare opens=1 reads=2 bytes=148 open_us=112 read_us=3744 max_read_us=2071 wall_us=4588 scalars=133 lookups=0[0m
[32mINFO - cjk-sd op=bank opens=1 reads=1 bytes=44 open_us=93 read_us=1398 max_read_us=1398 wall_us=1563 scalars=0 lookups=0[0m
[32mINFO - cjk-sd op=stage opens=0 reads=0 bytes=0 open_us=0 read_us=0 max_read_us=0 wall_us=118 scalars=247 lookups=0[0m
[32mINFO - cjk-sd op=prepare opens=1 reads=2 bytes=119 open_us=124 read_us=3777 max_read_us=2122 wall_us=4586 scalars=133 lookups=0[0m
[32mINFO - cjk-sd op=bank opens=1 reads=1 bytes=44 open_us=101 read_us=1593 max_read_us=1593 wall_us=1766 scalars=0 lookups=0[0m
[32mINFO - cjk-sd op=stage opens=0 reads=0 bytes=0 open_us=0 read_us=0 max_read_us=0 wall_us=116 scalars=247 lookups=0[0m
[32mINFO - cjk-sd op=prepare opens=1 reads=2 bytes=148 open_us=124 read_us=3737 max_read_us=2066 wall_us=4594 scalars=133 lookups=0[0m
[32mINFO - stats: heap 8/158K peak 8K | stack free 68K hwm 17K | bat 98% 4.1V | up 0:02 | SD:ok[0m
[32mINFO - heap psram: used 20616 B, free 2076536 B, peak 20616 B; reserved 20624 / 1900544 B, peak 20624 B[0m
[32mINFO - cjk-sd op=bank opens=1 reads=1 bytes=44 open_us=97 read_us=1617 max_read_us=1617 wall_us=1799 scalars=0 lookups=0[0m
[32mINFO - cjk-sd op=stage opens=0 reads=0 bytes=0 open_us=0 read_us=0 max_read_us=0 wall_us=112 scalars=247 lookups=0[0m
[32mINFO - cjk-sd op=prepare opens=1 reads=2 bytes=152 open_us=116 read_us=3719 max_read_us=2096 wall_us=4537 scalars=133 lookups=0[0m
[32mINFO - cjk-sd op=bank opens=1 reads=1 bytes=44 open_us=93 read_us=1583 max_read_us=1583 wall_us=1746 scalars=0 lookups=0[0m
[32mINFO - cjk-sd op=stage opens=0 reads=0 bytes=0 open_us=0 read_us=0 max_read_us=0 wall_us=115 scalars=247 lookups=0[0m
[32mINFO - cjk-sd op=prepare opens=1 reads=2 bytes=148 open_us=133 read_us=3754 max_read_us=2061 wall_us=4624 scalars=133 lookups=0[0m
[32mINFO - cjk-sd op=bank opens=1 reads=1 bytes=44 open_us=98 read_us=1496 max_read_us=1496 wall_us=1669 scalars=0 lookups=0[0m
[32mINFO - cjk-sd op=stage opens=0 reads=0 bytes=0 open_us=0 read_us=0 max_read_us=0 wall_us=112 scalars=247 lookups=0[0m
[32mINFO - cjk-sd op=prepare opens=1 reads=2 bytes=144 open_us=112 read_us=3772 max_read_us=2107 wall_us=4596 scalars=133 lookups=0[0m
[32mINFO - cjk-sd op=bank opens=1 reads=1 bytes=44 open_us=93 read_us=1595 max_read_us=1595 wall_us=1759 scalars=0 lookups=0[0m
[32mINFO - cjk-sd op=stage opens=0 reads=0 bytes=0 open_us=0 read_us=0 max_read_us=0 wall_us=112 scalars=247 lookups=0[0m
[32mINFO - cjk-sd op=prepare opens=1 reads=2 bytes=148 open_us=124 read_us=3721 max_read_us=2058 wall_us=4575 scalars=133 lookups=0[0m
[32mINFO - cjk-sd op=bank opens=1 reads=1 bytes=44 open_us=93 read_us=1437 max_read_us=1437 wall_us=1600 scalars=0 lookups=0[0m
[32mINFO - cjk-sd op=stage opens=0 reads=0 bytes=0 open_us=0 read_us=0 max_read_us=0 wall_us=112 scalars=247 lookups=0[0m
[32mINFO - cjk-sd op=prepare opens=1 reads=2 bytes=148 open_us=112 read_us=4737 max_read_us=3109 wall_us=5533 scalars=133 lookups=0[0m
[32mINFO - cjk-sd op=bank opens=1 reads=1 bytes=44 open_us=93 read_us=1602 max_read_us=1602 wall_us=1765 scalars=0 lookups=0[0m
[32mINFO - cjk-sd op=stage opens=0 reads=0 bytes=0 open_us=0 read_us=0 max_read_us=0 wall_us=112 scalars=247 lookups=0[0m
[32mINFO - cjk-sd op=prepare opens=1 reads=2 bytes=148 open_us=125 read_us=3721 max_read_us=2056 wall_us=4575 scalars=133 lookups=0[0m
[32mINFO - cjk-sd op=bank opens=1 reads=1 bytes=44 open_us=93 read_us=1446 max_read_us=1446 wall_us=1610 scalars=0 lookups=0[0m
[32mINFO - cjk-sd op=stage opens=0 reads=0 bytes=0 open_us=0 read_us=0 max_read_us=0 wall_us=112 scalars=247 lookups=0[0m
[32mINFO - cjk-sd op=prepare opens=1 reads=2 bytes=116 open_us=112 read_us=3735 max_read_us=2094 wall_us=4530 scalars=133 lookups=0[0m
[32mINFO - cjk-sd op=bank opens=1 reads=1 bytes=44 open_us=93 read_us=1590 max_read_us=1590 wall_us=1754 scalars=0 lookups=0[0m
[32mINFO - cjk-sd op=stage opens=0 reads=0 bytes=0 open_us=0 read_us=0 max_read_us=0 wall_us=112 scalars=247 lookups=0[0m
[32mINFO - cjk-sd op=prepare opens=1 reads=2 bytes=122 open_us=125 read_us=3728 max_read_us=2061 wall_us=4582 scalars=133 lookups=0[0m
[32mINFO - cjk-sd op=bank opens=1 reads=1 bytes=44 open_us=93 read_us=1453 max_read_us=1453 wall_us=1617 scalars=0 lookups=0[0m
[32mINFO - cjk-sd op=stage opens=0 reads=0 bytes=0 open_us=0 read_us=0 max_read_us=0 wall_us=112 scalars=247 lookups=0[0m
[32mINFO - cjk-sd op=prepare opens=1 reads=2 bytes=140 open_us=112 read_us=3743 max_read_us=2114 wall_us=4550 scalars=133 lookups=0[0m
[32mINFO - cjk-sd op=bank opens=1 reads=1 bytes=44 open_us=98 read_us=1588 max_read_us=1588 wall_us=1756 scalars=0 lookups=0[0m
[32mINFO - cjk-sd op=stage opens=0 reads=0 bytes=0 open_us=0 read_us=0 max_read_us=0 wall_us=112 scalars=247 lookups=0[0m
[32mINFO - cjk-sd op=prepare opens=1 reads=2 bytes=144 open_us=124 read_us=3728 max_read_us=2060 wall_us=4593 scalars=133 lookups=0[0m
[32mINFO - cjk-sd op=bank opens=1 reads=1 bytes=44 open_us=97 read_us=1463 max_read_us=1463 wall_us=1632 scalars=0 lookups=0[0m
[32mINFO - cjk-sd op=stage opens=0 reads=0 bytes=0 open_us=0 read_us=0 max_read_us=0 wall_us=112 scalars=247 lookups=0[0m
[32mINFO - cjk: bitmap 93/133 glyphs, about 3112 ms left[0m
[32mINFO - cjk-sd op=prepare opens=1 reads=2 bytes=148 open_us=112 read_us=3720 max_read_us=2093 wall_us=5046 scalars=133 lookups=0[0m
[32mINFO - cjk-sd op=bank opens=1 reads=1 bytes=44 open_us=97 read_us=1621 max_read_us=1621 wall_us=1789 scalars=0 lookups=0[0m
[32mINFO - cjk-sd op=stage opens=0 reads=0 bytes=0 open_us=0 read_us=0 max_read_us=0 wall_us=112 scalars=247 lookups=0[0m
[32mINFO - cjk-sd op=prepare opens=1 reads=2 bytes=122 open_us=124 read_us=3745 max_read_us=2085 wall_us=4599 scalars=133 lookups=0[0m
[32mINFO - cjk-sd op=bank opens=1 reads=1 bytes=44 open_us=97 read_us=1435 max_read_us=1435 wall_us=1603 scalars=0 lookups=0[0m
[32mINFO - cjk-sd op=stage opens=0 reads=0 bytes=0 open_us=0 read_us=0 max_read_us=0 wall_us=112 scalars=247 lookups=0[0m
[32mINFO - cjk-sd op=prepare opens=1 reads=2 bytes=156 open_us=112 read_us=3750 max_read_us=2132 wall_us=4545 scalars=133 lookups=0[0m
[32mINFO - cjk-sd op=bank opens=1 reads=1 bytes=44 open_us=93 read_us=1575 max_read_us=1575 wall_us=1739 scalars=0 lookups=0[0m
[32mINFO - cjk-sd op=stage opens=0 reads=0 bytes=0 open_us=0 read_us=0 max_read_us=0 wall_us=112 scalars=247 lookups=0[0m
[32mINFO - cjk-sd op=prepare opens=1 reads=2 bytes=148 open_us=124 read_us=4743 max_read_us=3068 wall_us=5604 scalars=133 lookups=0[0m
[32mINFO - cjk-sd op=bank opens=1 reads=1 bytes=44 open_us=98 read_us=1448 max_read_us=1448 wall_us=1616 scalars=0 lookups=0[0m
[32mINFO - cjk-sd op=stage opens=0 reads=0 bytes=0 open_us=0 read_us=0 max_read_us=0 wall_us=112 scalars=247 lookups=0[0m
[32mINFO - cjk-sd op=prepare opens=1 reads=2 bytes=148 open_us=112 read_us=3744 max_read_us=2099 wall_us=4536 scalars=133 lookups=0[0m
[32mINFO - cjk-sd op=bank opens=1 reads=1 bytes=44 open_us=93 read_us=1589 max_read_us=1589 wall_us=1753 scalars=0 lookups=0[0m
[32mINFO - cjk-sd op=stage opens=0 reads=0 bytes=0 open_us=0 read_us=0 max_read_us=0 wall_us=114 scalars=247 lookups=0[0m
[32mINFO - cjk-sd op=prepare opens=1 reads=2 bytes=148 open_us=124 read_us=3728 max_read_us=2074 wall_us=4588 scalars=133 lookups=0[0m
[32mINFO - cjk-sd op=bank opens=1 reads=1 bytes=44 open_us=93 read_us=1443 max_read_us=1443 wall_us=1608 scalars=0 lookups=0[0m
[32mINFO - cjk-sd op=stage opens=0 reads=0 bytes=0 open_us=0 read_us=0 max_read_us=0 wall_us=112 scalars=247 lookups=0[0m
[32mINFO - cjk-sd op=prepare opens=1 reads=2 bytes=152 open_us=112 read_us=3705 max_read_us=2068 wall_us=4505 scalars=133 lookups=0[0m
[32mINFO - cjk-sd op=bank opens=1 reads=1 bytes=44 open_us=99 read_us=1585 max_read_us=1585 wall_us=1755 scalars=0 lookups=0[0m
[32mINFO - cjk-sd op=stage opens=0 reads=0 bytes=0 open_us=0 read_us=0 max_read_us=0 wall_us=112 scalars=247 lookups=0[0m
[32mINFO - cjk-sd op=prepare opens=1 reads=2 bytes=116 open_us=124 read_us=3711 max_read_us=2031 wall_us=4572 scalars=133 lookups=0[0m
[32mINFO - cjk-sd op=bank opens=1 reads=1 bytes=44 open_us=96 read_us=1434 max_read_us=1434 wall_us=1601 scalars=0 lookups=0[0m
[32mINFO - cjk-sd op=stage opens=0 reads=0 bytes=0 open_us=0 read_us=0 max_read_us=0 wall_us=112 scalars=247 lookups=0[0m
[32mINFO - cjk-sd op=prepare opens=1 reads=2 bytes=148 open_us=112 read_us=3703 max_read_us=2046 wall_us=4495 scalars=133 lookups=0[0m
[32mINFO - cjk-sd op=bank opens=1 reads=1 bytes=44 open_us=96 read_us=1604 max_read_us=1604 wall_us=1772 scalars=0 lookups=0[0m
[32mINFO - cjk-sd op=stage opens=0 reads=0 bytes=0 open_us=0 read_us=0 max_read_us=0 wall_us=112 scalars=247 lookups=0[0m
[32mINFO - cjk-sd op=prepare opens=1 reads=2 bytes=148 open_us=124 read_us=3737 max_read_us=2088 wall_us=4594 scalars=133 lookups=0[0m
[32mINFO - cjk-sd op=bank opens=1 reads=1 bytes=44 open_us=98 read_us=1432 max_read_us=1432 wall_us=1600 scalars=0 lookups=0[0m
[32mINFO - cjk-sd op=stage opens=0 reads=0 bytes=0 open_us=0 read_us=0 max_read_us=0 wall_us=112 scalars=247 lookups=0[0m
[32mINFO - cjk-sd op=prepare opens=1 reads=2 bytes=144 open_us=112 read_us=4762 max_read_us=3111 wall_us=5562 scalars=133 lookups=0[0m
[32mINFO - cjk-sd op=bank opens=1 reads=1 bytes=44 open_us=97 read_us=1595 max_read_us=1595 wall_us=1763 scalars=0 lookups=0[0m
[32mINFO - cjk-sd op=stage opens=0 reads=0 bytes=0 open_us=0 read_us=0 max_read_us=0 wall_us=112 scalars=247 lookups=0[0m
[32mINFO - cjk-sd op=prepare opens=1 reads=2 bytes=148 open_us=124 read_us=3758 max_read_us=2082 wall_us=4625 scalars=133 lookups=0[0m
[32mINFO - cjk-sd op=bank opens=1 reads=1 bytes=44 open_us=93 read_us=1428 max_read_us=1428 wall_us=1591 scalars=0 lookups=0[0m
[32mINFO - cjk-sd op=stage opens=0 reads=0 bytes=0 open_us=0 read_us=0 max_read_us=0 wall_us=112 scalars=247 lookups=0[0m
[32mINFO - cjk-sd op=prepare opens=1 reads=2 bytes=148 open_us=112 read_us=3762 max_read_us=2095 wall_us=4569 scalars=133 lookups=0[0m
[32mINFO - cjk-sd op=bank opens=1 reads=1 bytes=44 open_us=93 read_us=1598 max_read_us=1598 wall_us=1763 scalars=0 lookups=0[0m
[32mINFO - cjk-sd op=stage opens=0 reads=0 bytes=0 open_us=0 read_us=0 max_read_us=0 wall_us=112 scalars=247 lookups=0[0m
[32mINFO - cjk-sd op=prepare opens=1 reads=2 bytes=152 open_us=124 read_us=3745 max_read_us=2092 wall_us=4607 scalars=133 lookups=0[0m
[32mINFO - cjk-sd op=bank opens=1 reads=1 bytes=44 open_us=93 read_us=1447 max_read_us=1447 wall_us=1611 scalars=0 lookups=0[0m
[32mINFO - cjk-sd op=stage opens=0 reads=0 bytes=0 open_us=0 read_us=0 max_read_us=0 wall_us=112 scalars=247 lookups=0[0m
[32mINFO - cjk-sd op=prepare opens=1 reads=2 bytes=148 open_us=112 read_us=4749 max_read_us=3110 wall_us=5553 scalars=133 lookups=0[0m
[32mINFO - cjk-sd op=bank opens=1 reads=1 bytes=44 open_us=97 read_us=1591 max_read_us=1591 wall_us=1758 scalars=0 lookups=0[0m
[32mINFO - cjk-sd op=stage opens=0 reads=0 bytes=0 open_us=0 read_us=0 max_read_us=0 wall_us=116 scalars=247 lookups=0[0m
[32mINFO - cjk-sd op=prepare opens=1 reads=2 bytes=148 open_us=125 read_us=3764 max_read_us=2082 wall_us=4624 scalars=133 lookups=0[0m
[32mINFO - cjk-sd op=bank opens=1 reads=1 bytes=44 open_us=93 read_us=1428 max_read_us=1428 wall_us=1593 scalars=0 lookups=0[0m
[32mINFO - cjk-sd op=stage opens=0 reads=0 bytes=0 open_us=0 read_us=0 max_read_us=0 wall_us=116 scalars=247 lookups=0[0m
[32mINFO - cjk-sd op=prepare opens=1 reads=2 bytes=148 open_us=112 read_us=3757 max_read_us=2100 wall_us=4561 scalars=133 lookups=0[0m
[32mINFO - cjk-sd op=bank opens=1 reads=1 bytes=44 open_us=94 read_us=1596 max_read_us=1596 wall_us=1759 scalars=0 lookups=0[0m
[32mINFO - cjk-sd op=stage opens=0 reads=0 bytes=0 open_us=0 read_us=0 max_read_us=0 wall_us=116 scalars=247 lookups=0[0m
[32mINFO - cjk-sd op=prepare opens=1 reads=2 bytes=148 open_us=124 read_us=3741 max_read_us=2078 wall_us=4603 scalars=133 lookups=0[0m
[32mINFO - cjk-sd op=bank opens=1 reads=1 bytes=44 open_us=93 read_us=1444 max_read_us=1444 wall_us=1609 scalars=0 lookups=0[0m
[32mINFO - cjk-sd op=stage opens=0 reads=0 bytes=0 open_us=0 read_us=0 max_read_us=0 wall_us=116 scalars=247 lookups=0[0m
[32mINFO - cjk-sd op=prepare opens=1 reads=2 bytes=148 open_us=112 read_us=3754 max_read_us=2120 wall_us=4553 scalars=133 lookups=0[0m
[32mINFO - cjk-sd op=bank opens=1 reads=1 bytes=44 open_us=94 read_us=1592 max_read_us=1592 wall_us=1756 scalars=0 lookups=0[0m
[32mINFO - cjk-sd op=stage opens=0 reads=0 bytes=0 open_us=0 read_us=0 max_read_us=0 wall_us=116 scalars=247 lookups=0[0m
[32mINFO - cjk-sd op=prepare opens=1 reads=2 bytes=148 open_us=125 read_us=3760 max_read_us=2073 wall_us=4621 scalars=133 lookups=0[0m
[32mINFO - cjk-sd op=bank opens=1 reads=1 bytes=44 open_us=93 read_us=1428 max_read_us=1428 wall_us=1592 scalars=0 lookups=0[0m
[32mINFO - cjk-sd op=stage opens=0 reads=0 bytes=0 open_us=0 read_us=0 max_read_us=0 wall_us=116 scalars=247 lookups=0[0m
[32mINFO - cjk-sd op=prepare opens=1 reads=2 bytes=144 open_us=112 read_us=3750 max_read_us=2094 wall_us=4549 scalars=133 lookups=0[0m
[32mINFO - cjk-sd op=bank opens=1 reads=1 bytes=44 open_us=93 read_us=1594 max_read_us=1594 wall_us=1759 scalars=0 lookups=0[0m
[32mINFO - cjk-sd op=stage opens=0 reads=0 bytes=0 open_us=0 read_us=0 max_read_us=0 wall_us=116 scalars=247 lookups=0[0m
[32mINFO - cjk-sd op=prepare opens=1 reads=2 bytes=144 open_us=125 read_us=3712 max_read_us=2051 wall_us=4574 scalars=133 lookups=0[0m
[32mINFO - cjk-sd op=bank opens=1 reads=1 bytes=44 open_us=93 read_us=1419 max_read_us=1419 wall_us=1583 scalars=0 lookups=0[0m
[32mINFO - cjk-sd op=stage opens=0 reads=0 bytes=0 open_us=0 read_us=0 max_read_us=0 wall_us=116 scalars=247 lookups=0[0m
[32mINFO - cjk-sd op=prepare opens=1 reads=2 bytes=148 open_us=116 read_us=4677 max_read_us=3037 wall_us=5491 scalars=133 lookups=0[0m
[32mINFO - cjk-sd op=bank opens=1 reads=1 bytes=44 open_us=98 read_us=1606 max_read_us=1606 wall_us=1773 scalars=0 lookups=0[0m
[32mINFO - cjk-sd op=stage opens=0 reads=0 bytes=0 open_us=0 read_us=0 max_read_us=0 wall_us=116 scalars=247 lookups=0[0m
[32mINFO - cjk-sd op=prepare opens=1 reads=2 bytes=148 open_us=134 read_us=3729 max_read_us=2046 wall_us=4602 scalars=133 lookups=0[0m
[32mINFO - cjk-sd op=bank opens=1 reads=1 bytes=44 open_us=94 read_us=1415 max_read_us=1415 wall_us=1579 scalars=0 lookups=0[0m
[32mINFO - cjk-sd op=stage opens=0 reads=0 bytes=0 open_us=0 read_us=0 max_read_us=0 wall_us=116 scalars=247 lookups=0[0m
[32mINFO - cjk-sd op=prepare opens=1 reads=2 bytes=144 open_us=137 read_us=3732 max_read_us=2074 wall_us=4551 scalars=133 lookups=0[0m
[32mINFO - cjk-sd op=bank opens=1 reads=1 bytes=44 open_us=93 read_us=1581 max_read_us=1581 wall_us=1746 scalars=0 lookups=0[0m
[32mINFO - cjk-sd op=stage opens=0 reads=0 bytes=0 open_us=0 read_us=0 max_read_us=0 wall_us=116 scalars=247 lookups=0[0m
[32mINFO - cjk-sd op=prepare opens=1 reads=2 bytes=144 open_us=117 read_us=3686 max_read_us=2044 wall_us=4542 scalars=133 lookups=0[0m
[32mINFO - cjk-sd op=bank opens=1 reads=1 bytes=44 open_us=93 read_us=1422 max_read_us=1422 wall_us=1591 scalars=0 lookups=0[0m
[32mINFO - cjk-sd op=stage opens=0 reads=0 bytes=0 open_us=0 read_us=0 max_read_us=0 wall_us=116 scalars=247 lookups=0[0m
[32mINFO - cjk-sd op=prepare opens=1 reads=2 bytes=148 open_us=125 read_us=3715 max_read_us=2077 wall_us=4523 scalars=133 lookups=0[0m
[32mINFO - cjk-sd op=bank opens=1 reads=1 bytes=44 open_us=93 read_us=1574 max_read_us=1574 wall_us=1749 scalars=0 lookups=0[0m
[32mINFO - cjk-sd op=stage opens=0 reads=0 bytes=0 open_us=0 read_us=0 max_read_us=0 wall_us=116 scalars=247 lookups=0[0m
[32mINFO - cjk-sd op=prepare opens=1 reads=2 bytes=144 open_us=112 read_us=3716 max_read_us=2040 wall_us=4567 scalars=133 lookups=0[0m
[32mINFO - cjk-sd op=bank opens=1 reads=1 bytes=44 open_us=93 read_us=1433 max_read_us=1433 wall_us=1612 scalars=0 lookups=0[0m
[32mINFO - cjk-sd op=stage opens=0 reads=0 bytes=0 open_us=0 read_us=0 max_read_us=0 wall_us=116 scalars=247 lookups=0[0m
[32mINFO - cjk-sd op=prepare opens=1 reads=2 bytes=140 open_us=124 read_us=3710 max_read_us=2058 wall_us=4518 scalars=133 lookups=0[0m
[32mINFO - cjk-sd op=bank opens=1 reads=1 bytes=44 open_us=93 read_us=1595 max_read_us=1595 wall_us=1772 scalars=0 lookups=0[0m
[32mINFO - cjk-sd op=stage opens=0 reads=0 bytes=0 open_us=0 read_us=0 max_read_us=0 wall_us=116 scalars=247 lookups=0[0m
[32mINFO - cjk-sd op=prepare opens=1 reads=2 bytes=148 open_us=112 read_us=3726 max_read_us=2062 wall_us=4577 scalars=133 lookups=0[0m
[32mINFO - cjk-sd op=bank opens=1 reads=1 bytes=44 open_us=93 read_us=1438 max_read_us=1438 wall_us=1609 scalars=0 lookups=0[0m
[32mINFO - cjk-sd op=stage opens=0 reads=0 bytes=0 open_us=0 read_us=0 max_read_us=0 wall_us=116 scalars=247 lookups=0[0m
[32mINFO - cjk-sd op=prepare opens=1 reads=2 bytes=144 open_us=124 read_us=3759 max_read_us=2113 wall_us=4576 scalars=133 lookups=0[0m
[32mINFO - cjk-sd op=bank opens=1 reads=1 bytes=44 open_us=93 read_us=1585 max_read_us=1585 wall_us=1754 scalars=0 lookups=0[0m
[32mINFO - cjk-sd op=stage opens=0 reads=0 bytes=0 open_us=0 read_us=0 max_read_us=0 wall_us=116 scalars=247 lookups=0[0m
[32mINFO - cjk-sd op=prepare opens=1 reads=2 bytes=119 open_us=112 read_us=3766 max_read_us=2088 wall_us=4618 scalars=133 lookups=0[0m
[32mINFO - cjk-sd op=bank opens=1 reads=1 bytes=44 open_us=94 read_us=1453 max_read_us=1453 wall_us=1618 scalars=0 lookups=0[0m
[32mINFO - cjk-sd op=stage opens=0 reads=0 bytes=0 open_us=0 read_us=0 max_read_us=0 wall_us=116 scalars=247 lookups=0[0m
[32mINFO - cjk-sd op=prepare opens=1 reads=2 bytes=119 open_us=124 read_us=3756 max_read_us=2105 wall_us=4564 scalars=133 lookups=0[0m
[32mINFO - cjk-sd op=bank opens=1 reads=1 bytes=44 open_us=98 read_us=1602 max_read_us=1602 wall_us=1770 scalars=0 lookups=0[0m
[32mINFO - cjk-sd op=stage opens=0 reads=0 bytes=0 open_us=0 read_us=0 max_read_us=0 wall_us=116 scalars=247 lookups=0[0m
[32mINFO - cjk-sd op=prepare opens=1 reads=2 bytes=152 open_us=112 read_us=3733 max_read_us=2062 wall_us=4584 scalars=133 lookups=0[0m
[32mINFO - cjk-sd op=bank opens=1 reads=1 bytes=44 open_us=98 read_us=1444 max_read_us=1444 wall_us=1612 scalars=0 lookups=0[0m
[32mINFO - cjk-sd op=stage opens=0 reads=0 bytes=0 open_us=0 read_us=0 max_read_us=0 wall_us=116 scalars=247 lookups=0[0m
[32mINFO - cjk-sd op=prepare opens=1 reads=2 bytes=148 open_us=124 read_us=3708 max_read_us=2090 wall_us=4520 scalars=133 lookups=0[0m
[32mINFO - cjk-sd op=bank opens=1 reads=1 bytes=44 open_us=97 read_us=1583 max_read_us=1583 wall_us=1752 scalars=0 lookups=0[0m
[32mINFO - cjk-sd op=stage opens=0 reads=0 bytes=0 open_us=0 read_us=0 max_read_us=0 wall_us=116 scalars=247 lookups=0[0m
[32mINFO - cjk-sd op=prepare opens=1 reads=2 bytes=148 open_us=112 read_us=4722 max_read_us=3034 wall_us=5577 scalars=133 lookups=0[0m
[32mINFO - cjk-sd op=bank opens=1 reads=1 bytes=44 open_us=94 read_us=1407 max_read_us=1407 wall_us=1571 scalars=0 lookups=0[0m
[32mINFO - cjk-sd op=stage opens=0 reads=0 bytes=0 open_us=0 read_us=0 max_read_us=0 wall_us=116 scalars=247 lookups=0[0m
[32mINFO - cjk-sd op=prepare opens=1 reads=2 bytes=122 open_us=128 read_us=3763 max_read_us=2083 wall_us=4578 scalars=133 lookups=0[0m
[32mINFO - cjk-sd op=bank opens=1 reads=1 bytes=44 open_us=97 read_us=1595 max_read_us=1595 wall_us=1763 scalars=0 lookups=0[0m
[32mINFO - cjk-sd op=stage opens=0 reads=0 bytes=0 open_us=0 read_us=0 max_read_us=0 wall_us=116 scalars=247 lookups=0[0m
[32mINFO - cjk-sd op=prepare opens=1 reads=2 bytes=148 open_us=112 read_us=3787 max_read_us=2105 wall_us=4639 scalars=133 lookups=0[0m
[32mINFO - cjk-sd op=bank opens=1 reads=1 bytes=44 open_us=93 read_us=1433 max_read_us=1433 wall_us=1596 scalars=0 lookups=0[0m
[32mINFO - cjk-sd op=stage opens=0 reads=0 bytes=0 open_us=0 read_us=0 max_read_us=0 wall_us=116 scalars=247 lookups=0[0m
[32mINFO - cjk-sd op=prepare opens=1 reads=2 bytes=52 open_us=125 read_us=3782 max_read_us=2128 wall_us=4592 scalars=133 lookups=0[0m
[32mINFO - cjk-sd op=bank opens=1 reads=1 bytes=44 open_us=93 read_us=1563 max_read_us=1563 wall_us=1727 scalars=0 lookups=0[0m
[32mINFO - cjk-sd op=stage opens=0 reads=0 bytes=0 open_us=0 read_us=0 max_read_us=0 wall_us=116 scalars=247 lookups=0[0m
[32mINFO - cjk-sd op=prepare opens=1 reads=2 bytes=49 open_us=112 read_us=3791 max_read_us=2090 wall_us=4643 scalars=133 lookups=0[0m
[32mINFO - cjk-sd op=bank opens=1 reads=1 bytes=44 open_us=93 read_us=1420 max_read_us=1420 wall_us=1585 scalars=0 lookups=0[0m
[32mINFO - cjk-sd op=stage opens=0 reads=0 bytes=0 open_us=0 read_us=0 max_read_us=0 wall_us=116 scalars=247 lookups=0[0m
[32mINFO - cjk-sd op=prepare opens=1 reads=2 bytes=152 open_us=124 read_us=3791 max_read_us=2125 wall_us=4559 scalars=133 lookups=0[0m
[32mINFO - stats: heap 8/158K peak 8K | stack free 68K hwm 17K | bat 98% 4.1V | up 0:02 | SD:ok[0m
[32mINFO - heap psram: used 20616 B, free 2076536 B, peak 20616 B; reserved 20624 / 1900544 B, peak 20624 B[0m
[32mINFO - display: partial refresh 480x794 at (0, 6) in 835 ms (partial count 11)[0m
[32mINFO - stats: heap 8/158K peak 8K | stack free 68K hwm 17K | bat 98% 4.1V | up 0:02 | SD:ok[0m
[32mINFO - heap psram: used 20616 B, free 2076536 B, peak 20616 B; reserved 20624 / 1900544 B, peak 20624 B[0m
[32mINFO - stats: heap 8/158K peak 8K | stack free 68K hwm 17K | bat 98% 4.1V | up 0:02 | SD:ok[0m
[32mINFO - heap psram: used 20616 B, free 2076536 B, peak 20616 B; reserved 20624 / 1900544 B, peak 20624 B[0m
[32mINFO - app: Reader -> Files[0m
[32mINFO - bookmark: cached off=0 ch=0 gen=12 for "ZH2.TXT"[0m
[32mINFO - font: size_idx=3 line_h=59 (native 37 x 160%) ascent=30 max_lines=12 margin=40[0m
[32mINFO - font: size_idx=3 line_h=59 (native 37 x 160%) ascent=30 max_lines=12 margin=40[0m
[32mINFO - stats: heap 0/158K peak 8K | stack free 68K hwm 17K | bat 98% 4.1V | up 0:02 | SD:ok[0m
[32mINFO - heap psram: used 8192 B, free 2088960 B, peak 20616 B; reserved 8192 / 1900544 B, peak 20624 B[0m
[32mINFO - cjk-sd op=stage opens=1 reads=36 bytes=814 open_us=126 read_us=41571 max_read_us=2286 wall_us=42145 scalars=3 lookups=3[0m
[32mINFO - cjk-sd op=prepare opens=1 reads=4 bytes=360 open_us=121 read_us=7989 max_read_us=2855 wall_us=8870 scalars=3 lookups=0[0m
[32mINFO - display: partial refresh 480x800 at (0, 0) in 792 ms (partial count 12)[0m
[32mINFO - battery: cell 4134 mV, 95% (periodic)[0m
[32mINFO - stats: heap 0/158K peak 8K | stack free 68K hwm 17K | bat 95% 4.1V | up 0:02 | SD:ok[0m
[32mINFO - heap psram: used 8508 B, free 2088644 B, peak 20616 B; reserved 8512 / 1900544 B, peak 20624 B[0m
[32mINFO - display: partial refresh 448x447 at (16, 8) in 724 ms (partial count 13)[0m
[32mINFO - stats: heap 0/158K peak 8K | stack free 68K hwm 17K | bat 95% 4.1V | up 0:02 | SD:ok[0m
[32mINFO - heap psram: used 8508 B, free 2088644 B, peak 20616 B; reserved 8512 / 1900544 B, peak 20624 B[0m
[32mINFO - display: partial refresh 448x391 at (16, 8) in 713 ms (partial count 14)[0m
[32mINFO - stats: heap 0/158K peak 8K | stack free 68K hwm 17K | bat 95% 4.1V | up 0:02 | SD:ok[0m
[32mINFO - heap psram: used 8508 B, free 2088644 B, peak 20616 B; reserved 8512 / 1900544 B, peak 20624 B[0m
[32mINFO - display: partial refresh 448x335 at (16, 8) in 701 ms (partial count 15)[0m
[32mINFO - stats: heap 0/158K peak 8K | stack free 68K hwm 17K | bat 95% 4.1V | up 0:02 | SD:ok[0m
[32mINFO - heap psram: used 8508 B, free 2088644 B, peak 20616 B; reserved 8512 / 1900544 B, peak 20624 B[0m
[32mINFO - display: partial refresh 448x279 at (16, 8) in 692 ms (partial count 16)[0m
[32mINFO - stats: heap 0/158K peak 8K | stack free 68K hwm 17K | bat 95% 4.1V | up 0:02 | SD:ok[0m
[32mINFO - heap psram: used 8508 B, free 2088644 B, peak 20616 B; reserved 8512 / 1900544 B, peak 20624 B[0m
[32mINFO - stats: heap 0/158K peak 8K | stack free 68K hwm 17K | bat 95% 4.1V | up 0:02 | SD:ok[0m
[32mINFO - heap psram: used 8508 B, free 2088644 B, peak 20616 B; reserved 8512 / 1900544 B, peak 20624 B[0m
[32mINFO - display: partial refresh 448x223 at (16, 8) in 683 ms (partial count 17)[0m
[32mINFO - stats: heap 0/158K peak 8K | stack free 68K hwm 17K | bat 95% 4.1V | up 0:02 | SD:ok[0m
[32mINFO - heap psram: used 8508 B, free 2088644 B, peak 20616 B; reserved 8512 / 1900544 B, peak 20624 B[0m
[32mINFO - display: partial refresh 448x167 at (16, 8) in 671 ms (partial count 18)[0m
[32mINFO - app: Files -> Reader[0m
[32mINFO - font: size_idx=3 line_h=59 (native 37 x 160%) ascent=30 max_lines=12 margin=40[0m
[32mINFO - font: size_idx=3 line_h=59 (native 37 x 160%) ascent=30 max_lines=12 margin=40[0m
[32mINFO - [work] reset -> gen 3[0m
[32mINFO - font: size_idx=3 line_h=59 (native 37 x 160%) ascent=30 max_lines=12 margin=40[0m
[32mINFO - reader: opening ASSEMB~1.EPU[0m
[32mINFO - epub: CD at offset 281729 size 1868 (283619 file bytes)[0m
[32mINFO - epub: 28 entries in ZIP[0m
[32mINFO - stats: heap 1/158K peak 8K | stack free 68K hwm 17K | bat 95% 4.1V | up 0:02 | SD:ok[0m
[32mINFO - heap psram: used 8192 B, free 2088960 B, peak 20616 B; reserved 8192 / 1900544 B, peak 20624 B[0m
[32mINFO - cjk-sd op=stage opens=0 reads=0 bytes=0 open_us=0 read_us=0 max_read_us=0 wall_us=49 scalars=0 lookups=0[0m
[32mINFO - cjk-sd op=prepare opens=0 reads=0 bytes=0 open_us=0 read_us=0 max_read_us=0 wall_us=60 scalars=0 lookups=0[0m
[32mINFO - zip: deflate stream 174 -> 257 bytes[0m
[32mINFO - epub: OPF at OEBPS/content.opf[0m
[32mINFO - zip: deflate stream 1047 -> 4106 bytes[0m
[32mINFO - epub: TOC source = EPUB3 nav (zip #22)[0m
[32mINFO - epub: "集合體" by 娜塔夏‧ 布朗（Natasha Brown） -- 17 chapters[0m
[32mINFO - stats: heap 1/158K peak 9K | stack free 68K hwm 17K | bat 95% 4.1V | up 0:02 | SD:ok[0m
[32mINFO - heap psram: used 8192 B, free 2088960 B, peak 20616 B; reserved 8192 / 1900544 B, peak 20624 B[0m
[32mINFO - stats: heap 1/158K peak 9K | stack free 68K hwm 17K | bat 95% 4.1V | up 0:02 | SD:ok[0m
[32mINFO - heap psram: used 8192 B, free 2088960 B, peak 20616 B; reserved 8192 / 1900544 B, peak 20624 B[0m
[32mINFO - cjk-sd op=stage opens=1 reads=36 bytes=814 open_us=189969 read_us=39443 max_read_us=1921 wall_us=229873 scalars=3 lookups=3[0m
[32mINFO - cjk-sd op=prepare opens=1 reads=4 bytes=138 open_us=145 read_us=6141 max_read_us=1982 wall_us=7051 scalars=3 lookups=0[0m
[32mINFO - display: partial refresh 448x24 at (8, 24) in 650 ms (partial count 1)[0m
[32mINFO - zip: deflate stream 703 -> 1533 bytes[0m
[32mINFO - epub: TOC has 9 entries[0m
[32mINFO - stats: heap 15/158K peak 16K | stack free 68K hwm 17K | bat 95% 4.1V | up 0:02 | SD:ok[0m
[32mINFO - heap psram: used 8288 B, free 2088864 B, peak 20616 B; reserved 8288 / 1900544 B, peak 20624 B[0m
[32mINFO - display: partial refresh 448x24 at (8, 24) in 650 ms (partial count 2)[0m
[32mINFO - epub: building v3 cache for 17 chapters[0m
[32mINFO - cache-async: streaming deflate 418 -> 666 bytes[0m
[32mINFO - epub: cached ch0/17 = 0 bytes at offset 264[0m
[32mINFO - epub: priority cache ch1 (adjacent to ch0)[0m
[32mINFO - cache-async: streaming deflate 703 -> 1533 bytes[0m
[32mINFO - epub: cached ch1/17 = 240 bytes at offset 264[0m
[32mINFO - bookmarks: flushed 5 slots to SD[0m
[32mINFO - stats: heap 15/158K peak 19K | stack free 68K hwm 17K | bat 95% 4.1V | up 0:02 | SD:ok[0m
[32mINFO - heap psram: used 8288 B, free 2088864 B, peak 51556 B; reserved 8288 / 1900544 B, peak 51568 B[0m
[32mINFO - display: partial refresh 448x24 at (8, 24) in 651 ms (partial count 3)[0m
[32mINFO - epub: index chapter 1/17 (0 bytes cached text)[0m
[32mINFO - cache-async: streaming deflate 4306 -> 8582 bytes[0m
[32mINFO - epub: cached ch2/17 = 6745 bytes at offset 504[0m
[32mINFO - stats: heap 15/158K peak 19K | stack free 68K hwm 17K | bat 95% 4.1V | up 0:02 | SD:ok[0m
[32mINFO - heap psram: used 8288 B, free 2088864 B, peak 51556 B; reserved 8288 / 1900544 B, peak 51568 B[0m
[32mINFO - display: partial refresh 448x24 at (8, 24) in 650 ms (partial count 4)[0m
[32mINFO - cjk: lookup 1/698 glyphs, about 139245 ms left[0m
[32mINFO - cjk-sd op=stage opens=1 reads=15 bytes=352 open_us=148 read_us=14178 max_read_us=2019 wall_us=15351 scalars=698 lookups=1[0m
[32mINFO - stats: heap 31/158K peak 41K | stack free 68K hwm 17K | bat 95% 4.1V | up 0:02 | SD:ok[0m
[32mINFO - heap psram: used 8288 B, free 2088864 B, peak 51556 B; reserved 8288 / 1900544 B, peak 51568 B[0m
[32mINFO - stats: heap 31/158K peak 41K | stack free 68K hwm 17K | bat 95% 4.1V | up 0:02 | SD:ok[0m
[32mINFO - heap psram: used 8288 B, free 2088864 B, peak 51556 B; reserved 8288 / 1900544 B, peak 51568 B[0m
[32mINFO - display: partial refresh 448x24 at (8, 24) in 651 ms (partial count 5)[0m
[32mINFO - cjk-sd op=stage opens=1 reads=14 bytes=330 open_us=121 read_us=13993 max_read_us=1995 wall_us=14663 scalars=698 lookups=1[0m
[32mINFO - cjk-sd op=stage opens=1 reads=12 bytes=286 open_us=109 read_us=13964 max_read_us=1993 wall_us=14517 scalars=698 lookups=1[0m
[32mINFO - cjk-sd op=stage opens=1 reads=14 bytes=330 open_us=82 read_us=16928 max_read_us=2001 wall_us=17440 scalars=698 lookups=1[0m
[32mINFO - cjk-sd op=stage opens=1 reads=13 bytes=308 open_us=97 read_us=14944 max_read_us=2000 wall_us=15495 scalars=698 lookups=1[0m
[32mINFO - cjk-sd op=stage opens=1 reads=15 bytes=352 open_us=81 read_us=14952 max_read_us=1996 wall_us=15472 scalars=698 lookups=1[0m
[32mINFO - cjk-sd op=stage opens=1 reads=14 bytes=330 open_us=97 read_us=14945 max_read_us=1991 wall_us=15495 scalars=698 lookups=1[0m
[32mINFO - cjk-sd op=stage opens=1 reads=15 bytes=352 open_us=82 read_us=12690 max_read_us=1986 wall_us=13212 scalars=698 lookups=1[0m
[32mINFO - cjk-sd op=stage opens=1 reads=13 bytes=308 open_us=98 read_us=14648 max_read_us=2010 wall_us=15193 scalars=698 lookups=1[0m
[32mINFO - stats: heap 31/158K peak 41K | stack free 68K hwm 17K | bat 95% 4.1V | up 0:02 | SD:ok[0m
[32mINFO - heap psram: used 8288 B, free 2088864 B, peak 51556 B; reserved 8288 / 1900544 B, peak 51568 B[0m
[32mINFO - cjk-sd op=stage opens=1 reads=15 bytes=352 open_us=93 read_us=16569 max_read_us=2000 wall_us=17138 scalars=698 lookups=1[0m
[32mINFO - cjk-sd op=stage opens=1 reads=14 bytes=330 open_us=101 read_us=15589 max_read_us=1981 wall_us=16137 scalars=698 lookups=1[0m
[32mINFO - cjk-sd op=stage opens=1 reads=15 bytes=352 open_us=86 read_us=13611 max_read_us=1978 wall_us=14139 scalars=698 lookups=1[0m
[32mINFO - cjk-sd op=stage opens=1 reads=9 bytes=220 open_us=97 read_us=11748 max_read_us=2000 wall_us=12280 scalars=698 lookups=1[0m
[32mINFO - cjk-sd op=stage opens=1 reads=12 bytes=286 open_us=82 read_us=13666 max_read_us=1990 wall_us=14177 scalars=698 lookups=1[0m
[32mINFO - cjk-sd op=stage opens=1 reads=14 bytes=330 open_us=98 read_us=13674 max_read_us=2009 wall_us=14221 scalars=698 lookups=1[0m
[32mINFO - cjk-sd op=stage opens=1 reads=14 bytes=330 open_us=82 read_us=14605 max_read_us=1996 wall_us=15121 scalars=698 lookups=1[0m
[32mINFO - cjk-sd op=stage opens=1 reads=12 bytes=286 open_us=97 read_us=12727 max_read_us=2000 wall_us=13269 scalars=698 lookups=1[0m
[32mINFO - cjk-sd op=stage opens=1 reads=14 bytes=330 open_us=82 read_us=12720 max_read_us=1986 wall_us=13238 scalars=698 lookups=1[0m
[32mINFO - cjk-sd op=stage opens=1 reads=13 bytes=308 open_us=97 read_us=13709 max_read_us=2004 wall_us=14254 scalars=698 lookups=1[0m
[32mINFO - cjk-sd op=stage opens=1 reads=15 bytes=352 open_us=82 read_us=13692 max_read_us=1990 wall_us=14213 scalars=698 lookups=1[0m
[32mINFO - cjk-sd op=stage opens=1 reads=13 bytes=308 open_us=97 read_us=13687 max_read_us=2000 wall_us=14232 scalars=698 lookups=1[0m
[32mINFO - cjk: lookup 22/698 glyphs, about 113035 ms left[0m
[32mINFO - cjk-sd op=stage opens=1 reads=15 bytes=352 open_us=82 read_us=16608 max_read_us=1994 wall_us=17586 scalars=698 lookups=1[0m
[32mINFO - cjk-sd op=stage opens=1 reads=14 bytes=330 open_us=97 read_us=14658 max_read_us=1998 wall_us=15211 scalars=698 lookups=1[0m
[32mINFO - cjk-sd op=stage opens=1 reads=15 bytes=352 open_us=82 read_us=14646 max_read_us=1992 wall_us=15167 scalars=698 lookups=1[0m
[32mINFO - cjk-sd op=stage opens=1 reads=14 bytes=330 open_us=97 read_us=13689 max_read_us=1996 wall_us=14239 scalars=698 lookups=1[0m
[32mINFO - cjk-sd op=stage opens=1 reads=14 bytes=330 open_us=81 read_us=13636 max_read_us=1983 wall_us=14154 scalars=698 lookups=1[0m
[32mINFO - cjk-sd op=stage opens=1 reads=14 bytes=330 open_us=97 read_us=13700 max_read_us=2005 wall_us=14249 scalars=698 lookups=1[0m
[32mINFO - cjk-sd op=stage opens=1 reads=14 bytes=330 open_us=82 read_us=12728 max_read_us=1994 wall_us=13247 scalars=698 lookups=1[0m
[32mINFO - cjk-sd op=stage opens=1 reads=15 bytes=352 open_us=97 read_us=12747 max_read_us=1998 wall_us=13300 scalars=698 lookups=1[0m
[32mINFO - cjk-sd op=stage opens=1 reads=14 bytes=330 open_us=82 read_us=12763 max_read_us=1984 wall_us=13282 scalars=698 lookups=1[0m
[32mINFO - cjk-sd op=stage opens=1 reads=14 bytes=330 open_us=98 read_us=12751 max_read_us=2002 wall_us=13300 scalars=698 lookups=1[0m
[32mINFO - cjk-sd op=stage opens=1 reads=10 bytes=242 open_us=81 read_us=12689 max_read_us=1988 wall_us=13195 scalars=698 lookups=1[0m
[32mINFO - cjk-sd op=stage opens=1 reads=15 bytes=352 open_us=98 read_us=14661 max_read_us=1998 wall_us=15213 scalars=698 lookups=1[0m
[32mINFO - cjk-sd op=stage opens=1 reads=14 bytes=330 open_us=82 read_us=13676 max_read_us=1991 wall_us=14194 scalars=698 lookups=1[0m
[32mINFO - cjk-sd op=stage opens=1 reads=13 bytes=308 open_us=97 read_us=13737 max_read_us=2004 wall_us=14284 scalars=698 lookups=1[0m
[32mINFO - cjk-sd op=stage opens=1 reads=10 bytes=242 open_us=82 read_us=12734 max_read_us=1991 wall_us=13241 scalars=698 lookups=1[0m
[32mINFO - cjk-sd op=stage opens=1 reads=13 bytes=308 open_us=97 read_us=14644 max_read_us=1993 wall_us=15191 scalars=698 lookups=1[0m
[32mINFO - cjk-sd op=stage opens=1 reads=15 bytes=352 open_us=81 read_us=13681 max_read_us=1992 wall_us=14203 scalars=698 lookups=1[0m
[32mINFO - cjk-sd op=stage opens=1 reads=14 bytes=330 open_us=97 read_us=13703 max_read_us=2003 wall_us=14253 scalars=698 lookups=1[0m
[32mINFO - stats: heap 31/158K peak 41K | stack free 68K hwm 17K | bat 95% 4.1V | up 0:02 | SD:ok[0m
[32mINFO - heap psram: used 8288 B, free 2088864 B, peak 51556 B; reserved 8288 / 1900544 B, peak 51568 B[0m
[32mINFO - cjk-sd op=stage opens=1 reads=13 bytes=308 open_us=93 read_us=13658 max_read_us=1989 wall_us=14228 scalars=698 lookups=1[0m
[32mINFO - cjk-sd op=stage opens=1 reads=14 bytes=330 open_us=102 read_us=12703 max_read_us=1980 wall_us=13253 scalars=698 lookups=1[0m
[32mINFO - cjk-sd op=stage opens=1 reads=14 bytes=330 open_us=86 read_us=12703 max_read_us=1998 wall_us=13232 scalars=698 lookups=1[0m
[32mINFO - cjk-sd op=stage opens=1 reads=15 bytes=352 open_us=97 read_us=13670 max_read_us=1997 wall_us=14226 scalars=698 lookups=1[0m
[32mINFO - cjk-sd op=stage opens=1 reads=15 bytes=352 open_us=82 read_us=15536 max_read_us=1992 wall_us=16060 scalars=698 lookups=1[0m
[32mINFO - cjk-sd op=stage opens=1 reads=15 bytes=352 open_us=98 read_us=12684 max_read_us=1994 wall_us=13240 scalars=698 lookups=1[0m
[32mINFO - cjk-sd op=stage opens=1 reads=14 bytes=330 open_us=82 read_us=13660 max_read_us=1986 wall_us=14180 scalars=698 lookups=1[0m
[32mINFO - cjk: lookup 47/698 glyphs, about 108240 ms left[0m
[32mINFO - cjk-sd op=stage opens=1 reads=15 bytes=352 open_us=97 read_us=15549 max_read_us=1992 wall_us=16479 scalars=698 lookups=1[0m
[32mINFO - cjk-sd op=stage opens=1 reads=14 bytes=330 open_us=82 read_us=15659 max_read_us=1977 wall_us=16190 scalars=698 lookups=1[0m
[32mINFO - cjk-sd op=stage opens=1 reads=13 bytes=308 open_us=97 read_us=13660 max_read_us=1987 wall_us=14209 scalars=698 lookups=1[0m
[32mINFO - cjk-sd op=stage opens=1 reads=15 bytes=352 open_us=82 read_us=13747 max_read_us=1993 wall_us=14271 scalars=698 lookups=1[0m
[32mINFO - cjk-sd op=stage opens=1 reads=13 bytes=308 open_us=97 read_us=13696 max_read_us=1996 wall_us=14246 scalars=698 lookups=1[0m
[32mINFO - cjk-sd op=stage opens=1 reads=15 bytes=352 open_us=82 read_us=16648 max_read_us=1983 wall_us=17173 scalars=698 lookups=1[0m
[32mINFO - cjk-sd op=stage opens=1 reads=14 bytes=330 open_us=98 read_us=12752 max_read_us=1996 wall_us=13305 scalars=698 lookups=1[0m
[32mINFO - cjk-sd op=stage opens=1 reads=14 bytes=330 open_us=81 read_us=13742 max_read_us=1988 wall_us=14263 scalars=698 lookups=1[0m
[32mINFO - cjk-sd op=stage opens=1 reads=15 bytes=352 open_us=98 read_us=14714 max_read_us=2000 wall_us=15269 scalars=698 lookups=1[0m
[32mINFO - cjk-sd op=stage opens=1 reads=13 bytes=308 open_us=81 read_us=13730 max_read_us=1988 wall_us=14247 scalars=698 lookups=1[0m
[32mINFO - cjk-sd op=stage opens=1 reads=14 bytes=330 open_us=97 read_us=13790 max_read_us=1998 wall_us=14342 scalars=698 lookups=1[0m
[32mINFO - cjk-sd op=stage opens=1 reads=13 bytes=308 open_us=81 read_us=14725 max_read_us=1985 wall_us=15243 scalars=698 lookups=1[0m
[32mINFO - cjk-sd op=stage opens=1 reads=14 bytes=330 open_us=97 read_us=14696 max_read_us=1995 wall_us=15249 scalars=698 lookups=1[0m
[32mINFO - cjk-sd op=stage opens=1 reads=15 bytes=352 open_us=82 read_us=14692 max_read_us=1985 wall_us=15217 scalars=698 lookups=1[0m
[32mINFO - cjk-sd op=stage opens=1 reads=11 bytes=264 open_us=97 read_us=13777 max_read_us=2004 wall_us=14322 scalars=698 lookups=1[0m
[32mINFO - cjk-sd op=stage opens=1 reads=15 bytes=352 open_us=81 read_us=13787 max_read_us=1993 wall_us=14311 scalars=698 lookups=1[0m
[32mINFO - cjk-sd op=stage opens=1 reads=14 bytes=330 open_us=97 read_us=13738 max_read_us=1991 wall_us=14291 scalars=698 lookups=1[0m
[32mINFO - cjk-sd op=stage opens=1 reads=12 bytes=286 open_us=81 read_us=13754 max_read_us=1983 wall_us=14270 scalars=698 lookups=1[0m
[32mINFO - cjk-sd op=stage opens=1 reads=13 bytes=308 open_us=97 read_us=13781 max_read_us=1995 wall_us=14332 scalars=698 lookups=1[0m
[32mINFO - cjk-sd op=stage opens=1 reads=14 bytes=330 open_us=82 read_us=13736 max_read_us=1987 wall_us=14259 scalars=698 lookups=1[0m
[32mINFO - cjk-sd op=stage opens=1 reads=9 bytes=220 open_us=97 read_us=11763 max_read_us=1998 wall_us=12301 scalars=698 lookups=1[0m
[32mINFO - cjk-sd op=stage opens=1 reads=15 bytes=352 open_us=82 read_us=13865 max_read_us=1971 wall_us=14392 scalars=698 lookups=1[0m
[32mINFO - cjk-sd op=stage opens=1 reads=15 bytes=352 open_us=98 read_us=13830 max_read_us=1989 wall_us=14389 scalars=698 lookups=1[0m
[32mINFO - stats: heap 31/158K peak 41K | stack free 68K hwm 17K | bat 95% 4.1V | up 0:03 | SD:ok[0m
[32mINFO - heap psram: used 8288 B, free 2088864 B, peak 51556 B; reserved 8288 / 1900544 B, peak 51568 B[0m
[32mINFO - cjk-sd op=stage opens=1 reads=11 bytes=264 open_us=93 read_us=12755 max_read_us=1977 wall_us=13318 scalars=698 lookups=1[0m
[32mINFO - cjk-sd op=stage opens=1 reads=13 bytes=308 open_us=101 read_us=12803 max_read_us=1984 wall_us=13355 scalars=698 lookups=1[0m
[32mINFO - cjk: lookup 72/698 glyphs, about 102149 ms left[0m
[32mINFO - cjk-sd op=stage opens=1 reads=10 bytes=242 open_us=85 read_us=12796 max_read_us=1996 wall_us=13708 scalars=698 lookups=1[0m
[32mINFO - cjk-sd op=stage opens=1 reads=12 bytes=286 open_us=97 read_us=13724 max_read_us=1987 wall_us=14277 scalars=698 lookups=1[0m
[32mINFO - cjk-sd op=stage opens=1 reads=13 bytes=308 open_us=82 read_us=13755 max_read_us=1981 wall_us=14275 scalars=698 lookups=1[0m
[32mINFO - cjk-sd op=stage opens=1 reads=14 bytes=330 open_us=97 read_us=13703 max_read_us=1983 wall_us=14258 scalars=698 lookups=1[0m
[32mINFO - cjk-sd op=stage opens=1 reads=13 bytes=308 open_us=81 read_us=13766 max_read_us=1989 wall_us=14286 scalars=698 lookups=1[0m
[32mINFO - cjk-sd op=stage opens=1 reads=14 bytes=330 open_us=97 read_us=13808 max_read_us=1981 wall_us=14363 scalars=698 lookups=1[0m
[32mINFO - cjk-sd op=stage opens=1 reads=15 bytes=352 open_us=81 read_us=15666 max_read_us=1990 wall_us=16192 scalars=698 lookups=1[0m
[32mINFO - battery: cell 4112 mV, 93% (periodic)[0m
[32mINFO - cjk-sd op=stage opens=1 reads=13 bytes=308 open_us=97 read_us=12792 max_read_us=1995 wall_us=13365 scalars=698 lookups=1[0m
[32mINFO - cjk-sd op=stage opens=1 reads=15 bytes=352 open_us=81 read_us=12783 max_read_us=1991 wall_us=13313 scalars=698 lookups=1[0m
[32mINFO - cjk-sd op=stage opens=1 reads=15 bytes=352 open_us=100 read_us=12784 max_read_us=1992 wall_us=13346 scalars=698 lookups=1[0m
[32mINFO - cjk-sd op=stage opens=1 reads=13 bytes=308 open_us=77 read_us=12709 max_read_us=1984 wall_us=13234 scalars=698 lookups=1[0m
[32mINFO - cjk-sd op=stage opens=1 reads=15 bytes=352 open_us=96 read_us=12828 max_read_us=2000 wall_us=13390 scalars=698 lookups=1[0m
[32mINFO - cjk-sd op=stage opens=1 reads=14 bytes=330 open_us=78 read_us=12765 max_read_us=1994 wall_us=13294 scalars=698 lookups=1[0m
[32mINFO - cjk-sd op=stage opens=1 reads=14 bytes=330 open_us=96 read_us=15618 max_read_us=1992 wall_us=16178 scalars=698 lookups=1[0m
[32mINFO - cjk-sd op=stage opens=1 reads=13 bytes=308 open_us=81 read_us=13704 max_read_us=1985 wall_us=14233 scalars=698 lookups=1[0m
[32mINFO - cjk-sd op=stage opens=1 reads=15 bytes=352 open_us=93 read_us=13735 max_read_us=1994 wall_us=14294 scalars=698 lookups=1[0m
[32mINFO - cjk-sd op=stage opens=1 reads=15 bytes=352 open_us=81 read_us=13722 max_read_us=1987 wall_us=14258 scalars=698 lookups=1[0m
[32mINFO - cjk-sd op=stage opens=1 reads=15 bytes=352 open_us=93 read_us=14659 max_read_us=1998 wall_us=15218 scalars=698 lookups=1[0m
[32mINFO - cjk-sd op=stage opens=1 reads=15 bytes=352 open_us=81 read_us=13720 max_read_us=1986 wall_us=14258 scalars=698 lookups=1[0m
[32mINFO - cjk-sd op=stage opens=1 reads=14 bytes=330 open_us=93 read_us=13743 max_read_us=1998 wall_us=14298 scalars=698 lookups=1[0m
[32mINFO - cjk-sd op=stage opens=1 reads=15 bytes=352 open_us=81 read_us=13733 max_read_us=1990 wall_us=14269 scalars=698 lookups=1[0m
[32mINFO - cjk-sd op=stage opens=1 reads=14 bytes=330 open_us=93 read_us=13732 max_read_us=1990 wall_us=14289 scalars=698 lookups=1[0m
[32mINFO - cjk-sd op=stage opens=1 reads=14 bytes=330 open_us=81 read_us=13710 max_read_us=1978 wall_us=14243 scalars=698 lookups=1[0m
[32mINFO - cjk-sd op=stage opens=1 reads=13 bytes=308 open_us=93 read_us=14706 max_read_us=2000 wall_us=15260 scalars=698 lookups=1[0m
[32mINFO - cjk: lookup 96/698 glyphs, about 98313 ms left[0m
[32mINFO - cjk-sd op=stage opens=1 reads=14 bytes=330 open_us=81 read_us=12791 max_read_us=1987 wall_us=13706 scalars=698 lookups=1[0m
[32mINFO - cjk-sd op=stage opens=1 reads=14 bytes=330 open_us=93 read_us=12754 max_read_us=1988 wall_us=13317 scalars=698 lookups=1[0m
[32mINFO - cjk-sd op=stage opens=1 reads=13 bytes=308 open_us=81 read_us=15589 max_read_us=1975 wall_us=16120 scalars=698 lookups=1[0m
[32mINFO - cjk-sd op=stage opens=1 reads=11 bytes=264 open_us=92 read_us=12798 max_read_us=1992 wall_us=13346 scalars=698 lookups=1[0m
[32mINFO - stats: heap 31/158K peak 41K | stack free 68K hwm 17K | bat 93% 4.1V | up 0:03 | SD:ok[0m
[32mINFO - heap psram: used 8288 B, free 2088864 B, peak 51556 B; reserved 8288 / 1900544 B, peak 51568 B[0m
[32mINFO - cjk-sd op=stage opens=1 reads=15 bytes=352 open_us=92 read_us=13798 max_read_us=1997 wall_us=14379 scalars=698 lookups=1[0m
[32mINFO - cjk-sd op=stage opens=1 reads=15 bytes=352 open_us=101 read_us=13705 max_read_us=1992 wall_us=14268 scalars=698 lookups=1[0m
[32mINFO - cjk-sd op=stage opens=1 reads=14 bytes=330 open_us=86 read_us=17575 max_read_us=2000 wall_us=18112 scalars=698 lookups=1[0m
[32mINFO - cjk-sd op=stage opens=1 reads=10 bytes=242 open_us=93 read_us=12744 max_read_us=1993 wall_us=13289 scalars=698 lookups=1[0m
[32mINFO - cjk-sd op=stage opens=1 reads=14 bytes=330 open_us=81 read_us=12720 max_read_us=1988 wall_us=13255 scalars=698 lookups=1[0m
[32mINFO - cjk-sd op=stage opens=1 reads=15 bytes=352 open_us=93 read_us=12795 max_read_us=2003 wall_us=13356 scalars=698 lookups=1[0m
[32mINFO - cjk-sd op=stage opens=1 reads=15 bytes=352 open_us=81 read_us=16573 max_read_us=1988 wall_us=17110 scalars=698 lookups=1[0m
[32mINFO - cjk-sd op=stage opens=1 reads=15 bytes=352 open_us=97 read_us=13738 max_read_us=1989 wall_us=14303 scalars=698 lookups=1[0m
[32mINFO - cjk-sd op=stage opens=1 reads=14 bytes=330 open_us=81 read_us=13677 max_read_us=1983 wall_us=14211 scalars=698 lookups=1[0m
[32mINFO - cjk-sd op=stage opens=1 reads=15 bytes=352 open_us=97 read_us=15717 max_read_us=1998 wall_us=16283 scalars=698 lookups=1[0m
[32mINFO - cjk-sd op=stage opens=1 reads=15 bytes=352 open_us=77 read_us=15687 max_read_us=1982 wall_us=16222 scalars=698 lookups=1[0m
[32mINFO - cjk-sd op=stage opens=1 reads=12 bytes=286 open_us=97 read_us=15687 max_read_us=1996 wall_us=16244 scalars=698 lookups=1[0m
[32mINFO - cjk-sd op=stage opens=1 reads=14 bytes=330 open_us=77 read_us=15647 max_read_us=1993 wall_us=16178 scalars=698 lookups=1[0m
[32mINFO - cjk-sd op=stage opens=1 reads=14 bytes=330 open_us=97 read_us=14699 max_read_us=1993 wall_us=15263 scalars=698 lookups=1[0m
[32mINFO - cjk-sd op=stage opens=1 reads=15 bytes=352 open_us=78 read_us=14697 max_read_us=1988 wall_us=15231 scalars=698 lookups=1[0m
[32mINFO - cjk-sd op=stage opens=1 reads=13 bytes=308 open_us=97 read_us=14679 max_read_us=1991 wall_us=15239 scalars=698 lookups=1[0m
[32mINFO - cjk-sd op=stage opens=1 reads=14 bytes=330 open_us=77 read_us=14677 max_read_us=1988 wall_us=15208 scalars=698 lookups=1[0m
[32mINFO - cjk-sd op=stage opens=1 reads=12 bytes=286 open_us=97 read_us=14687 max_read_us=2001 wall_us=15244 scalars=698 lookups=1[0m
[32mINFO - cjk-sd op=stage opens=1 reads=13 bytes=308 open_us=77 read_us=14722 max_read_us=1998 wall_us=15250 scalars=698 lookups=1[0m
[32mINFO - cjk-sd op=stage opens=1 reads=14 bytes=330 open_us=97 read_us=13741 max_read_us=1993 wall_us=14303 scalars=698 lookups=1[0m
[32mINFO - cjk-sd op=stage opens=1 reads=13 bytes=308 open_us=76 read_us=14674 max_read_us=1983 wall_us=15201 scalars=698 lookups=1[0m
[32mINFO - cjk: lookup 121/698 glyphs, about 94288 ms left[0m
[32mINFO - cjk-sd op=stage opens=1 reads=15 bytes=352 open_us=93 read_us=12788 max_read_us=1996 wall_us=13886 scalars=698 lookups=1[0m
[32mINFO - cjk-sd op=stage opens=1 reads=15 bytes=352 open_us=73 read_us=15646 max_read_us=1986 wall_us=16185 scalars=698 lookups=1[0m
[32mINFO - cjk-sd op=stage opens=1 reads=14 bytes=330 open_us=93 read_us=19435 max_read_us=3813 wall_us=19997 scalars=698 lookups=1[0m
[32mINFO - cjk-sd op=stage opens=1 reads=12 bytes=286 open_us=77 read_us=13718 max_read_us=1990 wall_us=14244 scalars=698 lookups=1[0m
[32mINFO - cjk-sd op=stage opens=1 reads=15 bytes=352 open_us=89 read_us=13756 max_read_us=1993 wall_us=14317 scalars=698 lookups=1[0m
[32mINFO - cjk-sd op=stage opens=1 reads=11 bytes=264 open_us=78 read_us=13714 max_read_us=1987 wall_us=14237 scalars=698 lookups=1[0m
[32mINFO - cjk-sd op=stage opens=1 reads=14 bytes=330 open_us=89 read_us=15657 max_read_us=1990 wall_us=16213 scalars=698 lookups=1[0m
[32mINFO - cjk-sd op=stage opens=1 reads=15 bytes=352 open_us=77 read_us=14795 max_read_us=2037 wall_us=15330 scalars=698 lookups=1[0m
[32mINFO - cjk-sd op=stage opens=1 reads=14 bytes=330 open_us=89 read_us=14746 max_read_us=1993 wall_us=15303 scalars=698 lookups=1[0m
[32mINFO - stats: heap 31/158K peak 41K | stack free 68K hwm 17K | bat 93% 4.1V | up 0:03 | SD:ok[0m
[32mINFO - heap psram: used 8288 B, free 2088864 B, peak 51556 B; reserved 8288 / 1900544 B, peak 51568 B[0m
[32mINFO - cjk-sd op=stage opens=1 reads=14 bytes=330 open_us=93 read_us=13702 max_read_us=1993 wall_us=14287 scalars=698 lookups=1[0m
[32mINFO - cjk-sd op=stage opens=1 reads=15 bytes=352 open_us=97 read_us=14732 max_read_us=1990 wall_us=15295 scalars=698 lookups=1[0m
[32mINFO - cjk-sd op=stage opens=1 reads=15 bytes=352 open_us=81 read_us=14735 max_read_us=1988 wall_us=15275 scalars=698 lookups=1[0m
[32mINFO - cjk-sd op=stage opens=1 reads=15 bytes=352 open_us=89 read_us=15693 max_read_us=1992 wall_us=16254 scalars=698 lookups=1[0m
[32mINFO - cjk-sd op=stage opens=1 reads=14 bytes=330 open_us=78 read_us=15690 max_read_us=1994 wall_us=16224 scalars=698 lookups=1[0m
[32mINFO - cjk-sd op=stage opens=1 reads=13 bytes=308 open_us=89 read_us=13780 max_read_us=1993 wall_us=14334 scalars=698 lookups=1[0m
[32mINFO - cjk-sd op=stage opens=1 reads=15 bytes=352 open_us=77 read_us=14738 max_read_us=1991 wall_us=15275 scalars=698 lookups=1[0m
[32mINFO - cjk-sd op=stage opens=1 reads=12 bytes=286 open_us=89 read_us=14764 max_read_us=1991 wall_us=15314 scalars=698 lookups=1[0m
[32mINFO - cjk-sd op=stage opens=1 reads=15 bytes=352 open_us=77 read_us=14720 max_read_us=1977 wall_us=15257 scalars=698 lookups=1[0m
[32mINFO - cjk-sd op=stage opens=1 reads=15 bytes=352 open_us=94 read_us=17710 max_read_us=1997 wall_us=18271 scalars=698 lookups=1[0m
[32mINFO - cjk-sd op=stage opens=1 reads=14 bytes=330 open_us=77 read_us=13774 max_read_us=1993 wall_us=14308 scalars=698 lookups=1[0m
[32mINFO - cjk-sd op=stage opens=1 reads=14 bytes=330 open_us=90 read_us=13818 max_read_us=1991 wall_us=14376 scalars=698 lookups=1[0m
[32mINFO - cjk-sd op=stage opens=1 reads=10 bytes=242 open_us=77 read_us=13727 max_read_us=1985 wall_us=14249 scalars=698 lookups=1[0m
[32mINFO - cjk-sd op=stage opens=1 reads=14 bytes=330 open_us=89 read_us=14732 max_read_us=1997 wall_us=15289 scalars=698 lookups=1[0m
[32mINFO - cjk-sd op=stage opens=1 reads=14 bytes=330 open_us=77 read_us=14765 max_read_us=1987 wall_us=15299 scalars=698 lookups=1[0m
[32mINFO - cjk: lookup 145/698 glyphs, about 91461 ms left[0m
[32mINFO - cjk-sd op=stage opens=1 reads=13 bytes=308 open_us=89 read_us=14753 max_read_us=2003 wall_us=15845 scalars=698 lookups=1[0m
[32mINFO - cjk-sd op=stage opens=1 reads=15 bytes=352 open_us=77 read_us=14745 max_read_us=1995 wall_us=15303 scalars=698 lookups=1[0m
[32mINFO - cjk-sd op=stage opens=1 reads=11 bytes=264 open_us=89 read_us=14722 max_read_us=1992 wall_us=15275 scalars=698 lookups=1[0m
[32mINFO - cjk-sd op=stage opens=1 reads=14 bytes=330 open_us=78 read_us=14762 max_read_us=1992 wall_us=15312 scalars=698 lookups=1[0m
[32mINFO - cjk-sd op=stage opens=1 reads=14 bytes=330 open_us=89 read_us=14749 max_read_us=1995 wall_us=15312 scalars=698 lookups=1[0m
[32mINFO - cjk-sd op=stage opens=1 reads=15 bytes=352 open_us=78 read_us=16705 max_read_us=1986 wall_us=17254 scalars=698 lookups=1[0m
[32mINFO - cjk-sd op=stage opens=1 reads=10 bytes=242 open_us=93 read_us=13760 max_read_us=1999 wall_us=14315 scalars=698 lookups=1[0m
[32mINFO - cjk-sd op=stage opens=1 reads=14 bytes=330 open_us=73 read_us=13774 max_read_us=1997 wall_us=14316 scalars=698 lookups=1[0m
[32mINFO - cjk-sd op=stage opens=1 reads=13 bytes=308 open_us=93 read_us=14783 max_read_us=1997 wall_us=15347 scalars=698 lookups=1[0m
[32mINFO - cjk-sd op=stage opens=1 reads=10 bytes=242 open_us=74 read_us=13745 max_read_us=1991 wall_us=14277 scalars=698 lookups=1[0m
[32mINFO - cjk-sd op=stage opens=1 reads=14 bytes=330 open_us=93 read_us=15744 max_read_us=1994 wall_us=16310 scalars=698 lookups=1[0m
[32mINFO - cjk-sd op=stage opens=1 reads=15 bytes=352 open_us=78 read_us=14730 max_read_us=1984 wall_us=15279 scalars=698 lookups=1[0m
[32mINFO - cjk-sd op=stage opens=1 reads=14 bytes=330 open_us=89 read_us=18587 max_read_us=1999 wall_us=19151 scalars=698 lookups=1[0m
[32mINFO - cjk-sd op=stage opens=1 reads=14 bytes=330 open_us=77 read_us=17743 max_read_us=2047 wall_us=18292 scalars=698 lookups=1[0m
[32mINFO - cjk-sd op=stage opens=1 reads=13 bytes=308 open_us=93 read_us=15696 max_read_us=1990 wall_us=16260 scalars=698 lookups=1[0m
[32mINFO - stats: heap 31/158K peak 41K | stack free 68K hwm 17K | bat 93% 4.1V | up 0:03 | SD:ok[0m
[32mINFO - heap psram: used 8288 B, free 2088864 B, peak 51556 B; reserved 8288 / 1900544 B, peak 51568 B[0m
[32mINFO - cjk-sd op=stage opens=1 reads=15 bytes=352 open_us=93 read_us=15743 max_read_us=1988 wall_us=16339 scalars=698 lookups=1[0m
[32mINFO - cjk-sd op=stage opens=1 reads=15 bytes=352 open_us=97 read_us=13791 max_read_us=1994 wall_us=14360 scalars=698 lookups=1[0m
[32mINFO - cjk-sd op=stage opens=1 reads=14 bytes=330 open_us=81 read_us=13813 max_read_us=1992 wall_us=14365 scalars=698 lookups=1[0m
[32mINFO - cjk-sd op=stage opens=1 reads=13 bytes=308 open_us=90 read_us=13814 max_read_us=1989 wall_us=14375 scalars=698 lookups=1[0m
[32mINFO - cjk-sd op=stage opens=1 reads=13 bytes=308 open_us=77 read_us=13797 max_read_us=1984 wall_us=14335 scalars=698 lookups=1[0m
[32mINFO - cjk-sd op=stage opens=1 reads=12 bytes=286 open_us=89 read_us=14764 max_read_us=1992 wall_us=15322 scalars=698 lookups=1[0m
[32mINFO - cjk-sd op=stage opens=1 reads=14 bytes=330 open_us=77 read_us=15719 max_read_us=1986 wall_us=16268 scalars=698 lookups=1[0m
[32mINFO - cjk-sd op=stage opens=1 reads=14 bytes=330 open_us=89 read_us=15703 max_read_us=1997 wall_us=16267 scalars=698 lookups=1[0m
[32mINFO - cjk-sd op=stage opens=1 reads=13 bytes=308 open_us=78 read_us=15715 max_read_us=1992 wall_us=16261 scalars=698 lookups=1[0m
[32mINFO - cjk: lookup 169/698 glyphs, about 87976 ms left[0m
[32mINFO - cjk-sd op=stage opens=1 reads=14 bytes=330 open_us=89 read_us=15708 max_read_us=1995 wall_us=16772 scalars=698 lookups=1[0m
[32mINFO - cjk-sd op=stage opens=1 reads=15 bytes=352 open_us=78 read_us=15682 max_read_us=1989 wall_us=16243 scalars=698 lookups=1[0m
[32mINFO - cjk-sd op=stage opens=1 reads=15 bytes=352 open_us=89 read_us=15748 max_read_us=1992 wall_us=16316 scalars=698 lookups=1[0m
[32mINFO - cjk-sd op=stage opens=1 reads=14 bytes=330 open_us=78 read_us=15679 max_read_us=1981 wall_us=16229 scalars=698 lookups=1[0m
[32mINFO - cjk-sd op=stage opens=1 reads=15 bytes=352 open_us=90 read_us=14793 max_read_us=1998 wall_us=15363 scalars=698 lookups=1[0m
[32mINFO - cjk-sd op=stage opens=1 reads=15 bytes=352 open_us=78 read_us=14746 max_read_us=1992 wall_us=15296 scalars=698 lookups=1[0m
[32mINFO - cjk-sd op=stage opens=1 reads=14 bytes=330 open_us=94 read_us=13826 max_read_us=1991 wall_us=14398 scalars=698 lookups=1[0m
[32mINFO - cjk-sd op=stage opens=1 reads=15 bytes=352 open_us=74 read_us=14776 max_read_us=1981 wall_us=15321 scalars=698 lookups=1[0m
[32mINFO - cjk-sd op=stage opens=1 reads=15 bytes=352 open_us=94 read_us=13830 max_read_us=1993 wall_us=14405 scalars=698 lookups=1[0m
[32mINFO - cjk-sd op=stage opens=1 reads=13 bytes=308 open_us=74 read_us=14814 max_read_us=1984 wall_us=15355 scalars=698 lookups=1[0m
[32mINFO - cjk-sd op=stage opens=1 reads=15 bytes=352 open_us=93 read_us=14798 max_read_us=1998 wall_us=15373 scalars=698 lookups=1[0m
[32mINFO - cjk-sd op=stage opens=1 reads=10 bytes=242 open_us=74 read_us=13750 max_read_us=1993 wall_us=14280 scalars=698 lookups=1[0m
[32mINFO - cjk-sd op=stage opens=1 reads=13 bytes=308 open_us=94 read_us=13795 max_read_us=1995 wall_us=14362 scalars=698 lookups=1[0m
[32mINFO - cjk-sd op=stage opens=1 reads=15 bytes=352 open_us=74 read_us=13813 max_read_us=1983 wall_us=14360 scalars=698 lookups=1[0m
[32mINFO - cjk-sd op=stage opens=1 reads=15 bytes=352 open_us=93 read_us=13785 max_read_us=1992 wall_us=14360 scalars=698 lookups=1[0m
[32mINFO - cjk-sd op=stage opens=1 reads=5 bytes=132 open_us=74 read_us=8911 max_read_us=1987 wall_us=9428 scalars=698 lookups=1[0m
[32mINFO - cjk-sd op=stage opens=1 reads=12 bytes=286 open_us=93 read_us=14828 max_read_us=2003 wall_us=15392 scalars=698 lookups=1[0m
[32mINFO - cjk-sd op=stage opens=1 reads=15 bytes=352 open_us=73 read_us=16716 max_read_us=1996 wall_us=17261 scalars=698 lookups=1[0m
[32mINFO - cjk-sd op=stage opens=1 reads=15 bytes=352 open_us=94 read_us=13829 max_read_us=1989 wall_us=14405 scalars=698 lookups=1[0m
[32mINFO - cjk-sd op=stage opens=1 reads=15 bytes=352 open_us=74 read_us=15788 max_read_us=1983 wall_us=16334 scalars=698 lookups=1[0m
[32mINFO - cjk-sd op=stage opens=1 reads=12 bytes=286 open_us=94 read_us=14829 max_read_us=2004 wall_us=15394 scalars=698 lookups=1[0m
[32mINFO - stats: heap 31/158K peak 41K | stack free 68K hwm 17K | bat 93% 4.1V | up 0:03 | SD:ok[0m
[32mINFO - heap psram: used 8288 B, free 2088864 B, peak 51556 B; reserved 8288 / 1900544 B, peak 51568 B[0m
[32mINFO - cjk-sd op=stage opens=1 reads=15 bytes=352 open_us=93 read_us=14816 max_read_us=2000 wall_us=15411 scalars=698 lookups=1[0m
[32mINFO - cjk-sd op=stage opens=1 reads=14 bytes=330 open_us=101 read_us=18638 max_read_us=1991 wall_us=19211 scalars=698 lookups=1[0m
[32mINFO - cjk-sd op=stage opens=1 reads=12 bytes=286 open_us=78 read_us=15732 max_read_us=1989 wall_us=16278 scalars=698 lookups=1[0m
[32mINFO - cjk-sd op=stage opens=1 reads=15 bytes=352 open_us=94 read_us=15768 max_read_us=1994 wall_us=16342 scalars=698 lookups=1[0m
[32mINFO - cjk: lookup 194/698 glyphs, about 83646 ms left[0m
[32mINFO - cjk-sd op=stage opens=1 reads=13 bytes=308 open_us=74 read_us=15740 max_read_us=1994 wall_us=16745 scalars=698 lookups=1[0m
[32mINFO - cjk-sd op=stage opens=1 reads=14 bytes=330 open_us=94 read_us=15773 max_read_us=1999 wall_us=16349 scalars=698 lookups=1[0m
[32mINFO - cjk-sd op=stage opens=1 reads=15 bytes=352 open_us=74 read_us=13848 max_read_us=1996 wall_us=14396 scalars=698 lookups=1[0m
[32mINFO - cjk-sd op=stage opens=1 reads=14 bytes=330 open_us=93 read_us=14798 max_read_us=1994 wall_us=15370 scalars=698 lookups=1[0m
[32mINFO - cjk-sd op=stage opens=1 reads=14 bytes=330 open_us=78 read_us=14787 max_read_us=1991 wall_us=15336 scalars=698 lookups=1[0m
[32mINFO - cjk-sd op=stage opens=1 reads=15 bytes=352 open_us=93 read_us=16815 max_read_us=1998 wall_us=17390 scalars=698 lookups=1[0m
[32mINFO - cjk-sd op=stage opens=1 reads=14 bytes=330 open_us=74 read_us=15833 max_read_us=1993 wall_us=16379 scalars=698 lookups=1[0m
[32mINFO - cjk-sd op=stage opens=1 reads=15 bytes=352 open_us=93 read_us=15849 max_read_us=1998 wall_us=16424 scalars=698 lookups=1[0m
[32mINFO - cjk-sd op=stage opens=1 reads=15 bytes=352 open_us=74 read_us=15837 max_read_us=1989 wall_us=16385 scalars=698 lookups=1[0m
[32mINFO - cjk-sd op=stage opens=1 reads=13 bytes=308 open_us=93 read_us=16910 max_read_us=2000 wall_us=17479 scalars=698 lookups=1[0m
[32mINFO - cjk-sd op=stage opens=1 reads=15 bytes=352 open_us=73 read_us=15883 max_read_us=2013 wall_us=16430 scalars=698 lookups=1[0m
[32mINFO - cjk-sd op=stage opens=1 reads=15 bytes=352 open_us=93 read_us=14845 max_read_us=1991 wall_us=15422 scalars=698 lookups=1[0m
[32mINFO - cjk-sd op=stage opens=1 reads=14 bytes=330 open_us=74 read_us=13825 max_read_us=1981 wall_us=14370 scalars=698 lookups=1[0m
[32mINFO - cjk-sd op=stage opens=1 reads=15 bytes=352 open_us=93 read_us=17707 max_read_us=2004 wall_us=18282 scalars=698 lookups=1[0m
[32mINFO - cjk-sd op=stage opens=1 reads=14 bytes=330 open_us=78 read_us=16720 max_read_us=2000 wall_us=17269 scalars=698 lookups=1[0m
[32mINFO - cjk-sd op=stage opens=1 reads=12 bytes=286 open_us=94 read_us=14747 max_read_us=1990 wall_us=15312 scalars=698 lookups=1[0m
[32mINFO - cjk-sd op=stage opens=1 reads=15 bytes=352 open_us=74 read_us=14791 max_read_us=1984 wall_us=15340 scalars=698 lookups=1[0m
[32mINFO - cjk-sd op=stage opens=1 reads=13 bytes=308 open_us=94 read_us=14792 max_read_us=1994 wall_us=15362 scalars=698 lookups=1[0m
[32mINFO - cjk-sd op=stage opens=1 reads=14 bytes=330 open_us=74 read_us=14781 max_read_us=1982 wall_us=15327 scalars=698 lookups=1[0m
[32mINFO - cjk-sd op=stage opens=1 reads=14 bytes=330 open_us=94 read_us=14792 max_read_us=1994 wall_us=15369 scalars=698 lookups=1[0m
[32mINFO - cjk-sd op=stage opens=1 reads=15 bytes=352 open_us=74 read_us=15825 max_read_us=1989 wall_us=16376 scalars=698 lookups=1[0m
[32mINFO - cjk-sd op=stage opens=1 reads=14 bytes=330 open_us=94 read_us=15807 max_read_us=1989 wall_us=16382 scalars=698 lookups=1[0m
[32mINFO - cjk-sd op=stage opens=1 reads=14 bytes=330 open_us=74 read_us=15823 max_read_us=1983 wall_us=16372 scalars=698 lookups=1[0m
[32mINFO - cjk-sd op=stage opens=1 reads=14 bytes=330 open_us=94 read_us=15796 max_read_us=1986 wall_us=16371 scalars=698 lookups=1[0m
[32mINFO - cjk: lookup 218/698 glyphs, about 79788 ms left[0m
[32mINFO - cjk-sd op=stage opens=1 reads=15 bytes=352 open_us=74 read_us=15741 max_read_us=1985 wall_us=16658 scalars=698 lookups=1[0m
[32mINFO - cjk-sd op=stage opens=1 reads=12 bytes=286 open_us=93 read_us=14793 max_read_us=1991 wall_us=15362 scalars=698 lookups=1[0m
[32mINFO - stats: heap 31/158K peak 41K | stack free 68K hwm 17K | bat 93% 4.1V | up 0:03 | SD:ok[0m
[32mINFO - heap psram: used 8288 B, free 2088864 B, peak 51556 B; reserved 8288 / 1900544 B, peak 51568 B[0m
[32mINFO - cjk-sd op=stage opens=1 reads=15 bytes=352 open_us=90 read_us=14867 max_read_us=1986 wall_us=15464 scalars=698 lookups=1[0m
[32mINFO - cjk-sd op=stage opens=1 reads=15 bytes=352 open_us=101 read_us=14788 max_read_us=1986 wall_us=15370 scalars=698 lookups=1[0m
[32mINFO - cjk-sd op=stage opens=1 reads=13 bytes=308 open_us=78 read_us=14860 max_read_us=1997 wall_us=15414 scalars=698 lookups=1[0m
[32mINFO - cjk-sd op=stage opens=1 reads=12 bytes=286 open_us=93 read_us=14808 max_read_us=1990 wall_us=15378 scalars=698 lookups=1[0m
[32mINFO - cjk-sd op=stage opens=1 reads=15 bytes=352 open_us=74 read_us=18759 max_read_us=1986 wall_us=19306 scalars=698 lookups=1[0m
[32mINFO - cjk-sd op=stage opens=1 reads=13 bytes=308 open_us=94 read_us=13893 max_read_us=1988 wall_us=14467 scalars=698 lookups=1[0m
[32mINFO - cjk-sd op=stage opens=1 reads=15 bytes=352 open_us=74 read_us=18616 max_read_us=1985 wall_us=19167 scalars=698 lookups=1[0m
[32mINFO - cjk-sd op=stage opens=1 reads=14 bytes=330 open_us=94 read_us=15701 max_read_us=1984 wall_us=16278 scalars=698 lookups=1[0m
[32mINFO - cjk-sd op=stage opens=1 reads=14 bytes=330 open_us=74 read_us=17562 max_read_us=1981 wall_us=18110 scalars=698 lookups=1[0m
[32mINFO - cjk-sd op=stage opens=1 reads=15 bytes=352 open_us=93 read_us=20501 max_read_us=1995 wall_us=21081 scalars=698 lookups=1[0m
[32mINFO - cjk-sd op=stage opens=1 reads=14 bytes=330 open_us=78 read_us=16672 max_read_us=1994 wall_us=17224 scalars=698 lookups=1[0m
[32mINFO - cjk-sd op=stage opens=1 reads=15 bytes=352 open_us=89 read_us=19546 max_read_us=1987 wall_us=20121 scalars=698 lookups=1[0m
[32mINFO - cjk-sd op=stage opens=1 reads=15 bytes=352 open_us=78 read_us=16696 max_read_us=1978 wall_us=17251 scalars=698 lookups=1[0m
[32mINFO - cjk-sd op=stage opens=1 reads=15 bytes=352 open_us=94 read_us=22480 max_read_us=3846 wall_us=23059 scalars=698 lookups=1[0m
[32mINFO - cjk-sd op=stage opens=1 reads=15 bytes=352 open_us=74 read_us=22439 max_read_us=3850 wall_us=22992 scalars=698 lookups=1[0m
[32mINFO - cjk-sd op=stage opens=1 reads=14 bytes=330 open_us=94 read_us=22431 max_read_us=3846 wall_us=23008 scalars=698 lookups=1[0m
[32mINFO - cjk-sd op=stage opens=1 reads=14 bytes=330 open_us=74 read_us=22454 max_read_us=3846 wall_us=23004 scalars=698 lookups=1[0m
[32mINFO - cjk-sd op=stage opens=1 reads=15 bytes=352 open_us=94 read_us=20573 max_read_us=3850 wall_us=21153 scalars=698 lookups=1[0m
[32mINFO - cjk-sd op=stage opens=1 reads=14 bytes=330 open_us=74 read_us=20548 max_read_us=3850 wall_us=21098 scalars=698 lookups=1[0m
[32mINFO - cjk-sd op=stage opens=1 reads=15 bytes=352 open_us=94 read_us=20544 max_read_us=3846 wall_us=21124 scalars=698 lookups=1[0m
[32mINFO - cjk-sd op=stage opens=1 reads=15 bytes=352 open_us=74 read_us=18689 max_read_us=1983 wall_us=19243 scalars=698 lookups=1[0m
[32mINFO - cjk-sd op=stage opens=1 reads=11 bytes=264 open_us=94 read_us=17646 max_read_us=1993 wall_us=18214 scalars=698 lookups=1[0m
[32mINFO - cjk: lookup 242/698 glyphs, about 76613 ms left[0m
[32mINFO - cjk-sd op=stage opens=1 reads=14 bytes=330 open_us=74 read_us=17701 max_read_us=1991 wall_us=18822 scalars=698 lookups=1[0m
[32mINFO - cjk-sd op=stage opens=1 reads=15 bytes=352 open_us=93 read_us=17706 max_read_us=1987 wall_us=18292 scalars=698 lookups=1[0m
[32mINFO - cjk-sd op=stage opens=1 reads=9 bytes=220 open_us=74 read_us=15662 max_read_us=1983 wall_us=16197 scalars=698 lookups=1[0m
[32mINFO - cjk-sd op=stage opens=1 reads=14 bytes=330 open_us=94 read_us=17710 max_read_us=1990 wall_us=18288 scalars=698 lookups=1[0m
[32mINFO - cjk-sd op=stage opens=1 reads=14 bytes=330 open_us=78 read_us=20680 max_read_us=1996 wall_us=21235 scalars=698 lookups=1[0m
[32mINFO - cjk-sd op=stage opens=1 reads=13 bytes=308 open_us=93 read_us=18698 max_read_us=1994 wall_us=19271 scalars=698 lookups=1[0m
[32mINFO - cjk-sd op=stage opens=1 reads=15 bytes=352 open_us=78 read_us=16695 max_read_us=1977 wall_us=17258 scalars=698 lookups=1[0m
[32mINFO - cjk-sd op=stage opens=1 reads=10 bytes=242 open_us=90 read_us=16652 max_read_us=1987 wall_us=17213 scalars=698 lookups=1[0m
[32mINFO - stats: heap 31/158K peak 41K | stack free 68K hwm 17K | bat 93% 4.1V | up 0:03 | SD:ok[0m
[32mINFO - heap psram: used 8288 B, free 2088864 B, peak 51556 B; reserved 8288 / 1900544 B, peak 51568 B[0m
[32mINFO - cjk-sd op=stage opens=1 reads=12 bytes=286 open_us=93 read_us=17715 max_read_us=1985 wall_us=18309 scalars=698 lookups=1[0m
[32mINFO - cjk-sd op=stage opens=1 reads=14 bytes=330 open_us=97 read_us=17724 max_read_us=1994 wall_us=18302 scalars=698 lookups=1[0m
[32mINFO - cjk-sd op=stage opens=1 reads=14 bytes=330 open_us=82 read_us=17883 max_read_us=2007 wall_us=18447 scalars=698 lookups=1[0m
[32mINFO - cjk-sd op=stage opens=1 reads=14 bytes=330 open_us=94 read_us=14836 max_read_us=1985 wall_us=15418 scalars=698 lookups=1[0m
[32mINFO - cjk-sd op=stage opens=1 reads=12 bytes=286 open_us=74 read_us=15841 max_read_us=1980 wall_us=16378 scalars=698 lookups=1[0m
[32mINFO - cjk-sd op=stage opens=1 reads=14 bytes=330 open_us=94 read_us=15877 max_read_us=1990 wall_us=16457 scalars=698 lookups=1[0m
[32mINFO - cjk-sd op=stage opens=1 reads=14 bytes=330 open_us=74 read_us=15863 max_read_us=1985 wall_us=16415 scalars=698 lookups=1[0m
[32mINFO - cjk-sd op=stage opens=1 reads=13 bytes=308 open_us=94 read_us=15870 max_read_us=1991 wall_us=16447 scalars=698 lookups=1[0m
[32mINFO - cjk-sd op=stage opens=1 reads=12 bytes=286 open_us=74 read_us=14853 max_read_us=1986 wall_us=15399 scalars=698 lookups=1[0m
[32mINFO - battery: cell 4152 mV, 96% (periodic)[0m
[32mINFO - cjk-sd op=stage opens=1 reads=14 bytes=330 open_us=94 read_us=14910 max_read_us=1994 wall_us=15506 scalars=698 lookups=1[0m
[32mINFO - cjk-sd op=stage opens=1 reads=13 bytes=308 open_us=78 read_us=15830 max_read_us=1988 wall_us=16370 scalars=698 lookups=1[0m
[32mINFO - cjk-sd op=stage opens=1 reads=15 bytes=352 open_us=97 read_us=13962 max_read_us=1985 wall_us=14544 scalars=698 lookups=1[0m
[32mINFO - cjk-sd op=stage opens=1 reads=14 bytes=330 open_us=74 read_us=12937 max_read_us=1978 wall_us=13481 scalars=698 lookups=1[0m
[32mINFO - cjk-sd op=stage opens=1 reads=14 bytes=330 open_us=93 read_us=12970 max_read_us=1996 wall_us=13552 scalars=698 lookups=1[0m
[32mINFO - cjk-sd op=stage opens=1 reads=14 bytes=330 open_us=74 read_us=15945 max_read_us=1993 wall_us=16490 scalars=698 lookups=1[0m
[32mINFO - cjk-sd op=stage opens=1 reads=14 bytes=330 open_us=94 read_us=13954 max_read_us=1985 wall_us=14534 scalars=698 lookups=1[0m
[32mINFO - cjk: lookup 266/698 glyphs, about 70117 ms left[0m
[32mINFO - cjk-sd op=stage opens=1 reads=9 bytes=220 open_us=78 read_us=11907 max_read_us=1981 wall_us=12825 scalars=698 lookups=1[0m
[32mINFO - cjk-sd op=stage opens=1 reads=15 bytes=352 open_us=93 read_us=13964 max_read_us=1988 wall_us=14551 scalars=698 lookups=1[0m
[32mINFO - cjk-sd op=stage opens=1 reads=15 bytes=352 open_us=74 read_us=12960 max_read_us=1988 wall_us=13509 scalars=698 lookups=1[0m
[32mINFO - cjk-sd op=stage opens=1 reads=14 bytes=330 open_us=94 read_us=12963 max_read_us=1995 wall_us=13544 scalars=698 lookups=1[0m
[32mINFO - cjk-sd op=stage opens=1 reads=12 bytes=286 open_us=74 read_us=13936 max_read_us=1994 wall_us=14474 scalars=698 lookups=1[0m
[32mINFO - cjk-sd op=stage opens=1 reads=15 bytes=352 open_us=94 read_us=13965 max_read_us=1989 wall_us=14549 scalars=698 lookups=1[0m
[32mINFO - cjk-sd op=stage opens=1 reads=14 bytes=330 open_us=78 read_us=14935 max_read_us=1985 wall_us=15484 scalars=698 lookups=1[0m
[32mINFO - cjk-sd op=stage opens=1 reads=12 bytes=286 open_us=94 read_us=14922 max_read_us=1986 wall_us=15497 scalars=698 lookups=1[0m
[32mINFO - cjk-sd op=stage opens=1 reads=15 bytes=352 open_us=74 read_us=14941 max_read_us=1990 wall_us=15489 scalars=698 lookups=1[0m
[32mINFO - cjk-sd op=stage opens=1 reads=14 bytes=330 open_us=94 read_us=14950 max_read_us=1994 wall_us=15531 scalars=698 lookups=1[0m
[32mINFO - cjk-sd op=stage opens=1 reads=15 bytes=352 open_us=75 read_us=14957 max_read_us=1994 wall_us=15506 scalars=698 lookups=1[0m
[32mINFO - cjk-sd op=stage opens=1 reads=14 bytes=330 open_us=93 read_us=14940 max_read_us=1988 wall_us=15522 scalars=698 lookups=1[0m
[32mINFO - cjk-sd op=stage opens=1 reads=15 bytes=352 open_us=78 read_us=16938 max_read_us=1984 wall_us=17490 scalars=698 lookups=1[0m
[32mINFO - cjk-sd op=stage opens=1 reads=15 bytes=352 open_us=94 read_us=13970 max_read_us=1995 wall_us=14555 scalars=698 lookups=1[0m
[32mINFO - stats: heap 31/158K peak 41K | stack free 68K hwm 17K | bat 96% 4.1V | up 0:03 | SD:ok[0m
[32mINFO - heap psram: used 8288 B, free 2088864 B, peak 51556 B; reserved 8288 / 1900544 B, peak 51568 B[0m
[32mINFO - cjk-sd op=stage opens=1 reads=14 bytes=330 open_us=94 read_us=14945 max_read_us=1992 wall_us=15548 scalars=698 lookups=1[0m
[32mINFO - cjk-sd op=stage opens=1 reads=15 bytes=352 open_us=101 read_us=12951 max_read_us=1988 wall_us=13541 scalars=698 lookups=1[0m
[32mINFO - cjk-sd op=stage opens=1 reads=14 bytes=330 open_us=78 read_us=12945 max_read_us=1987 wall_us=13509 scalars=698 lookups=1[0m
[32mINFO - cjk-sd op=stage opens=1 reads=15 bytes=352 open_us=93 read_us=12951 max_read_us=1988 wall_us=13537 scalars=698 lookups=1[0m
[32mINFO - cjk-sd op=stage opens=1 reads=15 bytes=352 open_us=74 read_us=13935 max_read_us=1979 wall_us=14484 scalars=698 lookups=1[0m
[32mINFO - cjk-sd op=stage opens=1 reads=15 bytes=352 open_us=93 read_us=13960 max_read_us=1997 wall_us=14546 scalars=698 lookups=1[0m
[32mINFO - cjk-sd op=stage opens=1 reads=15 bytes=352 open_us=74 read_us=13943 max_read_us=1988 wall_us=14503 scalars=698 lookups=1[0m
[32mINFO - cjk-sd op=stage opens=1 reads=14 bytes=330 open_us=93 read_us=13940 max_read_us=1984 wall_us=14522 scalars=698 lookups=1[0m
[32mINFO - cjk-sd op=stage opens=1 reads=15 bytes=352 open_us=74 read_us=17919 max_read_us=2002 wall_us=18479 scalars=698 lookups=1[0m
[32mINFO - cjk-sd op=stage opens=1 reads=14 bytes=330 open_us=94 read_us=16941 max_read_us=2001 wall_us=17525 scalars=698 lookups=1[0m
[32mINFO - cjk-sd op=stage opens=1 reads=15 bytes=352 open_us=78 read_us=16938 max_read_us=2006 wall_us=17502 scalars=698 lookups=1[0m
[32mINFO - cjk: lookup 291/698 glyphs, about 67431 ms left[0m
[32mINFO - cjk-sd op=stage opens=1 reads=13 bytes=308 open_us=94 read_us=14940 max_read_us=2003 wall_us=15889 scalars=698 lookups=1[0m
[32mINFO - cjk-sd op=stage opens=1 reads=14 bytes=330 open_us=74 read_us=13940 max_read_us=2002 wall_us=14503 scalars=698 lookups=1[0m
[32mINFO - cjk-sd op=stage opens=1 reads=15 bytes=352 open_us=94 read_us=13961 max_read_us=2002 wall_us=14544 scalars=698 lookups=1[0m
[32mINFO - cjk-sd op=stage opens=1 reads=11 bytes=264 open_us=74 read_us=13919 max_read_us=2002 wall_us=14465 scalars=698 lookups=1[0m
[32mINFO - cjk-sd op=stage opens=1 reads=12 bytes=286 open_us=94 read_us=13922 max_read_us=1985 wall_us=14497 scalars=698 lookups=1[0m
[32mINFO - cjk-sd op=stage opens=1 reads=9 bytes=220 open_us=74 read_us=11819 max_read_us=1980 wall_us=12359 scalars=698 lookups=1[0m
[32mINFO - cjk-sd op=stage opens=1 reads=14 bytes=330 open_us=94 read_us=17624 max_read_us=1996 wall_us=18205 scalars=698 lookups=1[0m
[32mINFO - cjk-sd op=stage opens=1 reads=15 bytes=352 open_us=74 read_us=16655 max_read_us=1994 wall_us=17213 scalars=698 lookups=1[0m
[32mINFO - cjk-sd op=stage opens=1 reads=10 bytes=242 open_us=94 read_us=12805 max_read_us=1988 wall_us=13376 scalars=698 lookups=1[0m
[32mINFO - cjk-sd op=stage opens=1 reads=14 bytes=330 open_us=74 read_us=12801 max_read_us=1982 wall_us=13361 scalars=698 lookups=1[0m
[32mINFO - cjk-sd op=stage opens=1 reads=15 bytes=352 open_us=93 read_us=14911 max_read_us=1992 wall_us=15498 scalars=698 lookups=1[0m
[32mINFO - cjk-sd op=stage opens=1 reads=13 bytes=308 open_us=74 read_us=14877 max_read_us=1984 wall_us=15431 scalars=698 lookups=1[0m
[32mINFO - cjk-sd op=stage opens=1 reads=15 bytes=352 open_us=93 read_us=17899 max_read_us=2003 wall_us=18487 scalars=698 lookups=1[0m
[32mINFO - cjk-sd op=stage opens=1 reads=14 bytes=330 open_us=78 read_us=15868 max_read_us=1982 wall_us=16430 scalars=698 lookups=1[0m
[32mINFO - cjk-sd op=stage opens=1 reads=15 bytes=352 open_us=93 read_us=13914 max_read_us=1987 wall_us=14502 scalars=698 lookups=1[0m
[32mINFO - cjk-sd op=stage opens=1 reads=14 bytes=330 open_us=74 read_us=13892 max_read_us=1985 wall_us=14449 scalars=698 lookups=1[0m
[32mINFO - cjk-sd op=stage opens=1 reads=12 bytes=286 open_us=94 read_us=13888 max_read_us=1984 wall_us=14467 scalars=698 lookups=1[0m
[32mINFO - cjk-sd op=stage opens=1 reads=14 bytes=330 open_us=78 read_us=12897 max_read_us=1985 wall_us=13458 scalars=698 lookups=1[0m
[32mINFO - cjk-sd op=stage opens=1 reads=14 bytes=330 open_us=94 read_us=12913 max_read_us=1989 wall_us=13501 scalars=698 lookups=1[0m
[32mINFO - stats: heap 31/158K peak 41K | stack free 68K hwm 17K | bat 96% 4.1V | up 0:03 | SD:ok[0m
[32mINFO - heap psram: used 8288 B, free 2088864 B, peak 51556 B; reserved 8288 / 1900544 B, peak 51568 B[0m
[32mINFO - cjk-sd op=stage opens=1 reads=10 bytes=242 open_us=90 read_us=12888 max_read_us=1986 wall_us=13481 scalars=698 lookups=1[0m
[32mINFO - cjk-sd op=stage opens=1 reads=13 bytes=308 open_us=102 read_us=15892 max_read_us=1987 wall_us=16475 scalars=698 lookups=1[0m
[32mINFO - cjk-sd op=stage opens=1 reads=14 bytes=330 open_us=77 read_us=13904 max_read_us=1992 wall_us=14472 scalars=698 lookups=1[0m
[32mINFO - cjk-sd op=stage opens=1 reads=13 bytes=308 open_us=94 read_us=13908 max_read_us=1992 wall_us=14491 scalars=698 lookups=1[0m
[32mINFO - cjk-sd op=stage opens=1 reads=7 bytes=176 open_us=75 read_us=9872 max_read_us=1987 wall_us=10400 scalars=698 lookups=1[0m
[32mINFO - cjk-sd op=stage opens=1 reads=15 bytes=352 open_us=94 read_us=15922 max_read_us=2002 wall_us=16510 scalars=698 lookups=1[0m
[32mINFO - cjk: lookup 316/698 glyphs, about 63538 ms left[0m
[32mINFO - cjk-sd op=stage opens=1 reads=14 bytes=330 open_us=78 read_us=15903 max_read_us=2003 wall_us=16839 scalars=698 lookups=1[0m
[32mINFO - cjk-sd op=stage opens=1 reads=15 bytes=352 open_us=94 read_us=12927 max_read_us=1989 wall_us=13516 scalars=698 lookups=1[0m
[32mINFO - cjk-sd op=stage opens=1 reads=13 bytes=308 open_us=74 read_us=12896 max_read_us=1980 wall_us=13443 scalars=698 lookups=1[0m
[32mINFO - cjk-sd op=stage opens=1 reads=14 bytes=330 open_us=94 read_us=12931 max_read_us=1996 wall_us=13517 scalars=698 lookups=1[0m
[32mINFO - cjk-sd op=stage opens=1 reads=13 bytes=308 open_us=74 read_us=13909 max_read_us=1993 wall_us=14456 scalars=698 lookups=1[0m
[32mINFO - cjk-sd op=stage opens=1 reads=15 bytes=352 open_us=93 read_us=14914 max_read_us=2002 wall_us=15502 scalars=698 lookups=1[0m
[32mINFO - cjk-sd op=stage opens=1 reads=14 bytes=330 open_us=78 read_us=14884 max_read_us=2003 wall_us=15448 scalars=698 lookups=1[0m
[32mINFO - cjk-sd op=stage opens=1 reads=14 bytes=330 open_us=94 read_us=12929 max_read_us=1998 wall_us=13515 scalars=698 lookups=1[0m
[32mINFO - cjk-sd op=stage opens=1 reads=14 bytes=330 open_us=81 read_us=15895 max_read_us=2001 wall_us=16471 scalars=698 lookups=1[0m
[32mINFO - cjk-sd op=stage opens=1 reads=14 bytes=330 open_us=94 read_us=14926 max_read_us=2004 wall_us=15516 scalars=698 lookups=1[0m
[32mINFO - cjk-sd op=stage opens=1 reads=15 bytes=352 open_us=74 read_us=13918 max_read_us=2004 wall_us=14472 scalars=698 lookups=1[0m
[32mINFO - cjk-sd op=stage opens=1 reads=14 bytes=330 open_us=93 read_us=13906 max_read_us=1986 wall_us=14490 scalars=698 lookups=1[0m
[32mINFO - cjk-sd op=stage opens=1 reads=15 bytes=352 open_us=74 read_us=12908 max_read_us=1981 wall_us=13461 scalars=698 lookups=1[0m
[32mINFO - cjk-sd op=stage opens=1 reads=15 bytes=352 open_us=94 read_us=12932 max_read_us=1999 wall_us=13524 scalars=698 lookups=1[0m
[32mINFO - cjk-sd op=stage opens=1 reads=14 bytes=330 open_us=74 read_us=12912 max_read_us=1988 wall_us=13463 scalars=698 lookups=1[0m
[32mINFO - cjk-sd op=stage opens=1 reads=11 bytes=264 open_us=94 read_us=12894 max_read_us=1988 wall_us=13473 scalars=698 lookups=1[0m
[32mINFO - cjk-sd op=stage opens=1 reads=15 bytes=352 open_us=73 read_us=12910 max_read_us=1983 wall_us=13464 scalars=698 lookups=1[0m
[32mINFO - cjk-sd op=stage opens=1 reads=15 bytes=352 open_us=94 read_us=12920 max_read_us=1991 wall_us=13512 scalars=698 lookups=1[0m
[32mINFO - cjk-sd op=stage opens=1 reads=12 bytes=286 open_us=74 read_us=12892 max_read_us=1987 wall_us=13437 scalars=698 lookups=1[0m
[32mINFO - cjk-sd op=stage opens=1 reads=14 bytes=330 open_us=94 read_us=13988 max_read_us=1992 wall_us=14577 scalars=698 lookups=1[0m
[32mINFO - cjk-sd op=stage opens=1 reads=15 bytes=352 open_us=74 read_us=13982 max_read_us=1986 wall_us=14538 scalars=698 lookups=1[0m
[32mINFO - cjk-sd op=stage opens=1 reads=15 bytes=352 open_us=93 read_us=14005 max_read_us=1993 wall_us=14598 scalars=698 lookups=1[0m
[32mINFO - cjk-sd op=stage opens=1 reads=11 bytes=264 open_us=74 read_us=13958 max_read_us=1987 wall_us=14501 scalars=698 lookups=1[0m
[32mINFO - cjk-sd op=stage opens=1 reads=13 bytes=308 open_us=93 read_us=14983 max_read_us=1992 wall_us=15568 scalars=698 lookups=1[0m
[32mINFO - stats: heap 31/158K peak 41K | stack free 68K hwm 17K | bat 96% 4.1V | up 0:03 | SD:ok[0m
[32mINFO - heap psram: used 8288 B, free 2088864 B, peak 51556 B; reserved 8288 / 1900544 B, peak 51568 B[0m
[32mINFO - cjk-sd op=stage opens=1 reads=14 bytes=330 open_us=93 read_us=13982 max_read_us=1990 wall_us=14591 scalars=698 lookups=1[0m
[32mINFO - cjk: lookup 341/698 glyphs, about 59212 ms left[0m
[32mINFO - cjk-sd op=stage opens=1 reads=15 bytes=352 open_us=98 read_us=14987 max_read_us=1993 wall_us=15973 scalars=698 lookups=1[0m
[32mINFO - cjk-sd op=stage opens=1 reads=14 bytes=330 open_us=82 read_us=12973 max_read_us=1989 wall_us=13554 scalars=698 lookups=1[0m
[32mINFO - cjk-sd op=stage opens=1 reads=15 bytes=352 open_us=89 read_us=12985 max_read_us=1984 wall_us=13571 scalars=698 lookups=1[0m
[32mINFO - cjk-sd op=stage opens=1 reads=14 bytes=330 open_us=78 read_us=14953 max_read_us=1978 wall_us=15509 scalars=698 lookups=1[0m
[32mINFO - cjk-sd op=stage opens=1 reads=14 bytes=330 open_us=90 read_us=16969 max_read_us=2001 wall_us=17551 scalars=698 lookups=1[0m
[32mINFO - cjk-sd op=stage opens=1 reads=13 bytes=308 open_us=78 read_us=14960 max_read_us=1987 wall_us=15524 scalars=698 lookups=1[0m
[32mINFO - cjk-sd op=stage opens=1 reads=15 bytes=352 open_us=94 read_us=14973 max_read_us=1984 wall_us=15566 scalars=698 lookups=1[0m
[32mINFO - cjk-sd op=stage opens=1 reads=13 bytes=308 open_us=78 read_us=14945 max_read_us=1980 wall_us=15500 scalars=698 lookups=1[0m
[32mINFO - cjk-sd op=stage opens=1 reads=14 bytes=330 open_us=89 read_us=14978 max_read_us=1989 wall_us=15560 scalars=698 lookups=1[0m
[32mINFO - cjk-sd op=stage opens=1 reads=15 bytes=352 open_us=78 read_us=13972 max_read_us=1984 wall_us=14534 scalars=698 lookups=1[0m
[32mINFO - cjk-sd op=stage opens=1 reads=15 bytes=352 open_us=90 read_us=12996 max_read_us=1992 wall_us=13584 scalars=698 lookups=1[0m
[32mINFO - cjk-sd op=stage opens=1 reads=15 bytes=352 open_us=78 read_us=12986 max_read_us=1989 wall_us=13558 scalars=698 lookups=1[0m
[32mINFO - cjk-sd op=stage opens=1 reads=12 bytes=286 open_us=90 read_us=12973 max_read_us=1990 wall_us=13552 scalars=698 lookups=1[0m
[32mINFO - cjk-sd op=stage opens=1 reads=10 bytes=242 open_us=78 read_us=13857 max_read_us=1985 wall_us=14402 scalars=698 lookups=1[0m
[32mINFO - cjk-sd op=stage opens=1 reads=12 bytes=286 open_us=90 read_us=13899 max_read_us=1988 wall_us=14477 scalars=698 lookups=1[0m
[32mINFO - cjk-sd op=stage opens=1 reads=14 bytes=330 open_us=78 read_us=14873 max_read_us=1981 wall_us=15432 scalars=698 lookups=1[0m
[32mINFO - cjk-sd op=stage opens=1 reads=11 bytes=264 open_us=90 read_us=13904 max_read_us=1998 wall_us=14481 scalars=698 lookups=1[0m
[32mINFO - cjk-sd op=stage opens=1 reads=15 bytes=352 open_us=78 read_us=15901 max_read_us=1993 wall_us=16471 scalars=698 lookups=1[0m
[32mINFO - cjk-sd op=stage opens=1 reads=15 bytes=352 open_us=90 read_us=14902 max_read_us=1984 wall_us=15491 scalars=698 lookups=1[0m
[32mINFO - cjk-sd op=stage opens=1 reads=13 bytes=308 open_us=78 read_us=13884 max_read_us=1982 wall_us=14439 scalars=698 lookups=1[0m
[32mINFO - cjk-sd op=stage opens=1 reads=15 bytes=352 open_us=89 read_us=13914 max_read_us=1987 wall_us=14507 scalars=698 lookups=1[0m
[32mINFO - cjk-sd op=stage opens=1 reads=10 bytes=242 open_us=78 read_us=13862 max_read_us=1985 wall_us=14410 scalars=698 lookups=1[0m
[32mINFO - cjk-sd op=stage opens=1 reads=14 bytes=330 open_us=89 read_us=16897 max_read_us=1989 wall_us=17484 scalars=698 lookups=1[0m
[32mINFO - cjk-sd op=stage opens=1 reads=14 bytes=330 open_us=78 read_us=14888 max_read_us=1983 wall_us=15457 scalars=698 lookups=1[0m
[32mINFO - cjk-sd op=stage opens=1 reads=15 bytes=352 open_us=89 read_us=13920 max_read_us=1989 wall_us=14509 scalars=698 lookups=1[0m
[32mINFO - cjk: lookup 366/698 glyphs, about 54527 ms left[0m
[32mINFO - cjk-sd op=stage opens=1 reads=14 bytes=330 open_us=78 read_us=13888 max_read_us=1985 wall_us=14848 scalars=698 lookups=1[0m
[32mINFO - cjk-sd op=stage opens=1 reads=15 bytes=352 open_us=89 read_us=15902 max_read_us=1985 wall_us=16494 scalars=698 lookups=1[0m
[32mINFO - cjk-sd op=stage opens=1 reads=12 bytes=286 open_us=78 read_us=14877 max_read_us=1989 wall_us=15431 scalars=698 lookups=1[0m
[32mINFO - cjk-sd op=stage opens=1 reads=14 bytes=330 open_us=89 read_us=14897 max_read_us=1988 wall_us=15484 scalars=698 lookups=1[0m
[32mINFO - stats: heap 31/158K peak 41K | stack free 68K hwm 17K | bat 96% 4.1V | up 0:03 | SD:ok[0m
[32mINFO - heap psram: used 8288 B, free 2088864 B, peak 51556 B; reserved 8288 / 1900544 B, peak 51568 B[0m
[32mINFO - cjk-sd op=stage opens=1 reads=15 bytes=352 open_us=93 read_us=13928 max_read_us=1989 wall_us=14547 scalars=698 lookups=1[0m
[32mINFO - cjk-sd op=stage opens=1 reads=15 bytes=352 open_us=98 read_us=14915 max_read_us=1989 wall_us=15510 scalars=698 lookups=1[0m
[32mINFO - cjk-sd op=stage opens=1 reads=15 bytes=352 open_us=81 read_us=14919 max_read_us=1988 wall_us=15498 scalars=698 lookups=1[0m
[32mINFO - cjk-sd op=stage opens=1 reads=15 bytes=352 open_us=90 read_us=14918 max_read_us=1993 wall_us=15511 scalars=698 lookups=1[0m
[32mINFO - cjk-sd op=stage opens=1 reads=15 bytes=352 open_us=78 read_us=14905 max_read_us=1987 wall_us=15467 scalars=698 lookups=1[0m
[32mINFO - cjk-sd op=stage opens=1 reads=15 bytes=352 open_us=90 read_us=13925 max_read_us=1989 wall_us=14518 scalars=698 lookups=1[0m
[32mINFO - cjk-sd op=stage opens=1 reads=13 bytes=308 open_us=77 read_us=14888 max_read_us=1984 wall_us=15452 scalars=698 lookups=1[0m
[32mINFO - cjk-sd op=stage opens=1 reads=12 bytes=286 open_us=90 read_us=14882 max_read_us=1984 wall_us=15466 scalars=698 lookups=1[0m
[32mINFO - cjk-sd op=stage opens=1 reads=14 bytes=330 open_us=78 read_us=14898 max_read_us=1982 wall_us=15457 scalars=698 lookups=1[0m
[32mINFO - cjk-sd op=stage opens=1 reads=13 bytes=308 open_us=89 read_us=15919 max_read_us=1998 wall_us=16504 scalars=698 lookups=1[0m
[32mINFO - cjk-sd op=stage opens=1 reads=15 bytes=352 open_us=78 read_us=13914 max_read_us=1989 wall_us=14480 scalars=698 lookups=1[0m
[32mINFO - cjk-sd op=stage opens=1 reads=13 bytes=308 open_us=89 read_us=14868 max_read_us=1986 wall_us=15454 scalars=698 lookups=1[0m
[32mINFO - cjk-sd op=stage opens=1 reads=15 bytes=352 open_us=78 read_us=13872 max_read_us=1982 wall_us=14445 scalars=698 lookups=1[0m
[32mINFO - cjk-sd op=stage opens=1 reads=14 bytes=330 open_us=89 read_us=13886 max_read_us=1989 wall_us=14475 scalars=698 lookups=1[0m
[32mINFO - cjk-sd op=stage opens=1 reads=15 bytes=352 open_us=77 read_us=15873 max_read_us=2001 wall_us=16440 scalars=698 lookups=1[0m
[32mINFO - cjk-sd op=stage opens=1 reads=13 bytes=308 open_us=89 read_us=15869 max_read_us=1990 wall_us=16452 scalars=698 lookups=1[0m
[32mINFO - cjk-sd op=stage opens=1 reads=14 bytes=330 open_us=78 read_us=13872 max_read_us=1984 wall_us=14433 scalars=698 lookups=1[0m
[32mINFO - cjk-sd op=stage opens=1 reads=15 bytes=352 open_us=89 read_us=16887 max_read_us=2006 wall_us=17480 scalars=698 lookups=1[0m
[32mINFO - cjk-sd op=stage opens=1 reads=15 bytes=352 open_us=79 read_us=15879 max_read_us=1987 wall_us=16451 scalars=698 lookups=1[0m
[32mINFO - cjk-sd op=stage opens=1 reads=13 bytes=308 open_us=94 read_us=15873 max_read_us=2007 wall_us=16464 scalars=698 lookups=1[0m
[32mINFO - cjk: lookup 390/698 glyphs, about 50912 ms left[0m
[32mINFO - cjk-sd op=stage opens=1 reads=13 bytes=308 open_us=78 read_us=14855 max_read_us=1979 wall_us=15784 scalars=698 lookups=1[0m
[32mINFO - cjk-sd op=stage opens=1 reads=15 bytes=352 open_us=90 read_us=14891 max_read_us=1996 wall_us=15491 scalars=698 lookups=1[0m
[32mINFO - cjk-sd op=stage opens=1 reads=14 bytes=330 open_us=78 read_us=14882 max_read_us=1996 wall_us=15443 scalars=698 lookups=1[0m
[32mINFO - cjk-sd op=stage opens=1 reads=13 bytes=308 open_us=90 read_us=13874 max_read_us=1985 wall_us=14462 scalars=698 lookups=1[0m
[32mINFO - cjk-sd op=stage opens=1 reads=14 bytes=330 open_us=78 read_us=16897 max_read_us=1981 wall_us=17466 scalars=698 lookups=1[0m
[32mINFO - cjk-sd op=stage opens=1 reads=15 bytes=352 open_us=93 read_us=14935 max_read_us=1990 wall_us=15532 scalars=698 lookups=1[0m
[32mINFO - cjk-sd op=stage opens=1 reads=13 bytes=308 open_us=79 read_us=14907 max_read_us=1984 wall_us=15466 scalars=698 lookups=1[0m
[32mINFO - cjk-sd op=stage opens=1 reads=14 bytes=330 open_us=93 read_us=13926 max_read_us=1994 wall_us=14522 scalars=698 lookups=1[0m
[32mINFO - cjk-sd op=stage opens=1 reads=13 bytes=308 open_us=74 read_us=14898 max_read_us=1981 wall_us=15453 scalars=698 lookups=1[0m
[32mINFO - cjk-sd op=stage opens=1 reads=13 bytes=308 open_us=93 read_us=14921 max_read_us=1989 wall_us=15512 scalars=698 lookups=1[0m
[32mINFO - stats: heap 31/158K peak 41K | stack free 68K hwm 17K | bat 96% 4.1V | up 0:03 | SD:ok[0m
[32mINFO - heap psram: used 8288 B, free 2088864 B, peak 51556 B; reserved 8288 / 1900544 B, peak 51568 B[0m
[32mINFO - cjk-sd op=stage opens=1 reads=15 bytes=352 open_us=94 read_us=15924 max_read_us=2004 wall_us=16545 scalars=698 lookups=1[0m
[32mINFO - cjk-sd op=stage opens=1 reads=15 bytes=352 open_us=97 read_us=14925 max_read_us=1991 wall_us=15526 scalars=698 lookups=1[0m
[32mINFO - cjk-sd op=stage opens=1 reads=14 bytes=330 open_us=82 read_us=14910 max_read_us=1993 wall_us=15490 scalars=698 lookups=1[0m
[32mINFO - cjk-sd op=stage opens=1 reads=15 bytes=352 open_us=90 read_us=14908 max_read_us=1984 wall_us=15502 scalars=698 lookups=1[0m
[32mINFO - cjk-sd op=stage opens=1 reads=15 bytes=352 open_us=78 read_us=16896 max_read_us=2000 wall_us=17463 scalars=698 lookups=1[0m
[32mINFO - cjk-sd op=stage opens=1 reads=15 bytes=352 open_us=94 read_us=13923 max_read_us=1987 wall_us=14524 scalars=698 lookups=1[0m
[32mINFO - cjk-sd op=stage opens=1 reads=15 bytes=352 open_us=74 read_us=13919 max_read_us=1984 wall_us=14490 scalars=698 lookups=1[0m
[32mINFO - cjk-sd op=stage opens=1 reads=15 bytes=352 open_us=93 read_us=18895 max_read_us=1999 wall_us=19496 scalars=698 lookups=1[0m
[32mINFO - cjk-sd op=stage opens=1 reads=11 bytes=264 open_us=78 read_us=14877 max_read_us=1988 wall_us=15431 scalars=698 lookups=1[0m
[32mINFO - cjk-sd op=stage opens=1 reads=14 bytes=330 open_us=89 read_us=14920 max_read_us=1988 wall_us=15512 scalars=698 lookups=1[0m
[32mINFO - cjk-sd op=stage opens=1 reads=14 bytes=330 open_us=78 read_us=14889 max_read_us=1982 wall_us=15456 scalars=698 lookups=1[0m
[32mINFO - cjk-sd op=stage opens=1 reads=15 bytes=352 open_us=90 read_us=13923 max_read_us=1988 wall_us=14518 scalars=698 lookups=1[0m
[32mINFO - cjk-sd op=stage opens=1 reads=12 bytes=286 open_us=78 read_us=13884 max_read_us=1979 wall_us=14449 scalars=698 lookups=1[0m
[32mINFO - cjk-sd op=stage opens=1 reads=13 bytes=308 open_us=90 read_us=13913 max_read_us=1996 wall_us=14503 scalars=698 lookups=1[0m
[32mINFO - cjk: lookup 414/698 glyphs, about 46927 ms left[0m
[32mINFO - cjk-sd op=stage opens=1 reads=14 bytes=330 open_us=78 read_us=14900 max_read_us=1990 wall_us=15848 scalars=698 lookups=1[0m
[32mINFO - cjk-sd op=stage opens=1 reads=15 bytes=352 open_us=94 read_us=15739 max_read_us=1984 wall_us=16342 scalars=698 lookups=1[0m
[32mINFO - cjk-sd op=stage opens=1 reads=14 bytes=330 open_us=74 read_us=15721 max_read_us=1983 wall_us=16280 scalars=698 lookups=1[0m
[32mINFO - cjk-sd op=stage opens=1 reads=13 bytes=308 open_us=93 read_us=16728 max_read_us=1988 wall_us=17323 scalars=698 lookups=1[0m
[32mINFO - cjk-sd op=stage opens=1 reads=12 bytes=286 open_us=74 read_us=15748 max_read_us=1982 wall_us=16310 scalars=698 lookups=1[0m
[32mINFO - cjk-sd op=stage opens=1 reads=15 bytes=352 open_us=93 read_us=16731 max_read_us=1989 wall_us=17330 scalars=698 lookups=1[0m
[32mINFO - cjk-sd op=stage opens=1 reads=15 bytes=352 open_us=78 read_us=17715 max_read_us=1987 wall_us=18281 scalars=698 lookups=1[0m
[32mINFO - cjk-sd op=stage opens=1 reads=14 bytes=330 open_us=89 read_us=16739 max_read_us=1989 wall_us=17332 scalars=698 lookups=1[0m
[32mINFO - cjk-sd op=stage opens=1 reads=13 bytes=308 open_us=78 read_us=17705 max_read_us=1985 wall_us=18267 scalars=698 lookups=1[0m
[32mINFO - cjk-sd op=stage opens=1 reads=13 bytes=308 open_us=89 read_us=18728 max_read_us=1986 wall_us=19318 scalars=698 lookups=1[0m
[32mINFO - cjk-sd op=stage opens=1 reads=14 bytes=330 open_us=78 read_us=16699 max_read_us=1985 wall_us=17273 scalars=698 lookups=1[0m
[32mINFO - cjk-sd op=stage opens=1 reads=15 bytes=352 open_us=90 read_us=15749 max_read_us=1997 wall_us=16347 scalars=698 lookups=1[0m
[32mINFO - cjk-sd op=stage opens=1 reads=10 bytes=242 open_us=78 read_us=15697 max_read_us=1992 wall_us=16250 scalars=698 lookups=1[0m
[32mINFO - cjk-sd op=stage opens=1 reads=15 bytes=352 open_us=89 read_us=20707 max_read_us=2001 wall_us=21305 scalars=698 lookups=1[0m
[32mINFO - cjk-sd op=stage opens=1 reads=14 bytes=330 open_us=78 read_us=16707 max_read_us=1978 wall_us=17273 scalars=698 lookups=1[0m
[32mINFO - cjk-sd op=stage opens=1 reads=11 bytes=264 open_us=90 read_us=16710 max_read_us=1997 wall_us=17291 scalars=698 lookups=1[0m
[32mINFO - stats: heap 31/158K peak 41K | stack free 68K hwm 17K | bat 96% 4.1V | up 0:04 | SD:ok[0m
[32mINFO - heap psram: used 8288 B, free 2088864 B, peak 51556 B; reserved 8288 / 1900544 B, peak 51568 B[0m
[32mINFO - cjk-sd op=stage opens=1 reads=15 bytes=352 open_us=93 read_us=17761 max_read_us=1994 wall_us=18385 scalars=698 lookups=1[0m
[32mINFO - cjk-sd op=stage opens=1 reads=14 bytes=330 open_us=101 read_us=16773 max_read_us=1985 wall_us=17373 scalars=698 lookups=1[0m
[32mINFO - cjk-sd op=stage opens=1 reads=12 bytes=286 open_us=78 read_us=16723 max_read_us=1992 wall_us=17296 scalars=698 lookups=1[0m
[32mINFO - cjk-sd op=stage opens=1 reads=12 bytes=286 open_us=94 read_us=16602 max_read_us=1985 wall_us=17195 scalars=698 lookups=1[0m
[32mINFO - cjk-sd op=stage opens=1 reads=15 bytes=352 open_us=75 read_us=16579 max_read_us=1981 wall_us=17146 scalars=698 lookups=1[0m
[32mINFO - cjk-sd op=stage opens=1 reads=14 bytes=330 open_us=93 read_us=16681 max_read_us=1998 wall_us=17280 scalars=698 lookups=1[0m
[32mINFO - cjk-sd op=stage opens=1 reads=11 bytes=264 open_us=74 read_us=16563 max_read_us=1988 wall_us=17124 scalars=698 lookups=1[0m
[32mINFO - cjk-sd op=stage opens=1 reads=15 bytes=352 open_us=93 read_us=14660 max_read_us=1987 wall_us=15263 scalars=698 lookups=1[0m
[32mINFO - cjk: lookup 438/698 glyphs, about 43679 ms left[0m
[32mINFO - cjk-sd op=stage opens=1 reads=15 bytes=352 open_us=74 read_us=17558 max_read_us=1982 wall_us=18507 scalars=698 lookups=1[0m
[32mINFO - battery: cell 4158 mV, 97% (periodic)[0m
[32mINFO - cjk-sd op=stage opens=1 reads=12 bytes=286 open_us=94 read_us=15622 max_read_us=1994 wall_us=16231 scalars=698 lookups=1[0m
[32mINFO - cjk-sd op=stage opens=1 reads=13 bytes=308 open_us=82 read_us=15596 max_read_us=1987 wall_us=16159 scalars=698 lookups=1[0m
[32mINFO - cjk-sd op=stage opens=1 reads=14 bytes=330 open_us=94 read_us=15613 max_read_us=1992 wall_us=16208 scalars=698 lookups=1[0m
[32mINFO - cjk-sd op=stage opens=1 reads=15 bytes=352 open_us=78 read_us=14680 max_read_us=1987 wall_us=15249 scalars=698 lookups=1[0m
[32mINFO - cjk-sd op=stage opens=1 reads=15 bytes=352 open_us=89 read_us=15620 max_read_us=1993 wall_us=16219 scalars=698 lookups=1[0m
[32mINFO - cjk-sd op=stage opens=1 reads=12 bytes=286 open_us=78 read_us=15593 max_read_us=1987 wall_us=16153 scalars=698 lookups=1[0m
[32mINFO - cjk-sd op=stage opens=1 reads=14 bytes=330 open_us=90 read_us=15612 max_read_us=1984 wall_us=16206 scalars=698 lookups=1[0m
[32mINFO - cjk-sd op=stage opens=1 reads=15 bytes=352 open_us=78 read_us=16601 max_read_us=1985 wall_us=17173 scalars=698 lookups=1[0m
[32mINFO - cjk-sd op=stage opens=1 reads=14 bytes=330 open_us=90 read_us=15658 max_read_us=1997 wall_us=16253 scalars=698 lookups=1[0m
[32mINFO - cjk-sd op=stage opens=1 reads=15 bytes=352 open_us=78 read_us=16610 max_read_us=1991 wall_us=17181 scalars=698 lookups=1[0m
[32mINFO - cjk-sd op=stage opens=1 reads=12 bytes=286 open_us=90 read_us=16586 max_read_us=1985 wall_us=17177 scalars=698 lookups=1[0m
[32mINFO - cjk-sd op=stage opens=1 reads=12 bytes=286 open_us=78 read_us=15581 max_read_us=1981 wall_us=16143 scalars=698 lookups=1[0m
[32mINFO - cjk-sd op=stage opens=1 reads=14 bytes=330 open_us=90 read_us=15657 max_read_us=1989 wall_us=16254 scalars=698 lookups=1[0m
[32mINFO - cjk-sd op=stage opens=1 reads=15 bytes=352 open_us=78 read_us=19442 max_read_us=1988 wall_us=20014 scalars=698 lookups=1[0m
[32mINFO - cjk-sd op=stage opens=1 reads=13 bytes=308 open_us=94 read_us=17525 max_read_us=1995 wall_us=18122 scalars=698 lookups=1[0m
[32mINFO - cjk-sd op=stage opens=1 reads=4 bytes=110 open_us=78 read_us=6938 max_read_us=1985 wall_us=7476 scalars=698 lookups=1[0m
[32mINFO - cjk-sd op=stage opens=1 reads=15 bytes=352 open_us=90 read_us=15559 max_read_us=1991 wall_us=16157 scalars=698 lookups=1[0m
[32mINFO - cjk-sd op=stage opens=1 reads=13 bytes=308 open_us=78 read_us=12666 max_read_us=1985 wall_us=13231 scalars=698 lookups=1[0m
[32mINFO - cjk-sd op=stage opens=1 reads=12 bytes=286 open_us=90 read_us=12731 max_read_us=1988 wall_us=13322 scalars=698 lookups=1[0m
[32mINFO - cjk-sd op=stage opens=1 reads=15 bytes=352 open_us=78 read_us=12707 max_read_us=1976 wall_us=13281 scalars=698 lookups=1[0m
[32mINFO - stats: heap 31/158K peak 41K | stack free 68K hwm 17K | bat 97% 4.1V | up 0:04 | SD:ok[0m
[32mINFO - heap psram: used 8288 B, free 2088864 B, peak 51556 B; reserved 8288 / 1900544 B, peak 51568 B[0m
[32mINFO - cjk-sd op=stage opens=1 reads=15 bytes=352 open_us=97 read_us=15633 max_read_us=2000 wall_us=16259 scalars=698 lookups=1[0m
[32mINFO - cjk-sd op=stage opens=1 reads=9 bytes=220 open_us=86 read_us=11708 max_read_us=1990 wall_us=12270 scalars=698 lookups=1[0m
[32mINFO - cjk-sd op=stage opens=1 reads=14 bytes=330 open_us=98 read_us=13742 max_read_us=1986 wall_us=14342 scalars=698 lookups=1[0m
[32mINFO - cjk: lookup 462/698 glyphs, about 38732 ms left[0m
[32mINFO - cjk-sd op=stage opens=1 reads=14 bytes=330 open_us=78 read_us=13695 max_read_us=1982 wall_us=14692 scalars=698 lookups=1[0m
[32mINFO - cjk-sd op=stage opens=1 reads=12 bytes=286 open_us=94 read_us=14568 max_read_us=1992 wall_us=15163 scalars=698 lookups=1[0m
[32mINFO - cjk-sd op=stage opens=1 reads=13 bytes=308 open_us=78 read_us=13659 max_read_us=1989 wall_us=14228 scalars=698 lookups=1[0m
[32mINFO - cjk-sd op=stage opens=1 reads=12 bytes=286 open_us=94 read_us=13653 max_read_us=1993 wall_us=14243 scalars=698 lookups=1[0m
[32mINFO - cjk-sd op=stage opens=1 reads=14 bytes=330 open_us=78 read_us=12693 max_read_us=1983 wall_us=13264 scalars=698 lookups=1[0m
[32mINFO - cjk-sd op=stage opens=1 reads=12 bytes=286 open_us=93 read_us=12728 max_read_us=1992 wall_us=13320 scalars=698 lookups=1[0m
[32mINFO - cjk-sd op=stage opens=1 reads=15 bytes=352 open_us=78 read_us=13552 max_read_us=1980 wall_us=14125 scalars=698 lookups=1[0m
[32mINFO - cjk-sd op=stage opens=1 reads=12 bytes=286 open_us=94 read_us=13530 max_read_us=1984 wall_us=14120 scalars=698 lookups=1[0m
[32mINFO - cjk-sd op=stage opens=1 reads=15 bytes=352 open_us=78 read_us=13540 max_read_us=1979 wall_us=14113 scalars=698 lookups=1[0m
[32mINFO - cjk-sd op=stage opens=1 reads=15 bytes=352 open_us=94 read_us=13603 max_read_us=1992 wall_us=14204 scalars=698 lookups=1[0m
[32mINFO - cjk-sd op=stage opens=1 reads=13 bytes=308 open_us=78 read_us=13586 max_read_us=1992 wall_us=14153 scalars=698 lookups=1[0m
[32mINFO - cjk-sd op=stage opens=1 reads=15 bytes=352 open_us=94 read_us=14575 max_read_us=1985 wall_us=15178 scalars=698 lookups=1[0m
[32mINFO - cjk-sd op=stage opens=1 reads=14 bytes=330 open_us=78 read_us=13613 max_read_us=1980 wall_us=14184 scalars=698 lookups=1[0m
[32mINFO - cjk-sd op=stage opens=1 reads=15 bytes=352 open_us=94 read_us=15550 max_read_us=1988 wall_us=16149 scalars=698 lookups=1[0m
[32mINFO - cjk-sd op=stage opens=1 reads=14 bytes=330 open_us=78 read_us=13630 max_read_us=1987 wall_us=14203 scalars=698 lookups=1[0m
[32mINFO - cjk-sd op=stage opens=1 reads=14 bytes=330 open_us=94 read_us=13680 max_read_us=1994 wall_us=14277 scalars=698 lookups=1[0m
[32mINFO - cjk-sd op=stage opens=1 reads=6 bytes=154 open_us=78 read_us=8864 max_read_us=1989 wall_us=9411 scalars=698 lookups=1[0m
[32mINFO - cjk-sd op=stage opens=1 reads=12 bytes=286 open_us=94 read_us=13674 max_read_us=1994 wall_us=14265 scalars=698 lookups=1[0m
[32mINFO - cjk-sd op=stage opens=1 reads=12 bytes=286 open_us=77 read_us=14638 max_read_us=1987 wall_us=15202 scalars=698 lookups=1[0m
[32mINFO - cjk-sd op=stage opens=1 reads=14 bytes=330 open_us=94 read_us=12757 max_read_us=1985 wall_us=13354 scalars=698 lookups=1[0m
[32mINFO - cjk-sd op=stage opens=1 reads=13 bytes=308 open_us=78 read_us=12730 max_read_us=1979 wall_us=13298 scalars=698 lookups=1[0m
[32mINFO - cjk-sd op=stage opens=1 reads=15 bytes=352 open_us=94 read_us=13730 max_read_us=1999 wall_us=14330 scalars=698 lookups=1[0m
[32mINFO - cjk-sd op=stage opens=1 reads=14 bytes=330 open_us=77 read_us=13707 max_read_us=1989 wall_us=14277 scalars=698 lookups=1[0m
[32mINFO - cjk-sd op=stage opens=1 reads=13 bytes=308 open_us=93 read_us=13707 max_read_us=1986 wall_us=14302 scalars=698 lookups=1[0m
[32mINFO - cjk-sd op=stage opens=1 reads=14 bytes=330 open_us=78 read_us=14657 max_read_us=1981 wall_us=15228 scalars=698 lookups=1[0m
[32mINFO - cjk: lookup 487/698 glyphs, about 34531 ms left[0m
[32mINFO - cjk-sd op=stage opens=1 reads=10 bytes=242 open_us=94 read_us=12784 max_read_us=1988 wall_us=13775 scalars=698 lookups=1[0m
[32mINFO - cjk-sd op=stage opens=1 reads=12 bytes=286 open_us=77 read_us=13687 max_read_us=1982 wall_us=14252 scalars=698 lookups=1[0m
[32mINFO - stats: heap 31/158K peak 41K | stack free 68K hwm 17K | bat 97% 4.1V | up 0:04 | SD:ok[0m
[32mINFO - heap psram: used 8288 B, free 2088864 B, peak 51556 B; reserved 8288 / 1900544 B, peak 51568 B[0m
[32mINFO - cjk-sd op=stage opens=1 reads=15 bytes=352 open_us=98 read_us=13743 max_read_us=2004 wall_us=14371 scalars=698 lookups=1[0m
[32mINFO - cjk-sd op=stage opens=1 reads=15 bytes=352 open_us=86 read_us=12766 max_read_us=1991 wall_us=13350 scalars=698 lookups=1[0m
[32mINFO - cjk-sd op=stage opens=1 reads=13 bytes=308 open_us=98 read_us=12790 max_read_us=1998 wall_us=13390 scalars=698 lookups=1[0m
[32mINFO - cjk-sd op=stage opens=1 reads=14 bytes=330 open_us=78 read_us=12698 max_read_us=1981 wall_us=13271 scalars=698 lookups=1[0m
[32mINFO - cjk-sd op=stage opens=1 reads=14 bytes=330 open_us=94 read_us=15623 max_read_us=1991 wall_us=16223 scalars=698 lookups=1[0m
[32mINFO - cjk-sd op=stage opens=1 reads=11 bytes=264 open_us=78 read_us=13635 max_read_us=1985 wall_us=14198 scalars=698 lookups=1[0m
[32mINFO - cjk-sd op=stage opens=1 reads=15 bytes=352 open_us=94 read_us=13689 max_read_us=1995 wall_us=14291 scalars=698 lookups=1[0m
[32mINFO - cjk-sd op=stage opens=1 reads=14 bytes=330 open_us=78 read_us=14660 max_read_us=1992 wall_us=15232 scalars=698 lookups=1[0m
[32mINFO - cjk-sd op=stage opens=1 reads=14 bytes=330 open_us=94 read_us=12764 max_read_us=1993 wall_us=13364 scalars=698 lookups=1[0m
[32mINFO - cjk-sd op=stage opens=1 reads=14 bytes=330 open_us=78 read_us=14668 max_read_us=1991 wall_us=15240 scalars=698 lookups=1[0m
[32mINFO - cjk-sd op=stage opens=1 reads=13 bytes=308 open_us=93 read_us=14630 max_read_us=1985 wall_us=15227 scalars=698 lookups=1[0m
[32mINFO - cjk-sd op=stage opens=1 reads=12 bytes=286 open_us=78 read_us=13698 max_read_us=1985 wall_us=14265 scalars=698 lookups=1[0m
[32mINFO - cjk-sd op=stage opens=1 reads=14 bytes=330 open_us=93 read_us=13682 max_read_us=1999 wall_us=14283 scalars=698 lookups=1[0m
[32mINFO - cjk-sd op=stage opens=1 reads=15 bytes=352 open_us=81 read_us=16528 max_read_us=1983 wall_us=17107 scalars=698 lookups=1[0m
[32mINFO - cjk-sd op=stage opens=1 reads=15 bytes=352 open_us=93 read_us=12724 max_read_us=1986 wall_us=13329 scalars=698 lookups=1[0m
[32mINFO - cjk-sd op=stage opens=1 reads=15 bytes=352 open_us=78 read_us=12727 max_read_us=1990 wall_us=13321 scalars=698 lookups=1[0m
[32mINFO - cjk-sd op=stage opens=1 reads=14 bytes=330 open_us=94 read_us=12721 max_read_us=1992 wall_us=13330 scalars=698 lookups=1[0m
[32mINFO - cjk-sd op=stage opens=1 reads=13 bytes=308 open_us=78 read_us=14664 max_read_us=1988 wall_us=15237 scalars=698 lookups=1[0m
[32mINFO - cjk-sd op=stage opens=1 reads=14 bytes=330 open_us=93 read_us=17485 max_read_us=1991 wall_us=18087 scalars=698 lookups=1[0m
[32mINFO - cjk-sd op=stage opens=1 reads=12 bytes=286 open_us=78 read_us=15591 max_read_us=1985 wall_us=16159 scalars=698 lookups=1[0m
[32mINFO - cjk-sd op=stage opens=1 reads=15 bytes=352 open_us=94 read_us=14611 max_read_us=1987 wall_us=15216 scalars=698 lookups=1[0m
[32mINFO - cjk-sd op=stage opens=1 reads=14 bytes=330 open_us=78 read_us=14607 max_read_us=1987 wall_us=15184 scalars=698 lookups=1[0m
[32mINFO - cjk-sd op=stage opens=1 reads=14 bytes=330 open_us=93 read_us=14668 max_read_us=1998 wall_us=15268 scalars=698 lookups=1[0m
[32mINFO - cjk: lookup 512/698 glyphs, about 30874 ms left[0m
[32mINFO - cjk-sd op=stage opens=1 reads=11 bytes=264 open_us=78 read_us=15544 max_read_us=1995 wall_us=16488 scalars=698 lookups=1[0m
[32mINFO - cjk-sd op=stage opens=1 reads=15 bytes=352 open_us=94 read_us=15616 max_read_us=1990 wall_us=16225 scalars=698 lookups=1[0m
[32mINFO - cjk-sd op=stage opens=1 reads=13 bytes=308 open_us=78 read_us=15552 max_read_us=1983 wall_us=16125 scalars=698 lookups=1[0m
[32mINFO - cjk-sd op=stage opens=1 reads=15 bytes=352 open_us=94 read_us=16612 max_read_us=1994 wall_us=17216 scalars=698 lookups=1[0m
[32mINFO - cjk-sd op=stage opens=1 reads=15 bytes=352 open_us=78 read_us=18506 max_read_us=1986 wall_us=19083 scalars=698 lookups=1[0m
[32mINFO - cjk-sd op=stage opens=1 reads=15 bytes=352 open_us=94 read_us=18514 max_read_us=1991 wall_us=19121 scalars=698 lookups=1[0m
[32mINFO - cjk-sd op=stage opens=1 reads=14 bytes=330 open_us=86 read_us=17654 max_read_us=1997 wall_us=18236 scalars=698 lookups=1[0m
[32mINFO - cjk-sd op=stage opens=1 reads=14 bytes=330 open_us=94 read_us=16642 max_read_us=2007 wall_us=17243 scalars=698 lookups=1[0m
[32mINFO - stats: heap 31/158K peak 41K | stack free 68K hwm 17K | bat 97% 4.1V | up 0:04 | SD:ok[0m
[32mINFO - heap psram: used 8288 B, free 2088864 B, peak 51556 B; reserved 8288 / 1900544 B, peak 51568 B[0m
[32mINFO - cjk-sd op=stage opens=1 reads=13 bytes=308 open_us=94 read_us=16661 max_read_us=1983 wall_us=17286 scalars=698 lookups=1[0m
[32mINFO - cjk-sd op=stage opens=1 reads=15 bytes=352 open_us=101 read_us=16681 max_read_us=1993 wall_us=17291 scalars=698 lookups=1[0m
[32mINFO - cjk-sd op=stage opens=1 reads=14 bytes=330 open_us=81 read_us=15671 max_read_us=1995 wall_us=16265 scalars=698 lookups=1[0m
[32mINFO - cjk-sd op=stage opens=1 reads=14 bytes=330 open_us=93 read_us=15662 max_read_us=1983 wall_us=16267 scalars=698 lookups=1[0m
[32mINFO - cjk-sd op=stage opens=1 reads=14 bytes=330 open_us=78 read_us=15654 max_read_us=1977 wall_us=16237 scalars=698 lookups=1[0m
[32mINFO - cjk-sd op=stage opens=1 reads=15 bytes=352 open_us=94 read_us=14824 max_read_us=1991 wall_us=15433 scalars=698 lookups=1[0m
[32mINFO - cjk-sd op=stage opens=1 reads=15 bytes=352 open_us=78 read_us=13864 max_read_us=1982 wall_us=14445 scalars=698 lookups=1[0m
[32mINFO - cjk-sd op=stage opens=1 reads=14 bytes=330 open_us=93 read_us=15850 max_read_us=2001 wall_us=16454 scalars=698 lookups=1[0m
[32mINFO - cjk-sd op=stage opens=1 reads=12 bytes=286 open_us=78 read_us=15782 max_read_us=1985 wall_us=16363 scalars=698 lookups=1[0m
[32mINFO - cjk-sd op=stage opens=1 reads=14 bytes=330 open_us=94 read_us=14867 max_read_us=1990 wall_us=15469 scalars=698 lookups=1[0m
[32mINFO - cjk-sd op=stage opens=1 reads=14 bytes=330 open_us=78 read_us=14816 max_read_us=1985 wall_us=15400 scalars=698 lookups=1[0m
[32mINFO - cjk-sd op=stage opens=1 reads=15 bytes=352 open_us=94 read_us=15848 max_read_us=1984 wall_us=16455 scalars=698 lookups=1[0m
[32mINFO - cjk-sd op=stage opens=1 reads=14 bytes=330 open_us=78 read_us=14844 max_read_us=1984 wall_us=15420 scalars=698 lookups=1[0m
[32mINFO - cjk-sd op=stage opens=1 reads=10 bytes=242 open_us=94 read_us=13801 max_read_us=1995 wall_us=14392 scalars=698 lookups=1[0m
[32mINFO - cjk-sd op=stage opens=1 reads=12 bytes=286 open_us=78 read_us=13774 max_read_us=1995 wall_us=14352 scalars=698 lookups=1[0m
[32mINFO - cjk-sd op=stage opens=1 reads=13 bytes=308 open_us=94 read_us=14841 max_read_us=1987 wall_us=15444 scalars=698 lookups=1[0m
[32mINFO - cjk: lookup 536/698 glyphs, about 26766 ms left[0m
[32mINFO - cjk-sd op=stage opens=1 reads=14 bytes=330 open_us=78 read_us=14835 max_read_us=1980 wall_us=15799 scalars=698 lookups=1[0m
[32mINFO - cjk-sd op=stage opens=1 reads=15 bytes=352 open_us=94 read_us=14823 max_read_us=1986 wall_us=15435 scalars=698 lookups=1[0m
[32mINFO - cjk-sd op=stage opens=1 reads=13 bytes=308 open_us=78 read_us=13804 max_read_us=1984 wall_us=14378 scalars=698 lookups=1[0m
[32mINFO - cjk-sd op=stage opens=1 reads=14 bytes=330 open_us=93 read_us=13824 max_read_us=1989 wall_us=14430 scalars=698 lookups=1[0m
[32mINFO - cjk-sd op=stage opens=1 reads=15 bytes=352 open_us=78 read_us=15774 max_read_us=1983 wall_us=16363 scalars=698 lookups=1[0m
[32mINFO - cjk-sd op=stage opens=1 reads=14 bytes=330 open_us=93 read_us=14823 max_read_us=1992 wall_us=15431 scalars=698 lookups=1[0m
[32mINFO - cjk-sd op=stage opens=1 reads=14 bytes=330 open_us=78 read_us=13908 max_read_us=1985 wall_us=14497 scalars=698 lookups=1[0m
[32mINFO - cjk-sd op=stage opens=1 reads=13 bytes=308 open_us=93 read_us=14903 max_read_us=1989 wall_us=15505 scalars=698 lookups=1[0m
[32mINFO - cjk-sd op=stage opens=1 reads=14 bytes=330 open_us=78 read_us=14892 max_read_us=1984 wall_us=15470 scalars=698 lookups=1[0m
[32mINFO - cjk-sd op=stage opens=1 reads=11 bytes=264 open_us=94 read_us=13892 max_read_us=1994 wall_us=14487 scalars=698 lookups=1[0m
[32mINFO - cjk-sd op=stage opens=1 reads=15 bytes=352 open_us=77 read_us=13906 max_read_us=1987 wall_us=14496 scalars=698 lookups=1[0m
[32mINFO - cjk-sd op=stage opens=1 reads=14 bytes=330 open_us=93 read_us=13930 max_read_us=1985 wall_us=14537 scalars=698 lookups=1[0m
[32mINFO - cjk-sd op=stage opens=1 reads=10 bytes=242 open_us=86 read_us=13870 max_read_us=1974 wall_us=14440 scalars=698 lookups=1[0m
[32mINFO - stats: heap 31/158K peak 41K | stack free 68K hwm 17K | bat 97% 4.1V | up 0:04 | SD:ok[0m
[32mINFO - heap psram: used 8288 B, free 2088864 B, peak 51556 B; reserved 8288 / 1900544 B, peak 51568 B[0m
[32mINFO - cjk-sd op=stage opens=1 reads=14 bytes=330 open_us=98 read_us=14909 max_read_us=1997 wall_us=15539 scalars=698 lookups=1[0m
[32mINFO - cjk-sd op=stage opens=1 reads=11 bytes=264 open_us=86 read_us=13892 max_read_us=1988 wall_us=14469 scalars=698 lookups=1[0m
[32mINFO - cjk-sd op=stage opens=1 reads=7 bytes=176 open_us=98 read_us=10914 max_read_us=1992 wall_us=11501 scalars=698 lookups=1[0m
[32mINFO - cjk-sd op=stage opens=1 reads=15 bytes=352 open_us=78 read_us=14942 max_read_us=1988 wall_us=15524 scalars=698 lookups=1[0m
[32mINFO - cjk-sd op=stage opens=1 reads=9 bytes=220 open_us=94 read_us=12916 max_read_us=1992 wall_us=13506 scalars=698 lookups=1[0m
[32mINFO - cjk-sd op=stage opens=1 reads=12 bytes=286 open_us=78 read_us=15913 max_read_us=2000 wall_us=16487 scalars=698 lookups=1[0m
[32mINFO - cjk-sd op=stage opens=1 reads=15 bytes=352 open_us=94 read_us=15899 max_read_us=1987 wall_us=16508 scalars=698 lookups=1[0m
[32mINFO - cjk-sd op=stage opens=1 reads=15 bytes=352 open_us=78 read_us=15926 max_read_us=2008 wall_us=16511 scalars=698 lookups=1[0m
[32mINFO - cjk-sd op=stage opens=1 reads=12 bytes=286 open_us=93 read_us=15895 max_read_us=1992 wall_us=16494 scalars=698 lookups=1[0m
[32mINFO - cjk-sd op=stage opens=1 reads=10 bytes=242 open_us=78 read_us=14914 max_read_us=2004 wall_us=15482 scalars=698 lookups=1[0m
[32mINFO - cjk-sd op=stage opens=1 reads=15 bytes=352 open_us=93 read_us=14945 max_read_us=2000 wall_us=15556 scalars=698 lookups=1[0m
[32mINFO - cjk-sd op=stage opens=1 reads=15 bytes=352 open_us=77 read_us=14944 max_read_us=2005 wall_us=15527 scalars=698 lookups=1[0m
[32mINFO - cjk: lookup 561/698 glyphs, about 22679 ms left[0m
[32mINFO - cjk-sd op=stage opens=1 reads=15 bytes=352 open_us=94 read_us=14948 max_read_us=2003 wall_us=16071 scalars=698 lookups=1[0m
[32mINFO - cjk-sd op=stage opens=1 reads=13 bytes=308 open_us=78 read_us=14930 max_read_us=1984 wall_us=15515 scalars=698 lookups=1[0m
[32mINFO - cjk-sd op=stage opens=1 reads=14 bytes=330 open_us=93 read_us=14940 max_read_us=1991 wall_us=15549 scalars=698 lookups=1[0m
[32mINFO - cjk-sd op=stage opens=1 reads=15 bytes=352 open_us=78 read_us=14940 max_read_us=1986 wall_us=15523 scalars=698 lookups=1[0m
[32mINFO - cjk-sd op=stage opens=1 reads=14 bytes=330 open_us=93 read_us=14901 max_read_us=1988 wall_us=15510 scalars=698 lookups=1[0m
[32mINFO - cjk-sd op=stage opens=1 reads=15 bytes=352 open_us=78 read_us=17844 max_read_us=1982 wall_us=18428 scalars=698 lookups=1[0m
[32mINFO - cjk-sd op=stage opens=1 reads=14 bytes=330 open_us=93 read_us=13933 max_read_us=1987 wall_us=14542 scalars=698 lookups=1[0m
[32mINFO - cjk-sd op=stage opens=1 reads=13 bytes=308 open_us=78 read_us=14924 max_read_us=1983 wall_us=15501 scalars=698 lookups=1[0m
[32mINFO - cjk-sd op=stage opens=1 reads=14 bytes=330 open_us=93 read_us=14909 max_read_us=1996 wall_us=15516 scalars=698 lookups=1[0m
[32mINFO - cjk-sd op=stage opens=1 reads=15 bytes=352 open_us=78 read_us=14947 max_read_us=1990 wall_us=15532 scalars=698 lookups=1[0m
[32mINFO - cjk-sd op=stage opens=1 reads=14 bytes=330 open_us=94 read_us=14930 max_read_us=1983 wall_us=15539 scalars=698 lookups=1[0m
[32mINFO - cjk-sd op=stage opens=1 reads=15 bytes=352 open_us=78 read_us=16926 max_read_us=1979 wall_us=17510 scalars=698 lookups=1[0m
[32mINFO - cjk-sd op=stage opens=1 reads=14 bytes=330 open_us=93 read_us=16936 max_read_us=1987 wall_us=17542 scalars=698 lookups=1[0m
[32mINFO - cjk-sd op=stage opens=1 reads=15 bytes=352 open_us=78 read_us=13949 max_read_us=1982 wall_us=14533 scalars=698 lookups=1[0m
[32mINFO - cjk-sd op=stage opens=1 reads=15 bytes=352 open_us=94 read_us=13952 max_read_us=1993 wall_us=14564 scalars=698 lookups=1[0m
[32mINFO - cjk-sd op=stage opens=1 reads=15 bytes=352 open_us=77 read_us=14942 max_read_us=1987 wall_us=15526 scalars=698 lookups=1[0m
[32mINFO - cjk-sd op=stage opens=1 reads=15 bytes=352 open_us=93 read_us=14977 max_read_us=1987 wall_us=15588 scalars=698 lookups=1[0m
[32mINFO - cjk-sd op=stage opens=1 reads=15 bytes=352 open_us=78 read_us=13947 max_read_us=1983 wall_us=14528 scalars=698 lookups=1[0m
[32mINFO - stats: heap 31/158K peak 41K | stack free 68K hwm 17K | bat 97% 4.1V | up 0:04 | SD:ok[0m
[32mINFO - heap psram: used 8288 B, free 2088864 B, peak 51556 B; reserved 8288 / 1900544 B, peak 51568 B[0m
[32mINFO - cjk-sd op=stage opens=1 reads=14 bytes=330 open_us=97 read_us=13948 max_read_us=1995 wall_us=14590 scalars=698 lookups=1[0m
[32mINFO - cjk-sd op=stage opens=1 reads=15 bytes=352 open_us=86 read_us=17928 max_read_us=2001 wall_us=18522 scalars=698 lookups=1[0m
[32mINFO - cjk-sd op=stage opens=1 reads=14 bytes=330 open_us=98 read_us=15954 max_read_us=2005 wall_us=16575 scalars=698 lookups=1[0m
[32mINFO - cjk-sd op=stage opens=1 reads=13 bytes=308 open_us=78 read_us=15928 max_read_us=2005 wall_us=16509 scalars=698 lookups=1[0m
[32mINFO - cjk-sd op=stage opens=1 reads=13 bytes=308 open_us=93 read_us=15926 max_read_us=1989 wall_us=16534 scalars=698 lookups=1[0m
[32mINFO - cjk-sd op=stage opens=1 reads=11 bytes=264 open_us=78 read_us=14903 max_read_us=1984 wall_us=15476 scalars=698 lookups=1[0m
[32mINFO - cjk: lookup 585/698 glyphs, about 18725 ms left[0m
[32mINFO - cjk-sd op=stage opens=1 reads=13 bytes=308 open_us=94 read_us=14918 max_read_us=1984 wall_us=15892 scalars=698 lookups=1[0m
[32mINFO - cjk-sd op=stage opens=1 reads=14 bytes=330 open_us=78 read_us=14938 max_read_us=1986 wall_us=15532 scalars=698 lookups=1[0m
[32mINFO - cjk-sd op=stage opens=1 reads=15 bytes=352 open_us=94 read_us=14958 max_read_us=1997 wall_us=15575 scalars=698 lookups=1[0m
[32mINFO - cjk-sd op=stage opens=1 reads=15 bytes=352 open_us=78 read_us=14950 max_read_us=1991 wall_us=15535 scalars=698 lookups=1[0m
[32mINFO - cjk-sd op=stage opens=1 reads=15 bytes=352 open_us=94 read_us=14943 max_read_us=1987 wall_us=15561 scalars=698 lookups=1[0m
[32mINFO - cjk-sd op=stage opens=1 reads=15 bytes=352 open_us=78 read_us=15935 max_read_us=1999 wall_us=16522 scalars=698 lookups=1[0m
[32mINFO - cjk-sd op=stage opens=1 reads=11 bytes=264 open_us=94 read_us=13925 max_read_us=1987 wall_us=14529 scalars=698 lookups=1[0m
[32mINFO - cjk-sd op=stage opens=1 reads=15 bytes=352 open_us=78 read_us=17934 max_read_us=2002 wall_us=18520 scalars=698 lookups=1[0m
[32mINFO - cjk-sd op=stage opens=1 reads=14 bytes=330 open_us=94 read_us=16935 max_read_us=2002 wall_us=17550 scalars=698 lookups=1[0m
[32mINFO - cjk-sd op=stage opens=1 reads=15 bytes=352 open_us=78 read_us=14942 max_read_us=1986 wall_us=15528 scalars=698 lookups=1[0m
[32mINFO - cjk-sd op=stage opens=1 reads=15 bytes=352 open_us=94 read_us=13945 max_read_us=1987 wall_us=14563 scalars=698 lookups=1[0m
[32mINFO - cjk-sd op=stage opens=1 reads=14 bytes=330 open_us=78 read_us=15927 max_read_us=1986 wall_us=16511 scalars=698 lookups=1[0m
[32mINFO - cjk-sd op=stage opens=1 reads=15 bytes=352 open_us=94 read_us=14938 max_read_us=1985 wall_us=15559 scalars=698 lookups=1[0m
[32mINFO - cjk-sd op=stage opens=1 reads=15 bytes=352 open_us=78 read_us=14943 max_read_us=1985 wall_us=15529 scalars=698 lookups=1[0m
[32mINFO - cjk-sd op=stage opens=1 reads=14 bytes=330 open_us=94 read_us=14952 max_read_us=1995 wall_us=15567 scalars=698 lookups=1[0m
[32mINFO - cjk-sd op=stage opens=1 reads=13 bytes=308 open_us=78 read_us=14936 max_read_us=1991 wall_us=15516 scalars=698 lookups=1[0m
[32mINFO - cjk-sd op=stage opens=1 reads=14 bytes=330 open_us=93 read_us=14947 max_read_us=2002 wall_us=15564 scalars=698 lookups=1[0m
[32mINFO - cjk-sd op=stage opens=1 reads=15 bytes=352 open_us=78 read_us=15945 max_read_us=1986 wall_us=16531 scalars=698 lookups=1[0m
[32mINFO - cjk-sd op=stage opens=1 reads=14 bytes=330 open_us=94 read_us=16935 max_read_us=1990 wall_us=17554 scalars=698 lookups=1[0m
[32mINFO - cjk-sd op=stage opens=1 reads=11 bytes=264 open_us=78 read_us=16765 max_read_us=1988 wall_us=17341 scalars=698 lookups=1[0m
[32mINFO - cjk-sd op=stage opens=1 reads=14 bytes=330 open_us=93 read_us=20789 max_read_us=2001 wall_us=21404 scalars=698 lookups=1[0m
[32mINFO - cjk-sd op=stage opens=1 reads=13 bytes=308 open_us=78 read_us=17786 max_read_us=1988 wall_us=18367 scalars=698 lookups=1[0m
[32mINFO - cjk-sd op=stage opens=1 reads=12 bytes=286 open_us=93 read_us=15774 max_read_us=1984 wall_us=16379 scalars=698 lookups=1[0m
[32mINFO - cjk-sd op=stage opens=1 reads=12 bytes=286 open_us=79 read_us=16774 max_read_us=1980 wall_us=17348 scalars=698 lookups=1[0m
[32mINFO - stats: heap 31/158K peak 41K | stack free 68K hwm 17K | bat 97% 4.1V | up 0:04 | SD:ok[0m
[32mINFO - heap psram: used 8288 B, free 2088864 B, peak 51556 B; reserved 8288 / 1900544 B, peak 51568 B[0m
[32mINFO - cjk: lookup 609/698 glyphs, about 15116 ms left[0m
[32mINFO - cjk-sd op=stage opens=1 reads=15 bytes=352 open_us=97 read_us=18795 max_read_us=2000 wall_us=19967 scalars=698 lookups=1[0m
[32mINFO - cjk-sd op=stage opens=1 reads=12 bytes=286 open_us=85 read_us=17777 max_read_us=2001 wall_us=18374 scalars=698 lookups=1[0m
[32mINFO - cjk-sd op=stage opens=1 reads=8 bytes=198 open_us=98 read_us=13774 max_read_us=1989 wall_us=14372 scalars=698 lookups=1[0m
[32mINFO - cjk-sd op=stage opens=1 reads=13 bytes=308 open_us=78 read_us=18643 max_read_us=1989 wall_us=19225 scalars=698 lookups=1[0m
[32mINFO - cjk-sd op=stage opens=1 reads=11 bytes=264 open_us=94 read_us=17632 max_read_us=1987 wall_us=18235 scalars=698 lookups=1[0m
[32mINFO - cjk-sd op=stage opens=1 reads=15 bytes=352 open_us=78 read_us=17661 max_read_us=1988 wall_us=18249 scalars=698 lookups=1[0m
[32mINFO - cjk-sd op=stage opens=1 reads=14 bytes=330 open_us=94 read_us=17659 max_read_us=1986 wall_us=18271 scalars=698 lookups=1[0m
[32mINFO - cjk-sd op=stage opens=1 reads=12 bytes=286 open_us=77 read_us=21478 max_read_us=1981 wall_us=22057 scalars=698 lookups=1[0m
[32mINFO - cjk-sd op=stage opens=1 reads=11 bytes=264 open_us=94 read_us=19555 max_read_us=1996 wall_us=20157 scalars=698 lookups=1[0m
[32mINFO - cjk-sd op=stage opens=1 reads=14 bytes=330 open_us=78 read_us=19568 max_read_us=1992 wall_us=20153 scalars=698 lookups=1[0m
[32mINFO - battery: cell 4146 mV, 96% (periodic)[0m
[32mINFO - cjk-sd op=stage opens=1 reads=9 bytes=220 open_us=94 read_us=15712 max_read_us=1991 wall_us=16325 scalars=698 lookups=1[0m
[32mINFO - cjk-sd op=stage opens=1 reads=15 bytes=352 open_us=79 read_us=18719 max_read_us=1999 wall_us=19304 scalars=698 lookups=1[0m
[32mINFO - cjk-sd op=stage opens=1 reads=11 bytes=264 open_us=98 read_us=16697 max_read_us=1987 wall_us=17299 scalars=698 lookups=1[0m
[32mINFO - cjk-sd op=stage opens=1 reads=13 bytes=308 open_us=74 read_us=16699 max_read_us=1982 wall_us=17277 scalars=698 lookups=1[0m
[32mINFO - cjk-sd op=stage opens=1 reads=14 bytes=330 open_us=93 read_us=16737 max_read_us=1997 wall_us=17351 scalars=698 lookups=1[0m
[32mINFO - cjk-sd op=stage opens=1 reads=13 bytes=308 open_us=74 read_us=16727 max_read_us=1992 wall_us=17305 scalars=698 lookups=1[0m
[32mINFO - cjk-sd op=stage opens=1 reads=12 bytes=286 open_us=93 read_us=17698 max_read_us=1984 wall_us=18304 scalars=698 lookups=1[0m
[32mINFO - cjk-sd op=stage opens=1 reads=14 bytes=330 open_us=74 read_us=17711 max_read_us=1978 wall_us=18293 scalars=698 lookups=1[0m
[32mINFO - cjk-sd op=stage opens=1 reads=14 bytes=330 open_us=93 read_us=17709 max_read_us=1986 wall_us=18324 scalars=698 lookups=1[0m
[32mINFO - cjk-sd op=stage opens=1 reads=14 bytes=330 open_us=74 read_us=16848 max_read_us=1981 wall_us=17431 scalars=698 lookups=1[0m
[32mINFO - cjk-sd op=stage opens=1 reads=14 bytes=330 open_us=93 read_us=14862 max_read_us=1989 wall_us=15474 scalars=698 lookups=1[0m
[32mINFO - cjk-sd op=stage opens=1 reads=10 bytes=242 open_us=74 read_us=14830 max_read_us=1985 wall_us=15401 scalars=698 lookups=1[0m
[32mINFO - cjk-sd op=stage opens=1 reads=13 bytes=308 open_us=93 read_us=15853 max_read_us=1987 wall_us=16465 scalars=698 lookups=1[0m
[32mINFO - cjk-sd op=stage opens=1 reads=12 bytes=286 open_us=74 read_us=15840 max_read_us=1984 wall_us=16418 scalars=698 lookups=1[0m
[32mINFO - cjk: lookup 633/698 glyphs, about 10833 ms left[0m
[32mINFO - cjk-sd op=stage opens=1 reads=13 bytes=308 open_us=94 read_us=15852 max_read_us=1985 wall_us=16855 scalars=698 lookups=1[0m
[32mINFO - cjk-sd op=stage opens=1 reads=14 bytes=330 open_us=75 read_us=14857 max_read_us=1982 wall_us=15451 scalars=698 lookups=1[0m
[32mINFO - cjk-sd op=stage opens=1 reads=14 bytes=330 open_us=93 read_us=15872 max_read_us=1994 wall_us=16489 scalars=698 lookups=1[0m
[32mINFO - cjk-sd op=stage opens=1 reads=14 bytes=330 open_us=74 read_us=14865 max_read_us=1990 wall_us=15450 scalars=698 lookups=1[0m
[32mINFO - cjk-sd op=stage opens=1 reads=14 bytes=330 open_us=93 read_us=17846 max_read_us=1985 wall_us=18463 scalars=698 lookups=1[0m
[32mINFO - cjk-sd op=stage opens=1 reads=13 bytes=308 open_us=74 read_us=17832 max_read_us=1983 wall_us=18414 scalars=698 lookups=1[0m
[32mINFO - stats: heap 31/158K peak 41K | stack free 68K hwm 17K | bat 96% 4.1V | up 0:04 | SD:ok[0m
[32mINFO - heap psram: used 8288 B, free 2088864 B, peak 51556 B; reserved 8288 / 1900544 B, peak 51568 B[0m
[32mINFO - cjk-sd op=stage opens=1 reads=15 bytes=352 open_us=97 read_us=19871 max_read_us=2000 wall_us=20507 scalars=698 lookups=1[0m
[32mINFO - cjk-sd op=stage opens=1 reads=14 bytes=330 open_us=81 read_us=18846 max_read_us=1982 wall_us=19438 scalars=698 lookups=1[0m
[32mINFO - cjk-sd op=stage opens=1 reads=15 bytes=352 open_us=98 read_us=16868 max_read_us=1997 wall_us=17496 scalars=698 lookups=1[0m
[32mINFO - cjk-sd op=stage opens=1 reads=12 bytes=286 open_us=74 read_us=14847 max_read_us=1985 wall_us=15424 scalars=698 lookups=1[0m
