[2026-10-09T12:12:09Z INFO ] Serial port: '/dev/ttyACM0'
[2026-10-09T12:12:09Z INFO ] Connecting...
[2026-10-09T12:12:09Z INFO ] Using flash stub
ESP-ROM:esp32c61-eco4-20250829
Build:Aug 29 2025
rst:0x15 (USB_UART_HPSYS),boot:0xa (SPI_FAST_FLASH_BOOT)
SPI mode:DIO, clock div:1
load:0x40845b90,len:0x11e0
load:0x4083bd70,len:0xad4
load:0x4083ea70,len:0x3008
entry 0x4083bd70
[32mINFO - Detected PSRAM chip id = e3b4135a5d0d[0m
[32mINFO - Detected PSRAM chip density = 2[0m
[32mINFO - PSRAM size is 8388608[0m
[32mINFO - PSRAM size: 8 MB[0m
[32mINFO - psram: 2097152 B at 0x420d0000, heap registered[0m
[32mINFO - psram: ready[0m
[32mINFO - memory Internal: pool 0 / 162304 B[0m
[32mINFO - memory Psram: pool 0 / 1900544 B[0m
[32mINFO - memory class chapter-text Psram: reserved 0 / 262144 B, peak 0 B[0m
[32mINFO - memory class image-data   Psram: reserved 0 / 524288 B, peak 0 B[0m
[32mINFO - memory class page-table   Psram: reserved 0 / 65536 B, peak 0 B[0m
[32mINFO - memory class zip-toc      Psram: reserved 0 / 262144 B, peak 0 B[0m
[32mINFO - memory class font-glyphs  Psram: reserved 0 / 262144 B, peak 0 B[0m
[32mINFO - memory class net-scratch  Psram: reserved 0 / 32768 B, peak 0 B[0m
[32mINFO - heap internal: used 0 B, free 162304 B; psram heap: used 0 B, free 2097152 B[0m
[32mINFO - heap psram: used 0 B, free 2097152 B, peak 0 B; reserved 0 / 1900544 B, peak 0 B[0m
[32mINFO - gpio27 power-cycled, state=PowerCycled[0m
[32mINFO - pulp-os c61: esp32c61 rv32imac, rtos + embassy up, wake PowerOn[0m
[32mINFO - spi2: sck=GPIO22 mosi=GPIO23 miso=GPIO24, epd_cs=GPIO25 sd_cs=GPIO26, dma ch0 4096B tx+rx, 400 kHz[0m
[32mINFO - sd: 63864569856 bytes (60906 MB), attempt 1[0m
[32mINFO - SD card: filesystem mounted[0m
[32mINFO - SD: ok[0m
[32mINFO - spi2: 400 kHz -> 10000 kHz[0m
[32mINFO - sd: fat32 mounted[0m
[32mINFO - battery: cell 4672 mV, 100%[0m
[32mINFO - bookmarks: loaded 6 slots from SD[0m
[32mINFO - settings: loaded from SETTINGS.TXT[0m
[32mINFO - font: size_idx=2 line_h=31 (native 31 x 100%) ascent=25 max_lines=24 margin=8[0m
[32mINFO - font: size_idx=2 line_h=49 (native 31 x 160%) ascent=25 max_lines=15 margin=40[0m
[32mINFO - stats: heap 0/158K peak 0K | stack free 67K hwm 8K | bat 100% 4.6V | up 0:00 | SD:ok[0m
[32mINFO - heap psram: used 0 B, free 2097152 B, peak 0 B; reserved 0 / 1900544 B, peak 0 B[0m
[32mINFO - boot: session restore (cause PowerOn, slot B seq 8)[0m
[32mINFO - session: restored nav stack depth=3 active=Reader[0m
[32mINFO - home: restore_state state=Menu selected=1[0m
[32mINFO - files: restore_state scroll=0 selected=0 total=8[0m
[32mINFO - reader: restore_state file=ASSEMB~1.EPU ch=3 off=0[0m
[32mINFO - font: size_idx=2 line_h=49 (native 31 x 160%) ascent=25 max_lines=15 margin=40[0m
[32mINFO - font: size_idx=2 line_h=49 (native 31 x 160%) ascent=25 max_lines=15 margin=40[0m
[32mINFO - [work] reset -> gen 1[0m
[32mINFO - font: size_idx=2 line_h=49 (native 31 x 160%) ascent=25 max_lines=15 margin=40[0m
[32mINFO - reader: opening ASSEMB~1.EPU[0m
[32mINFO - cjk-sd op=stage gap_after_log_us=1280959 opens=0 reads=0 bytes=0 open_us=0 read_us=0 max_read_us=0 wall_us=45 scalars=0 lookups=0[0m
[32mINFO - cjk-sd op=prepare gap_after_log_us=55 opens=0 reads=0 bytes=0 open_us=0 read_us=0 max_read_us=0 wall_us=67 scalars=0 lookups=0[0m
[32mINFO - cjk-sd op=stage gap_after_log_us=111 opens=0 reads=0 bytes=0 open_us=0 read_us=0 max_read_us=0 wall_us=2 scalars=0 lookups=0[0m
[32mINFO - cjk-sd op=prepare gap_after_log_us=5 opens=0 reads=0 bytes=0 open_us=0 read_us=0 max_read_us=0 wall_us=3 scalars=0 lookups=0[0m
[32mINFO - ui ready.[0m
[32mINFO - kernel ready.[0m
[32mINFO - [work] worker ready[0m
[32mINFO - reader-sd resume step=1 state=NeedBookmark resumed=false retained_window=false outside_step_us=0 outside_step_known=false previous_step_complete=true[0m
[32mINFO - epub: CD at offset 281729 size 1868 (283619 file bytes)[0m
[32mINFO - epub: 28 entries in ZIP[0m
[32mINFO - reader-sd step=1 outcome=pending state=NeedOpf wall_us=342723 text_us=0 layout_us=0 visible_us=0 pause_us=0 logging_us=613 other_us=342110 text_calls=0 layout_calls=0 visible_calls=0[0m
[32mINFO - stats: heap 1/158K peak 1K | stack free 67K hwm 8K | bat 100% 4.6V | up 0:00 | SD:ok[0m
[32mINFO - heap psram: used 0 B, free 2097152 B, peak 1868 B; reserved 0 / 1900544 B, peak 1872 B[0m
[32mINFO - display: partial refresh 448x24 at (8, 24) in 648 ms (partial count 1)[0m
[32mINFO - reader-sd resume step=2 state=NeedOpf resumed=false retained_window=false outside_step_us=651386 outside_step_known=true previous_step_complete=true[0m
[32mINFO - zip: deflate stream 174 -> 257 bytes[0m
[32mINFO - epub: OPF at OEBPS/content.opf[0m
[32mINFO - zip: deflate stream 1047 -> 4106 bytes[0m
[32mINFO - epub: TOC source = EPUB3 nav (zip #22)[0m
[32mINFO - epub: "集合體" by 娜塔夏‧ 布朗（Natasha Brown） -- 17 chapters[0m
[32mINFO - reader-sd step=2 outcome=pending state=NeedToc wall_us=409279 text_us=0 layout_us=0 visible_us=0 pause_us=0 logging_us=573 other_us=408706 text_calls=0 layout_calls=0 visible_calls=0[0m
[32mINFO - stats: heap 1/158K peak 9K | stack free 67K hwm 8K | bat 100% 4.6V | up 0:00 | SD:ok[0m
[32mINFO - heap psram: used 0 B, free 2097152 B, peak 10500 B; reserved 0 / 1900544 B, peak 10512 B[0m
[32mINFO - cjk-sd op=stage gap_after_log_us=5298731 opens=1 reads=25 bytes=2090 open_us=189685 read_us=31137 max_read_us=2033 wall_us=221552 scalars=3 lookups=3[0m
[32mINFO - cjk-sd op=prepare gap_after_log_us=176 opens=1 reads=4 bytes=138 open_us=152 read_us=6235 max_read_us=2025 wall_us=7193 scalars=3 lookups=0[0m
[32mINFO - display: partial refresh 448x24 at (8, 24) in 650 ms (partial count 2)[0m
[32mINFO - reader-sd resume step=3 state=NeedToc resumed=false retained_window=false outside_step_us=884260 outside_step_known=true previous_step_complete=true[0m
[32mINFO - zip: deflate stream 703 -> 1533 bytes[0m
[32mINFO - epub: TOC has 9 entries[0m
[32mINFO - reader-sd step=3 outcome=pending state=NeedCache wall_us=138471 text_us=0 layout_us=0 visible_us=0 pause_us=0 logging_us=497 other_us=137974 text_calls=0 layout_calls=0 visible_calls=0[0m
[32mINFO - stats: heap 15/158K peak 17K | stack free 67K hwm 8K | bat 100% 4.6V | up 0:00 | SD:ok[0m
[32mINFO - heap psram: used 96 B, free 2097056 B, peak 10596 B; reserved 96 / 1900544 B, peak 10608 B[0m
[32mINFO - display: partial refresh 448x24 at (8, 24) in 650 ms (partial count 3)[0m
[32mINFO - reader-sd resume step=4 state=NeedCache resumed=false retained_window=false outside_step_us=653388 outside_step_known=true previous_step_complete=true[0m
[32mINFO - epub: v3 cache hit (17 chapters)[0m
[32mINFO - reader-sd step=4 outcome=pending state=NeedIndex wall_us=376715 text_us=0 layout_us=0 visible_us=0 pause_us=0 logging_us=574 other_us=376141 text_calls=0 layout_calls=0 visible_calls=0[0m
[32mINFO - stats: heap 15/158K peak 17K | stack free 67K hwm 8K | bat 100% 4.6V | up 0:00 | SD:ok[0m
[32mINFO - heap psram: used 96 B, free 2097056 B, peak 10596 B; reserved 96 / 1900544 B, peak 10608 B[0m
[32mINFO - display: partial refresh 448x24 at (8, 24) in 650 ms (partial count 4)[0m
[32mINFO - reader-sd resume step=5 state=NeedIndex resumed=false retained_window=false outside_step_us=653345 outside_step_known=true previous_step_complete=true[0m
[32mINFO - epub: index chapter 4/17 (0 bytes cached text)[0m
[32mINFO - reader-sd step=5 outcome=pending state=NeedPage wall_us=1098 text_us=0 layout_us=0 visible_us=0 pause_us=0 logging_us=619 other_us=479 text_calls=0 layout_calls=0 visible_calls=0[0m
[32mINFO - stats: heap 15/158K peak 17K | stack free 67K hwm 8K | bat 100% 4.6V | up 0:00 | SD:ok[0m
[32mINFO - heap psram: used 96 B, free 2097056 B, peak 10596 B; reserved 96 / 1900544 B, peak 10608 B[0m
[32mINFO - display: partial refresh 448x24 at (8, 24) in 651 ms (partial count 5)[0m
[32mINFO - reader-sd resume step=6 state=NeedPage resumed=false retained_window=false outside_step_us=653474 outside_step_known=true previous_step_complete=true[0m
[32mINFO - cjk: lookup 1/751 glyphs, about 153042 ms left[0m
[32mINFO - cjk-sd op=stage gap_after_log_us=3321803 opens=1 reads=12 bytes=528 open_us=189463 read_us=13922 max_read_us=2037 wall_us=204871 scalars=751 lookups=1[0m
[32mINFO - reader-sd step=6 outcome=slice state=NeedPage wall_us=397163 text_us=141488 layout_us=254252 visible_us=0 pause_us=133 logging_us=1031 other_us=259 text_calls=1 layout_calls=1 visible_calls=0[0m
[32mINFO - stats: heap 35/158K peak 41K | stack free 67K hwm 10K | bat 100% 4.6V | up 0:00 | SD:ok[0m
[32mINFO - heap psram: used 96 B, free 2097056 B, peak 10596 B; reserved 96 / 1900544 B, peak 10608 B[0m
[32mINFO - display: partial refresh 448x24 at (8, 24) in 651 ms (partial count 6)[0m
[32mINFO - reader-sd resume step=7 state=NeedPage resumed=true retained_window=true outside_step_us=654643 outside_step_known=true previous_step_complete=true[0m
[32mINFO - cjk-sd op=stage gap_after_log_us=668937 opens=1 reads=68 bytes=10208 open_us=120 read_us=59211 max_read_us=2013 wall_us=60627 scalars=751 lookups=41[0m
[32mINFO - reader-sd step=7 outcome=slice state=NeedPage wall_us=75174 text_us=56 layout_us=73429 visible_us=0 pause_us=389 logging_us=1052 other_us=248 text_calls=1 layout_calls=1 visible_calls=0[0m
[32mINFO - reader-sd resume step=8 state=NeedPage resumed=true retained_window=true outside_step_us=153 outside_step_known=true previous_step_complete=true[0m
[32mINFO - cjk-sd op=stage gap_after_log_us=14573 opens=1 reads=75 bytes=10274 open_us=39 read_us=62936 max_read_us=2994 wall_us=64092 scalars=751 lookups=41[0m
[32mINFO - reader-sd step=8 outcome=slice state=NeedPage wall_us=78646 text_us=44 layout_us=76720 visible_us=0 pause_us=614 logging_us=1124 other_us=144 text_calls=1 layout_calls=1 visible_calls=0[0m
[32mINFO - reader-sd resume step=9 state=NeedPage resumed=true retained_window=true outside_step_us=127 outside_step_known=true previous_step_complete=true[0m
[32mINFO - cjk-sd op=stage gap_after_log_us=14736 opens=1 reads=72 bytes=11726 open_us=58 read_us=61338 max_read_us=3795 wall_us=62631 scalars=751 lookups=46[0m
[32mINFO - reader-sd step=9 outcome=slice state=NeedPage wall_us=76996 text_us=32 layout_us=75279 visible_us=0 pause_us=208 logging_us=1315 other_us=162 text_calls=1 layout_calls=1 visible_calls=0[0m
[32mINFO - reader-sd resume step=10 state=NeedPage resumed=true retained_window=true outside_step_us=119 outside_step_known=true previous_step_complete=true[0m
[32mINFO - cjk-sd op=stage gap_after_log_us=14407 opens=1 reads=69 bytes=8536 open_us=38 read_us=60507 max_read_us=1992 wall_us=61545 scalars=751 lookups=33[0m
[32mINFO - reader-sd step=10 outcome=slice state=NeedPage wall_us=76209 text_us=32 layout_us=74149 visible_us=0 pause_us=604 logging_us=1291 other_us=133 text_calls=1 layout_calls=1 visible_calls=0[0m
[32mINFO - reader-sd resume step=11 state=NeedPage resumed=true retained_window=true outside_step_us=131 outside_step_known=true previous_step_complete=true[0m
[32mINFO - cjk-sd op=stage gap_after_log_us=14871 opens=1 reads=64 bytes=7546 open_us=55 read_us=59528 max_read_us=1978 wall_us=60591 scalars=751 lookups=30[0m
[32mINFO - reader-sd step=11 outcome=slice state=NeedPage wall_us=74962 text_us=24 layout_us=73247 visible_us=0 pause_us=204 logging_us=1325 other_us=162 text_calls=1 layout_calls=1 visible_calls=0[0m
[32mINFO - reader-sd resume step=12 state=NeedPage resumed=true retained_window=true outside_step_us=111 outside_step_known=true previous_step_complete=true[0m
[32mINFO - cjk-sd op=stage gap_after_log_us=14263 opens=1 reads=59 bytes=9020 open_us=37 read_us=59520 max_read_us=1987 wall_us=60553 scalars=751 lookups=37[0m
[32mINFO - reader-sd step=12 outcome=slice state=NeedPage wall_us=74895 text_us=24 layout_us=73209 visible_us=0 pause_us=596 logging_us=931 other_us=135 text_calls=1 layout_calls=1 visible_calls=0[0m
[32mINFO - reader-sd resume step=13 state=NeedPage resumed=true retained_window=true outside_step_us=134 outside_step_known=true previous_step_complete=true[0m
[32mINFO - cjk-sd op=stage gap_after_log_us=14750 opens=1 reads=66 bytes=8822 open_us=55 read_us=60644 max_read_us=3765 wall_us=61801 scalars=751 lookups=35[0m
[32mINFO - reader-sd step=13 outcome=slice state=NeedPage wall_us=75859 text_us=32 layout_us=74495 visible_us=0 pause_us=200 logging_us=970 other_us=162 text_calls=1 layout_calls=1 visible_calls=0[0m
[32mINFO - reader-sd resume step=14 state=NeedPage resumed=true retained_window=true outside_step_us=119 outside_step_known=true previous_step_complete=true[0m
[32mINFO - cjk-sd op=stage gap_after_log_us=14282 opens=1 reads=69 bytes=9966 open_us=38 read_us=61789 max_read_us=2945 wall_us=62883 scalars=751 lookups=41[0m
[32mINFO - reader-sd step=14 outcome=slice state=NeedPage wall_us=77457 text_us=32 layout_us=75559 visible_us=0 pause_us=599 logging_us=1133 other_us=134 text_calls=1 layout_calls=1 visible_calls=0[0m
[32mINFO - reader-sd resume step=15 state=NeedPage resumed=true retained_window=true outside_step_us=127 outside_step_known=true previous_step_complete=true[0m
[32mINFO - cjk-sd op=stage gap_after_log_us=14661 opens=1 reads=57 bytes=7986 open_us=58 read_us=59617 max_read_us=2036 wall_us=60692 scalars=751 lookups=30[0m
[32mINFO - reader-sd step=15 outcome=slice state=NeedPage wall_us=74936 text_us=24 layout_us=73394 visible_us=0 pause_us=204 logging_us=1151 other_us=163 text_calls=1 layout_calls=1 visible_calls=0[0m
[32mINFO - reader-sd resume step=16 state=NeedPage resumed=true retained_window=true outside_step_us=123 outside_step_known=true previous_step_complete=true[0m
[32mINFO - cjk-sd op=stage gap_after_log_us=14484 opens=1 reads=71 bytes=8514 open_us=34 read_us=61682 max_read_us=2009 wall_us=62742 scalars=751 lookups=32[0m
[32mINFO - reader-sd step=16 outcome=slice state=NeedPage wall_us=77505 text_us=24 layout_us=75430 visible_us=0 pause_us=600 logging_us=1318 other_us=133 text_calls=1 layout_calls=1 visible_calls=0[0m
[32mINFO - reader-sd resume step=17 state=NeedPage resumed=true retained_window=true outside_step_us=127 outside_step_known=true previous_step_complete=true[0m
[32mINFO - cjk-sd op=stage gap_after_log_us=14659 opens=1 reads=75 bytes=8800 open_us=63 read_us=59566 max_read_us=3888 wall_us=60758 scalars=751 lookups=33[0m
[32mINFO - reader-sd step=17 outcome=slice state=NeedPage wall_us=74936 text_us=32 layout_us=73451 visible_us=0 pause_us=200 logging_us=1089 other_us=164 text_calls=1 layout_calls=1 visible_calls=0[0m
[32mINFO - reader-sd resume step=18 state=NeedPage resumed=true retained_window=true outside_step_us=123 outside_step_known=true previous_step_complete=true[0m
[32mINFO - cjk-sd op=stage gap_after_log_us=14492 opens=1 reads=68 bytes=7260 open_us=34 read_us=59581 max_read_us=2018 wall_us=60584 scalars=751 lookups=26[0m
[32mINFO - reader-sd step=18 outcome=slice state=NeedPage wall_us=75351 text_us=32 layout_us=73262 visible_us=0 pause_us=612 logging_us=1311 other_us=134 text_calls=1 layout_calls=1 visible_calls=0[0m
[32mINFO - reader-sd resume step=19 state=NeedPage resumed=true retained_window=true outside_step_us=127 outside_step_known=true previous_step_complete=true[0m
[32mINFO - cjk-sd op=stage gap_after_log_us=14740 opens=1 reads=72 bytes=9394 open_us=59 read_us=59701 max_read_us=2014 wall_us=60923 scalars=751 lookups=38[0m
[32mINFO - reader-sd step=19 outcome=slice state=NeedPage wall_us=75182 text_us=24 layout_us=73625 visible_us=0 pause_us=200 logging_us=1171 other_us=162 text_calls=1 layout_calls=1 visible_calls=0[0m
[32mINFO - reader-sd resume step=20 state=NeedPage resumed=true retained_window=true outside_step_us=122 outside_step_known=true previous_step_complete=true[0m
[32mINFO - cjk-sd op=stage gap_after_log_us=14391 opens=1 reads=69 bytes=7810 open_us=38 read_us=60650 max_read_us=2014 wall_us=61666 scalars=751 lookups=29[0m
[32mINFO - reader-sd step=20 outcome=slice state=NeedPage wall_us=76399 text_us=24 layout_us=74351 visible_us=0 pause_us=600 logging_us=1290 other_us=134 text_calls=1 layout_calls=1 visible_calls=0[0m
[32mINFO - reader-sd resume step=21 state=NeedPage resumed=true retained_window=true outside_step_us=131 outside_step_known=true previous_step_complete=true[0m
[32mINFO - cjk-sd op=stage gap_after_log_us=14767 opens=1 reads=76 bytes=9768 open_us=51 read_us=60798 max_read_us=2005 wall_us=62043 scalars=751 lookups=37[0m
[32mINFO - reader-sd step=21 outcome=slice state=NeedPage wall_us=76275 text_us=33 layout_us=74737 visible_us=0 pause_us=204 logging_us=1140 other_us=161 text_calls=1 layout_calls=1 visible_calls=0[0m
[32mINFO - reader-sd resume step=22 state=NeedPage resumed=true retained_window=true outside_step_us=115 outside_step_known=true previous_step_complete=true[0m
[32mINFO - cjk-sd op=stage gap_after_log_us=14283 opens=1 reads=78 bytes=8536 open_us=38 read_us=67866 max_read_us=2975 wall_us=68992 scalars=751 lookups=31[0m
[32mINFO - reader-sd step=22 outcome=slice state=NeedPage wall_us=83551 text_us=33 layout_us=81668 visible_us=0 pause_us=603 logging_us=1113 other_us=134 text_calls=1 layout_calls=1 visible_calls=0[0m
[32mINFO - reader-sd resume step=23 state=NeedPage resumed=true retained_window=true outside_step_us=134 outside_step_known=true previous_step_complete=true[0m
[32mINFO - cjk-sd op=stage gap_after_log_us=14627 opens=1 reads=66 bytes=10120 open_us=58 read_us=60707 max_read_us=2966 wall_us=61941 scalars=751 lookups=41[0m
[32mINFO - reader-sd step=23 outcome=slice state=NeedPage wall_us=76006 text_us=24 layout_us=74643 visible_us=0 pause_us=199 logging_us=976 other_us=164 text_calls=1 layout_calls=1 visible_calls=0[0m
[32mINFO - reader-sd resume step=24 state=NeedPage resumed=true retained_window=true outside_step_us=115 outside_step_known=true previous_step_complete=true[0m
[32mINFO - cjk-sd op=stage gap_after_log_us=14276 opens=1 reads=69 bytes=8580 open_us=34 read_us=63300 max_read_us=3800 wall_us=64408 scalars=751 lookups=35[0m
[32mINFO - reader-sd step=24 outcome=slice state=NeedPage wall_us=79121 text_us=24 layout_us=77092 visible_us=0 pause_us=600 logging_us=1271 other_us=134 text_calls=1 layout_calls=1 visible_calls=0[0m
[32mINFO - reader-sd resume step=25 state=NeedPage resumed=true retained_window=true outside_step_us=131 outside_step_known=true previous_step_complete=true[0m
[32mINFO - cjk-sd op=stage gap_after_log_us=14867 opens=1 reads=71 bytes=8536 open_us=59 read_us=60099 max_read_us=3877 wall_us=61284 scalars=751 lookups=35[0m
[32mINFO - reader-sd step=25 outcome=slice state=NeedPage wall_us=75682 text_us=32 layout_us=73976 visible_us=0 pause_us=204 logging_us=1307 other_us=163 text_calls=1 layout_calls=1 visible_calls=0[0m
[32mINFO - reader-sd resume step=26 state=NeedPage resumed=true retained_window=true outside_step_us=115 outside_step_known=true previous_step_complete=true[0m
[32mINFO - cjk-sd op=stage gap_after_log_us=14303 opens=1 reads=71 bytes=9614 open_us=38 read_us=59893 max_read_us=2014 wall_us=61037 scalars=751 lookups=38[0m
[32mINFO - reader-sd step=26 outcome=slice state=NeedPage wall_us=75601 text_us=32 layout_us=73713 visible_us=0 pause_us=608 logging_us=1115 other_us=133 text_calls=1 layout_calls=1 visible_calls=0[0m
[32mINFO - reader-sd resume step=27 state=NeedPage resumed=true retained_window=true outside_step_us=131 outside_step_known=true previous_step_complete=true[0m
[32mINFO - cjk-sd op=stage gap_after_log_us=14908 opens=2 reads=50 bytes=5500 open_us=189291 read_us=45364 max_read_us=2971 wall_us=235892 scalars=751 lookups=20[0m
[32mINFO - reader-sd step=27 outcome=slice state=NeedPage wall_us=250217 text_us=25 layout_us=248594 visible_us=0 pause_us=232 logging_us=1196 other_us=170 text_calls=1 layout_calls=1 visible_calls=0[0m
[32mINFO - reader-sd resume step=28 state=NeedPage resumed=true retained_window=true outside_step_us=137 outside_step_known=true previous_step_complete=true[0m
[32mINFO - cjk-sd op=stage gap_after_log_us=14563 opens=1 reads=57 bytes=3784 open_us=65 read_us=61031 max_read_us=3802 wall_us=61906 scalars=751 lookups=11[0m
[32mINFO - reader-sd step=28 outcome=slice state=NeedPage wall_us=76710 text_us=46 layout_us=74661 visible_us=0 pause_us=681 logging_us=1161 other_us=161 text_calls=1 layout_calls=1 visible_calls=0[0m
[32mINFO - reader-sd resume step=29 state=NeedPage resumed=true retained_window=true outside_step_us=127 outside_step_known=true previous_step_complete=true[0m
[32mINFO - cjk-sd op=stage gap_after_log_us=14859 opens=1 reads=61 bytes=3234 open_us=56 read_us=57372 max_read_us=1985 wall_us=58243 scalars=751 lookups=10[0m
[32mINFO - cjk-sd op=bank gap_after_log_us=34 opens=1 reads=1 bytes=44 open_us=74 read_us=1086 max_read_us=1086 wall_us=1259 scalars=0 lookups=0[0m
[32mINFO - cjk-sd op=bank gap_after_log_us=63 opens=1 reads=1 bytes=44 open_us=21 read_us=1011 max_read_us=1011 wall_us=1062 scalars=0 lookups=0[0m
[32mINFO - cjk-sd op=prepare gap_after_log_us=3111 opens=1 reads=2 bytes=51 open_us=173 read_us=3717 max_read_us=2059 wall_us=5419 scalars=93 lookups=0[0m
[32mINFO - reader-sd step=29 outcome=slice state=NeedPage wall_us=85667 text_us=52 layout_us=75473 visible_us=6287 pause_us=268 logging_us=3291 other_us=296 text_calls=2 layout_calls=1 visible_calls=1[0m
[32mINFO - reader-sd resume step=30 state=NeedPage resumed=true retained_window=false outside_step_us=226 outside_step_known=true previous_step_complete=true[0m
[32mINFO - cjk-sd op=stage gap_after_log_us=156167 opens=0 reads=0 bytes=0 open_us=0 read_us=0 max_read_us=0 wall_us=267 scalars=751 lookups=0[0m
[32mINFO - cjk-sd op=prepare gap_after_log_us=2946 opens=1 reads=51 bytes=3017 open_us=164 read_us=55657 max_read_us=2887 wall_us=57192 scalars=93 lookups=0[0m
[32mINFO - reader-sd step=30 outcome=slice state=NeedPage wall_us=217691 text_us=141435 layout_us=15148 visible_us=58022 pause_us=810 logging_us=1969 other_us=307 text_calls=2 layout_calls=1 visible_calls=1[0m
[32mINFO - reader-sd resume step=31 state=NeedPage resumed=true retained_window=false outside_step_us=200 outside_step_known=true previous_step_complete=true[0m
[32mINFO - cjk-sd op=stage gap_after_log_us=156926 opens=0 reads=0 bytes=0 open_us=0 read_us=0 max_read_us=0 wall_us=249 scalars=751 lookups=0[0m
[32mINFO - cjk-sd op=prepare gap_after_log_us=2926 opens=1 reads=40 bytes=2522 open_us=189 read_us=55595 max_read_us=2883 wall_us=57263 scalars=93 lookups=0[0m
[32mINFO - reader-sd step=31 outcome=slice state=NeedPage wall_us=217514 text_us=141539 layout_us=15097 visible_us=58067 pause_us=458 logging_us=2088 other_us=265 text_calls=2 layout_calls=1 visible_calls=1[0m
[32mINFO - reader-sd resume step=32 state=NeedPage resumed=true retained_window=false outside_step_us=187 outside_step_known=true previous_step_complete=true[0m
[32mINFO - cjk-sd op=stage gap_after_log_us=156008 opens=0 reads=0 bytes=0 open_us=0 read_us=0 max_read_us=0 wall_us=244 scalars=751 lookups=0[0m
[32mINFO - cjk-sd op=prepare gap_after_log_us=2917 opens=2 reads=8 bytes=548 open_us=202 read_us=15307 max_read_us=2886 wall_us=16826 scalars=96 lookups=0[0m
[32mINFO - reader-sd step=32 outcome=ready state=Ready wall_us=176079 text_us=141188 layout_us=15052 visible_us=17653 pause_us=0 logging_us=1858 other_us=328 text_calls=2 layout_calls=1 visible_calls=1[0m
[32mINFO - stats: heap 41/158K peak 42K | stack free 67K hwm 10K | bat 100% 4.6V | up 0:00 | SD:ok[0m
[32mINFO - heap psram: used 6016 B, free 2091136 B, peak 10596 B; reserved 6032 / 1900544 B, peak 10608 B[0m
[32mINFO - display: partial refresh 480x794 at (0, 6) in 818 ms (partial count 7)[0m
[32mINFO - stats: heap 41/158K peak 42K | stack free 67K hwm 10K | bat 100% 4.6V | up 0:00 | SD:ok[0m
[32mINFO - heap psram: used 6016 B, free 2091136 B, peak 10596 B; reserved 6032 / 1900544 B, peak 10608 B[0m
[32mINFO - stats: heap 41/158K peak 42K | stack free 67K hwm 10K | bat 100% 4.6V | up 0:00 | SD:ok[0m
[32mINFO - heap psram: used 6016 B, free 2091136 B, peak 10596 B; reserved 6032 / 1900544 B, peak 10608 B[0m
[32mINFO - stats: heap 41/158K peak 42K | stack free 67K hwm 10K | bat 100% 4.6V | up 0:00 | SD:ok[0m
[32mINFO - heap psram: used 6016 B, free 2091136 B, peak 10596 B; reserved 6032 / 1900544 B, peak 10608 B[0m
[32mINFO - battery: cell 4150 mV, 96% (periodic)[0m
[32mINFO - stats: heap 41/158K peak 42K | stack free 67K hwm 10K | bat 96% 4.1V | up 0:00 | SD:ok[0m
[32mINFO - heap psram: used 6016 B, free 2091136 B, peak 10596 B; reserved 6032 / 1900544 B, peak 10608 B[0m
[32mINFO - stats: heap 41/158K peak 42K | stack free 67K hwm 10K | bat 96% 4.1V | up 0:00 | SD:ok[0m
[32mINFO - heap psram: used 6016 B, free 2091136 B, peak 10596 B; reserved 6032 / 1900544 B, peak 10608 B[0m
[32mINFO - stats: heap 41/158K peak 42K | stack free 67K hwm 10K | bat 96% 4.1V | up 0:00 | SD:ok[0m
[32mINFO - heap psram: used 6016 B, free 2091136 B, peak 10596 B; reserved 6032 / 1900544 B, peak 10608 B[0m
[32mINFO - stats: heap 41/158K peak 42K | stack free 67K hwm 10K | bat 96% 4.1V | up 0:00 | SD:ok[0m
[32mINFO - heap psram: used 6016 B, free 2091136 B, peak 10596 B; reserved 6032 / 1900544 B, peak 10608 B[0m
[32mINFO - stats: heap 41/158K peak 42K | stack free 67K hwm 10K | bat 96% 4.1V | up 0:00 | SD:ok[0m
[32mINFO - heap psram: used 6016 B, free 2091136 B, peak 10596 B; reserved 6032 / 1900544 B, peak 10608 B[0m
[32mINFO - stats: heap 41/158K peak 42K | stack free 67K hwm 10K | bat 96% 4.1V | up 0:00 | SD:ok[0m
[32mINFO - heap psram: used 6016 B, free 2091136 B, peak 10596 B; reserved 6032 / 1900544 B, peak 10608 B[0m
[32mINFO - battery: cell 4136 mV, 95% (periodic)[0m
[32mINFO - stats: heap 41/158K peak 42K | stack free 67K hwm 10K | bat 95% 4.1V | up 0:01 | SD:ok[0m
[32mINFO - heap psram: used 6016 B, free 2091136 B, peak 10596 B; reserved 6032 / 1900544 B, peak 10608 B[0m
[32mINFO - stats: heap 41/158K peak 42K | stack free 67K hwm 10K | bat 95% 4.1V | up 0:01 | SD:ok[0m
[32mINFO - heap psram: used 6016 B, free 2091136 B, peak 10596 B; reserved 6032 / 1900544 B, peak 10608 B[0m
[32mINFO - stats: heap 41/158K peak 42K | stack free 67K hwm 10K | bat 95% 4.1V | up 0:01 | SD:ok[0m
[32mINFO - heap psram: used 6016 B, free 2091136 B, peak 10596 B; reserved 6032 / 1900544 B, peak 10608 B[0m
[32mINFO - stats: heap 41/158K peak 42K | stack free 67K hwm 10K | bat 95% 4.1V | up 0:01 | SD:ok[0m
[32mINFO - heap psram: used 6016 B, free 2091136 B, peak 10596 B; reserved 6032 / 1900544 B, peak 10608 B[0m
[32mINFO - stats: heap 41/158K peak 42K | stack free 67K hwm 10K | bat 95% 4.1V | up 0:01 | SD:ok[0m
[32mINFO - heap psram: used 6016 B, free 2091136 B, peak 10596 B; reserved 6032 / 1900544 B, peak 10608 B[0m
[32mINFO - stats: heap 41/158K peak 42K | stack free 67K hwm 10K | bat 95% 4.1V | up 0:01 | SD:ok[0m
[32mINFO - heap psram: used 6016 B, free 2091136 B, peak 10596 B; reserved 6032 / 1900544 B, peak 10608 B[0m
[32mINFO - battery: cell 4122 mV, 94% (periodic)[0m
[32mINFO - stats: heap 41/158K peak 42K | stack free 67K hwm 10K | bat 94% 4.1V | up 0:01 | SD:ok[0m
[32mINFO - heap psram: used 6016 B, free 2091136 B, peak 10596 B; reserved 6032 / 1900544 B, peak 10608 B[0m
[32mINFO - stats: heap 41/158K peak 42K | stack free 67K hwm 10K | bat 94% 4.1V | up 0:01 | SD:ok[0m
[32mINFO - heap psram: used 6016 B, free 2091136 B, peak 10596 B; reserved 6032 / 1900544 B, peak 10608 B[0m
[32mINFO - stats: heap 41/158K peak 42K | stack free 67K hwm 10K | bat 94% 4.1V | up 0:01 | SD:ok[0m
[32mINFO - heap psram: used 6016 B, free 2091136 B, peak 10596 B; reserved 6032 / 1900544 B, peak 10608 B[0m
[32mINFO - stats: heap 41/158K peak 42K | stack free 67K hwm 10K | bat 94% 4.1V | up 0:01 | SD:ok[0m
[32mINFO - heap psram: used 6016 B, free 2091136 B, peak 10596 B; reserved 6032 / 1900544 B, peak 10608 B[0m
[32mINFO - stats: heap 41/158K peak 42K | stack free 67K hwm 10K | bat 94% 4.1V | up 0:01 | SD:ok[0m
[32mINFO - heap psram: used 6016 B, free 2091136 B, peak 10596 B; reserved 6032 / 1900544 B, peak 10608 B[0m
[32mINFO - stats: heap 41/158K peak 42K | stack free 67K hwm 10K | bat 94% 4.1V | up 0:01 | SD:ok[0m
[32mINFO - heap psram: used 6016 B, free 2091136 B, peak 10596 B; reserved 6032 / 1900544 B, peak 10608 B[0m
[32mINFO - battery: cell 4096 mV, 92% (periodic)[0m
[32mINFO - stats: heap 41/158K peak 42K | stack free 67K hwm 10K | bat 92% 4.0V | up 0:02 | SD:ok[0m
[32mINFO - heap psram: used 6016 B, free 2091136 B, peak 10596 B; reserved 6032 / 1900544 B, peak 10608 B[0m
[32mINFO - stats: heap 41/158K peak 42K | stack free 67K hwm 10K | bat 92% 4.0V | up 0:02 | SD:ok[0m
[32mINFO - heap psram: used 6016 B, free 2091136 B, peak 10596 B; reserved 6032 / 1900544 B, peak 10608 B[0m
[32mINFO - stats: heap 41/158K peak 42K | stack free 67K hwm 10K | bat 92% 4.0V | up 0:02 | SD:ok[0m
[32mINFO - heap psram: used 6016 B, free 2091136 B, peak 10596 B; reserved 6032 / 1900544 B, peak 10608 B[0m
[32mINFO - stats: heap 41/158K peak 42K | stack free 67K hwm 10K | bat 92% 4.0V | up 0:02 | SD:ok[0m
[32mINFO - heap psram: used 6016 B, free 2091136 B, peak 10596 B; reserved 6032 / 1900544 B, peak 10608 B[0m
[32mINFO - stats: heap 41/158K peak 42K | stack free 67K hwm 10K | bat 92% 4.0V | up 0:02 | SD:ok[0m
[32mINFO - heap psram: used 6016 B, free 2091136 B, peak 10596 B; reserved 6032 / 1900544 B, peak 10608 B[0m
[32mINFO - stats: heap 41/158K peak 42K | stack free 67K hwm 10K | bat 92% 4.0V | up 0:02 | SD:ok[0m
[32mINFO - heap psram: used 6016 B, free 2091136 B, peak 10596 B; reserved 6032 / 1900544 B, peak 10608 B[0m
[32mINFO - battery: cell 4104 mV, 93% (periodic)[0m
[32mINFO - stats: heap 41/158K peak 42K | stack free 67K hwm 10K | bat 93% 4.1V | up 0:02 | SD:ok[0m
[32mINFO - heap psram: used 6016 B, free 2091136 B, peak 10596 B; reserved 6032 / 1900544 B, peak 10608 B[0m
[32mINFO - stats: heap 41/158K peak 42K | stack free 67K hwm 10K | bat 93% 4.1V | up 0:02 | SD:ok[0m
[32mINFO - heap psram: used 6016 B, free 2091136 B, peak 10596 B; reserved 6032 / 1900544 B, peak 10608 B[0m
[32mINFO - stats: heap 41/158K peak 42K | stack free 67K hwm 10K | bat 93% 4.1V | up 0:02 | SD:ok[0m
[32mINFO - heap psram: used 6016 B, free 2091136 B, peak 10596 B; reserved 6032 / 1900544 B, peak 10608 B[0m
[32mINFO - stats: heap 41/158K peak 42K | stack free 67K hwm 10K | bat 93% 4.1V | up 0:02 | SD:ok[0m
[32mINFO - heap psram: used 6016 B, free 2091136 B, peak 10596 B; reserved 6032 / 1900544 B, peak 10608 B[0m
[32mINFO - stats: heap 41/158K peak 42K | stack free 67K hwm 10K | bat 93% 4.1V | up 0:02 | SD:ok[0m
[32mINFO - heap psram: used 6016 B, free 2091136 B, peak 10596 B; reserved 6032 / 1900544 B, peak 10608 B[0m
[32mINFO - stats: heap 41/158K peak 42K | stack free 67K hwm 10K | bat 93% 4.1V | up 0:02 | SD:ok[0m
[32mINFO - heap psram: used 6016 B, free 2091136 B, peak 10596 B; reserved 6032 / 1900544 B, peak 10608 B[0m
[32mINFO - app: Reader -> Files[0m
[32mINFO - bookmark: cached off=0 ch=3 gen=18 for "ASSEMB~1.EPU"[0m
[32mINFO - [work] reset -> gen 2[0m
[32mINFO - font: size_idx=2 line_h=49 (native 31 x 160%) ascent=25 max_lines=15 margin=40[0m
[32mINFO - font: size_idx=2 line_h=49 (native 31 x 160%) ascent=25 max_lines=15 margin=40[0m
[32mINFO - stats: heap 1/158K peak 42K | stack free 67K hwm 13K | bat 93% 4.1V | up 0:02 | SD:ok[0m
[32mINFO - heap psram: used 0 B, free 2097152 B, peak 10596 B; reserved 0 / 1900544 B, peak 10608 B[0m
[32mINFO - cjk-sd op=stage gap_after_log_us=166041383 opens=1 reads=25 bytes=2090 open_us=189735 read_us=31872 max_read_us=2081 wall_us=222292 scalars=3 lookups=3[0m
[32mINFO - cjk-sd op=prepare gap_after_log_us=161 opens=1 reads=4 bytes=360 open_us=141 read_us=8284 max_read_us=2879 wall_us=9242 scalars=3 lookups=0[0m
[32mINFO - display: partial refresh 480x800 at (0, 0) in 795 ms (partial count 8)[0m
[32mINFO - titles: scan complete[0m
[32mINFO - battery: cell 4066 mV, 90% (periodic)[0m
[32mINFO - stats: heap 2/158K peak 42K | stack free 67K hwm 17K | bat 90% 4.0V | up 0:03 | SD:ok[0m
[32mINFO - heap psram: used 316 B, free 2096836 B, peak 10596 B; reserved 320 / 1900544 B, peak 10608 B[0m
[32mINFO - stats: heap 2/158K peak 42K | stack free 67K hwm 17K | bat 90% 4.0V | up 0:03 | SD:ok[0m
[32mINFO - heap psram: used 316 B, free 2096836 B, peak 10596 B; reserved 320 / 1900544 B, peak 10608 B[0m
[32mINFO - display: partial refresh 448x167 at (16, 8) in 673 ms (partial count 9)[0m
[32mINFO - stats: heap 2/158K peak 42K | stack free 67K hwm 17K | bat 90% 4.0V | up 0:03 | SD:ok[0m
[32mINFO - heap psram: used 316 B, free 2096836 B, peak 10596 B; reserved 320 / 1900544 B, peak 10608 B[0m
[32mINFO - display: partial refresh 448x223 at (16, 8) in 683 ms (partial count 10)[0m
[32mINFO - stats: heap 2/158K peak 42K | stack free 67K hwm 17K | bat 90% 4.0V | up 0:03 | SD:ok[0m
[32mINFO - heap psram: used 316 B, free 2096836 B, peak 10596 B; reserved 320 / 1900544 B, peak 10608 B[0m
[32mINFO - display: partial refresh 448x279 at (16, 8) in 693 ms (partial count 11)[0m
[32mINFO - stats: heap 2/158K peak 42K | stack free 67K hwm 17K | bat 90% 4.0V | up 0:03 | SD:ok[0m
[32mINFO - heap psram: used 316 B, free 2096836 B, peak 10596 B; reserved 320 / 1900544 B, peak 10608 B[0m
[32mINFO - stats: heap 2/158K peak 42K | stack free 67K hwm 17K | bat 90% 4.0V | up 0:03 | SD:ok[0m
[32mINFO - heap psram: used 316 B, free 2096836 B, peak 10596 B; reserved 320 / 1900544 B, peak 10608 B[0m
[32mINFO - display: partial refresh 448x335 at (16, 8) in 704 ms (partial count 12)[0m
[32mINFO - stats: heap 2/158K peak 42K | stack free 67K hwm 17K | bat 90% 4.0V | up 0:03 | SD:ok[0m
[32mINFO - heap psram: used 316 B, free 2096836 B, peak 10596 B; reserved 320 / 1900544 B, peak 10608 B[0m
[32mINFO - display: partial refresh 448x391 at (16, 8) in 715 ms (partial count 13)[0m
[32mINFO - stats: heap 2/158K peak 42K | stack free 67K hwm 17K | bat 90% 4.0V | up 0:03 | SD:ok[0m
[32mINFO - heap psram: used 316 B, free 2096836 B, peak 10596 B; reserved 320 / 1900544 B, peak 10608 B[0m
[32mINFO - display: partial refresh 448x447 at (16, 8) in 724 ms (partial count 14)[0m
[32mINFO - app: Files -> Reader[0m
[32mINFO - font: size_idx=2 line_h=49 (native 31 x 160%) ascent=25 max_lines=15 margin=40[0m
[32mINFO - font: size_idx=2 line_h=49 (native 31 x 160%) ascent=25 max_lines=15 margin=40[0m
[32mINFO - [work] reset -> gen 3[0m
[32mINFO - font: size_idx=2 line_h=49 (native 31 x 160%) ascent=25 max_lines=15 margin=40[0m
[32mINFO - reader: opening ZH2.TXT[0m
[32mINFO - reader-sd resume step=33 state=NeedBookmark resumed=false retained_window=false outside_step_us=177251225 outside_step_known=true previous_step_complete=true[0m
[32mINFO - bookmark: restoring off=759 ch=0 for ZH2.TXT[0m
[32mINFO - reader: opened ZH2.TXT (1189 bytes)[0m
[32mINFO - cjk: lookup 1/247 glyphs, about 50372 ms left[0m
[32mINFO - cjk-sd op=stage gap_after_log_us=11189183 opens=1 reads=12 bytes=528 open_us=190130 read_us=14015 max_read_us=2059 wall_us=205416 scalars=247 lookups=1[0m
[32mINFO - reader-sd step=33 outcome=slice state=NeedPage wall_us=417634 text_us=66203 layout_us=211848 visible_us=0 pause_us=159 logging_us=903 other_us=138521 text_calls=1 layout_calls=1 visible_calls=0[0m
[32mINFO - stats: heap 10/158K peak 42K | stack free 67K hwm 17K | bat 90% 4.0V | up 0:03 | SD:ok[0m
[32mINFO - heap psram: used 0 B, free 2097152 B, peak 10596 B; reserved 0 / 1900544 B, peak 10608 B[0m
[32mINFO - cjk-sd op=stage gap_after_log_us=3000 opens=0 reads=0 bytes=0 open_us=0 read_us=0 max_read_us=0 wall_us=4 scalars=0 lookups=0[0m
[32mINFO - cjk-sd op=prepare gap_after_log_us=44 opens=0 reads=0 bytes=0 open_us=0 read_us=0 max_read_us=0 wall_us=68 scalars=0 lookups=0[0m
[32mINFO - reader-sd resume step=34 state=NeedPage resumed=true retained_window=true outside_step_us=3897438 outside_step_known=true previous_step_complete=true[0m
[32mINFO - cjk-sd op=stage gap_after_log_us=3896805 opens=1 reads=63 bytes=7260 open_us=120 read_us=60290 max_read_us=2075 wall_us=61438 scalars=247 lookups=27[0m
[32mINFO - reader-sd step=34 outcome=slice state=NeedPage wall_us=64972 text_us=62 layout_us=63333 visible_us=0 pause_us=203 logging_us=1140 other_us=234 text_calls=1 layout_calls=1 visible_calls=0[0m
[32mINFO - bookmarks: flushed 6 slots to SD[0m
[32mINFO - stats: heap 10/158K peak 42K | stack free 67K hwm 17K | bat 90% 4.0V | up 0:03 | SD:ok[0m
[32mINFO - heap psram: used 0 B, free 2097152 B, peak 10596 B; reserved 0 / 1900544 B, peak 10608 B[0m
[32mINFO - reader-sd resume step=35 state=NeedPage resumed=true retained_window=true outside_step_us=139637 outside_step_known=true previous_step_complete=true[0m
[32mINFO - cjk: lookup 55/247 glyphs, about 435 ms left[0m
[32mINFO - cjk-sd op=stage gap_after_log_us=143084 opens=1 reads=66 bytes=7216 open_us=99 read_us=60290 max_read_us=2022 wall_us=61699 scalars=247 lookups=27[0m
[32mINFO - reader-sd step=35 outcome=slice state=NeedPage wall_us=65798 text_us=101 layout_us=63603 visible_us=0 pause_us=803 logging_us=1084 other_us=207 text_calls=1 layout_calls=1 visible_calls=0[0m
[32mINFO - reader-sd resume step=36 state=NeedPage resumed=true retained_window=true outside_step_us=243 outside_step_known=true previous_step_complete=true[0m
[32mINFO - cjk-sd op=stage gap_after_log_us=4209 opens=1 reads=69 bytes=6556 open_us=75 read_us=60658 max_read_us=1965 wall_us=61635 scalars=247 lookups=24[0m
[32mINFO - reader-sd step=36 outcome=slice state=NeedPage wall_us=65133 text_us=28 layout_us=63441 visible_us=0 pause_us=378 logging_us=1125 other_us=161 text_calls=1 layout_calls=1 visible_calls=0[0m
[32mINFO - reader-sd resume step=37 state=NeedPage resumed=true retained_window=true outside_step_us=138 outside_step_known=true previous_step_complete=true[0m
[32mINFO - cjk-sd op=stage gap_after_log_us=3640 opens=1 reads=66 bytes=7546 open_us=41 read_us=59272 max_read_us=3772 wall_us=60195 scalars=247 lookups=29[0m
[32mINFO - reader-sd step=37 outcome=slice state=NeedPage wall_us=64076 text_us=32 layout_us=62005 visible_us=0 pause_us=616 logging_us=1282 other_us=141 text_calls=1 layout_calls=1 visible_calls=0[0m
[32mINFO - reader-sd resume step=38 state=NeedPage resumed=true retained_window=true outside_step_us=142 outside_step_known=true previous_step_complete=true[0m
[32mINFO - cjk-sd op=stage gap_after_log_us=4061 opens=1 reads=67 bytes=6336 open_us=60 read_us=59677 max_read_us=2068 wall_us=60607 scalars=247 lookups=26[0m
[32mINFO - reader-sd step=38 outcome=slice state=NeedPage wall_us=64059 text_us=28 layout_us=62401 visible_us=0 pause_us=175 logging_us=1300 other_us=155 text_calls=1 layout_calls=1 visible_calls=0[0m
[32mINFO - reader-sd resume step=39 state=NeedPage resumed=true retained_window=true outside_step_us=131 outside_step_known=true previous_step_complete=true[0m
[32mINFO - cjk-sd op=stage gap_after_log_us=3564 opens=1 reads=67 bytes=5368 open_us=42 read_us=65212 max_read_us=2018 wall_us=66016 scalars=247 lookups=18[0m
[32mINFO - reader-sd step=39 outcome=slice state=NeedPage wall_us=69725 text_us=31 layout_us=67822 visible_us=0 pause_us=620 logging_us=1112 other_us=140 text_calls=1 layout_calls=1 visible_calls=0[0m
[32mINFO - reader-sd resume step=40 state=NeedPage resumed=true retained_window=true outside_step_us=135 outside_step_known=true previous_step_complete=true[0m
[32mINFO - cjk-sd op=stage gap_after_log_us=3876 opens=1 reads=65 bytes=4906 open_us=62 read_us=60777 max_read_us=2022 wall_us=61619 scalars=247 lookups=17[0m
[32mINFO - reader-sd step=40 outcome=slice state=NeedPage wall_us=64724 text_us=27 layout_us=63415 visible_us=0 pause_us=175 logging_us=952 other_us=155 text_calls=1 layout_calls=1 visible_calls=0[0m
[32mINFO - reader-sd resume step=41 state=NeedPage resumed=true retained_window=true outside_step_us=123 outside_step_known=true previous_step_complete=true[0m
[32mINFO - cjk-sd op=stage gap_after_log_us=3470 opens=1 reads=68 bytes=5962 open_us=42 read_us=63915 max_read_us=2023 wall_us=64757 scalars=247 lookups=21[0m
[32mINFO - reader-sd step=41 outcome=slice state=NeedPage wall_us=68541 text_us=31 layout_us=66565 visible_us=0 pause_us=620 logging_us=1187 other_us=138 text_calls=1 layout_calls=1 visible_calls=0[0m
[32mINFO - reader-sd resume step=42 state=NeedPage resumed=true retained_window=true outside_step_us=134 outside_step_known=true previous_step_complete=true[0m
[32mINFO - cjk-sd op=stage gap_after_log_us=3765 opens=1 reads=69 bytes=6050 open_us=50 read_us=60464 max_read_us=1963 wall_us=61429 scalars=247 lookups=22[0m
[32mINFO - reader-sd step=42 outcome=slice state=NeedPage wall_us=64764 text_us=28 layout_us=63226 visible_us=0 pause_us=167 logging_us=1193 other_us=150 text_calls=1 layout_calls=1 visible_calls=0[0m
[32mINFO - reader-sd resume step=43 state=NeedPage resumed=true retained_window=true outside_step_us=127 outside_step_known=true previous_step_complete=true[0m
[32mINFO - cjk-sd op=stage gap_after_log_us=3529 opens=1 reads=67 bytes=6424 open_us=41 read_us=64431 max_read_us=3810 wall_us=65306 scalars=247 lookups=26[0m
[32mINFO - reader-sd step=43 outcome=slice state=NeedPage wall_us=68979 text_us=31 layout_us=67114 visible_us=0 pause_us=616 logging_us=1080 other_us=138 text_calls=1 layout_calls=1 visible_calls=0[0m
[32mINFO - reader-sd resume step=44 state=NeedPage resumed=true retained_window=true outside_step_us=130 outside_step_known=true previous_step_complete=true[0m
[32mINFO - cjk-sd op=stage gap_after_log_us=3844 opens=1 reads=30 bytes=2574 open_us=57 read_us=29138 max_read_us=2010 wall_us=29769 scalars=247 lookups=9[0m
[32mINFO - cjk-sd op=bank gap_after_log_us=34 opens=1 reads=1 bytes=44 open_us=72 read_us=1047 max_read_us=1047 wall_us=1229 scalars=0 lookups=0[0m
[32mINFO - cjk-sd op=stage gap_after_log_us=70604 opens=0 reads=0 bytes=0 open_us=0 read_us=0 max_read_us=0 wall_us=143 scalars=114 lookups=0[0m
[32mINFO - cjk-sd op=prepare gap_after_log_us=2634 opens=1 reads=2 bytes=50 open_us=191 read_us=3935 max_read_us=2063 wall_us=5786 scalars=114 lookups=0[0m
[32mINFO - reader-sd step=44 outcome=slice state=NeedPage wall_us=115703 text_us=66353 layout_us=38959 visible_us=6517 pause_us=276 logging_us=3187 other_us=411 text_calls=4 layout_calls=2 visible_calls=1[0m
[32mINFO - reader-sd resume step=45 state=NeedPage resumed=true retained_window=false outside_step_us=232 outside_step_known=true previous_step_complete=true[0m
[32mINFO - cjk-sd op=stage gap_after_log_us=68309 opens=0 reads=0 bytes=0 open_us=0 read_us=0 max_read_us=0 wall_us=118 scalars=114 lookups=0[0m
[32mINFO - cjk-sd op=prepare gap_after_log_us=2873 opens=1 reads=50 bytes=3035 open_us=172 read_us=55822 max_read_us=2090 wall_us=57229 scalars=114 lookups=0[0m
[32mINFO - reader-sd step=45 outcome=slice state=NeedPage wall_us=129503 text_us=65612 layout_us=3086 visible_us=57927 pause_us=801 logging_us=1782 other_us=295 text_calls=2 layout_calls=1 visible_calls=1[0m
[32mINFO - reader-sd resume step=46 state=NeedPage resumed=true retained_window=false outside_step_us=169 outside_step_known=true previous_step_complete=true[0m
[32mINFO - cjk-sd op=stage gap_after_log_us=68821 opens=0 reads=0 bytes=0 open_us=0 read_us=0 max_read_us=0 wall_us=107 scalars=114 lookups=0[0m
[32mINFO - cjk-sd op=prepare gap_after_log_us=2748 opens=1 reads=43 bytes=2719 open_us=194 read_us=55832 max_read_us=2878 wall_us=57420 scalars=114 lookups=0[0m
[32mINFO - reader-sd step=46 outcome=slice state=NeedPage wall_us=129356 text_us=65611 layout_us=2995 visible_us=58104 pause_us=440 logging_us=1962 other_us=244 text_calls=2 layout_calls=1 visible_calls=1[0m
[32mINFO - stats: heap 13/158K peak 42K | stack free 67K hwm 17K | bat 90% 4.0V | up 0:03 | SD:ok[0m
[32mINFO - heap psram: used 15156 B, free 2081996 B, peak 15156 B; reserved 15168 / 1900544 B, peak 15168 B[0m
[32mINFO - reader-sd resume step=47 state=NeedPage resumed=true retained_window=false outside_step_us=1985 outside_step_known=true previous_step_complete=true[0m
[32mINFO - cjk-sd op=stage gap_after_log_us=70223 opens=0 reads=0 bytes=0 open_us=0 read_us=0 max_read_us=0 wall_us=107 scalars=114 lookups=0[0m
[32mINFO - cjk-sd op=prepare gap_after_log_us=2825 opens=1 reads=23 bytes=1333 open_us=156 read_us=26277 max_read_us=2121 wall_us=27591 scalars=114 lookups=0[0m
[32mINFO - reader-sd step=47 outcome=ready state=Ready wall_us=99126 text_us=65405 layout_us=3000 visible_us=28288 pause_us=0 logging_us=2112 other_us=321 text_calls=2 layout_calls=1 visible_calls=1[0m
[32mINFO - stats: heap 13/158K peak 42K | stack free 67K hwm 17K | bat 90% 4.0V | up 0:03 | SD:ok[0m
[32mINFO - heap psram: used 15156 B, free 2081996 B, peak 15156 B; reserved 15168 / 1900544 B, peak 15168 B[0m
[32mINFO - display: partial refresh 480x794 at (0, 6) in 816 ms (partial count 1)[0m
[32mINFO - app: Reader -> Files[0m
[32mINFO - bookmark: cached off=759 ch=0 gen=16 for "ZH2.TXT"[0m
[32mINFO - font: size_idx=2 line_h=49 (native 31 x 160%) ascent=25 max_lines=15 margin=40[0m
[32mINFO - font: size_idx=2 line_h=49 (native 31 x 160%) ascent=25 max_lines=15 margin=40[0m
[32mINFO - stats: heap 1/158K peak 42K | stack free 67K hwm 17K | bat 90% 4.0V | up 0:03 | SD:ok[0m
[32mINFO - heap psram: used 8192 B, free 2088960 B, peak 15156 B; reserved 8192 / 1900544 B, peak 15168 B[0m
[32mINFO - cjk-sd op=stage gap_after_log_us=1981651 opens=1 reads=25 bytes=2090 open_us=166 read_us=32910 max_read_us=2227 wall_us=33764 scalars=3 lookups=3[0m
[32mINFO - cjk-sd op=prepare gap_after_log_us=156 opens=1 reads=4 bytes=360 open_us=136 read_us=8188 max_read_us=2879 wall_us=9157 scalars=3 lookups=0[0m
[32mINFO - display: partial refresh 480x800 at (0, 0) in 796 ms (partial count 2)[0m
[32mINFO - stats: heap 2/158K peak 42K | stack free 67K hwm 17K | bat 90% 4.0V | up 0:03 | SD:ok[0m
[32mINFO - heap psram: used 8508 B, free 2088644 B, peak 15156 B; reserved 8512 / 1900544 B, peak 15168 B[0m
[32mINFO - app: Files -> Reader[0m
[32mINFO - font: size_idx=2 line_h=49 (native 31 x 160%) ascent=25 max_lines=15 margin=40[0m
[32mINFO - font: size_idx=2 line_h=49 (native 31 x 160%) ascent=25 max_lines=15 margin=40[0m
[32mINFO - [work] reset -> gen 4[0m
[32mINFO - font: size_idx=2 line_h=49 (native 31 x 160%) ascent=25 max_lines=15 margin=40[0m
[32mINFO - reader: opening ZH2.TXT[0m
[32mINFO - reader-sd resume step=48 state=NeedBookmark resumed=false retained_window=false outside_step_us=7473275 outside_step_known=true previous_step_complete=true[0m
[32mINFO - bookmark: restoring off=759 ch=0 for ZH2.TXT[0m
[32mINFO - reader: opened ZH2.TXT (1189 bytes)[0m
[32mINFO - cjk: lookup 24/247 glyphs, about 562 ms left[0m
[32mINFO - cjk-sd op=stage gap_after_log_us=5659057 opens=1 reads=61 bytes=6556 open_us=152 read_us=59361 max_read_us=2041 wall_us=61006 scalars=247 lookups=24[0m
[32mINFO - reader-sd step=48 outcome=slice state=NeedPage wall_us=273421 text_us=65988 layout_us=67445 visible_us=0 pause_us=780 logging_us=1269 other_us=137939 text_calls=1 layout_calls=1 visible_calls=0[0m
[32mINFO - stats: heap 10/158K peak 42K | stack free 67K hwm 17K | bat 90% 4.0V | up 0:03 | SD:ok[0m
[32mINFO - heap psram: used 8192 B, free 2088960 B, peak 15156 B; reserved 8192 / 1900544 B, peak 15168 B[0m
[32mINFO - cjk-sd op=stage gap_after_log_us=3588 opens=0 reads=0 bytes=0 open_us=0 read_us=0 max_read_us=0 wall_us=3 scalars=0 lookups=0[0m
[32mINFO - cjk-sd op=prepare gap_after_log_us=49 opens=0 reads=0 bytes=0 open_us=0 read_us=0 max_read_us=0 wall_us=68 scalars=0 lookups=0[0m
[32mINFO - reader-sd resume step=49 state=NeedPage resumed=true retained_window=true outside_step_us=3888976 outside_step_known=true previous_step_complete=true[0m
[32mINFO - cjk-sd op=stage gap_after_log_us=3888278 opens=1 reads=67 bytes=7656 open_us=109 read_us=60134 max_read_us=2007 wall_us=61290 scalars=247 lookups=29[0m
[32mINFO - reader-sd step=49 outcome=slice state=NeedPage wall_us=65046 text_us=49 layout_us=63193 visible_us=0 pause_us=134 logging_us=1407 other_us=263 text_calls=1 layout_calls=1 visible_calls=0[0m
[32mINFO - stats: heap 10/158K peak 42K | stack free 67K hwm 17K | bat 90% 4.0V | up 0:03 | SD:ok[0m
[32mINFO - heap psram: used 8192 B, free 2088960 B, peak 15156 B; reserved 8192 / 1900544 B, peak 15168 B[0m
[32mINFO - display: partial refresh 448x24 at (8, 24) in 651 ms (partial count 1)[0m
[32mINFO - reader-sd resume step=50 state=NeedPage resumed=true retained_window=true outside_step_us=654232 outside_step_known=true previous_step_complete=true[0m
[32mINFO - cjk: lookup 75/247 glyphs, about 477 ms left[0m
[32mINFO - cjk-sd op=stage gap_after_log_us=657921 opens=1 reads=67 bytes=6072 open_us=133 read_us=60083 max_read_us=1993 wall_us=61742 scalars=247 lookups=22[0m
[32mINFO - reader-sd step=50 outcome=slice state=NeedPage wall_us=65202 text_us=61 layout_us=63627 visible_us=0 pause_us=225 logging_us=1054 other_us=235 text_calls=1 layout_calls=1 visible_calls=0[0m
[32mINFO - stats: heap 10/158K peak 42K | stack free 67K hwm 17K | bat 90% 4.0V | up 0:03 | SD:ok[0m
[32mINFO - heap psram: used 8192 B, free 2088960 B, peak 15156 B; reserved 8192 / 1900544 B, peak 15168 B[0m
[32mINFO - reader-sd resume step=51 state=NeedPage resumed=true retained_window=true outside_step_us=1878 outside_step_known=true previous_step_complete=true[0m
[32mINFO - cjk-sd op=stage gap_after_log_us=5106 opens=1 reads=63 bytes=6842 open_us=50 read_us=62761 max_read_us=3761 wall_us=63678 scalars=247 lookups=25[0m
[32mINFO - reader-sd step=51 outcome=slice state=NeedPage wall_us=67488 text_us=46 layout_us=65485 visible_us=0 pause_us=676 logging_us=1127 other_us=154 text_calls=1 layout_calls=1 visible_calls=0[0m
[32mINFO - reader-sd resume step=52 state=NeedPage resumed=true retained_window=true outside_step_us=142 outside_step_known=true previous_step_complete=true[0m
[32mINFO - cjk-sd op=stage gap_after_log_us=3996 opens=1 reads=70 bytes=7040 open_us=58 read_us=60879 max_read_us=2011 wall_us=61841 scalars=247 lookups=28[0m
[32mINFO - reader-sd step=52 outcome=slice state=NeedPage wall_us=65349 text_us=28 layout_us=63655 visible_us=0 pause_us=333 logging_us=1176 other_us=157 text_calls=1 layout_calls=1 visible_calls=0[0m
[32mINFO - reader-sd resume step=53 state=NeedPage resumed=true retained_window=true outside_step_us=151 outside_step_known=true previous_step_complete=true[0m
[32mINFO - cjk-sd op=stage gap_after_log_us=3605 opens=1 reads=61 bytes=4818 open_us=36 read_us=59320 max_read_us=2010 wall_us=60085 scalars=247 lookups=17[0m
[32mINFO - reader-sd step=53 outcome=slice state=NeedPage wall_us=63980 text_us=31 layout_us=61892 visible_us=0 pause_us=604 logging_us=1316 other_us=137 text_calls=1 layout_calls=1 visible_calls=0[0m
[32mINFO - reader-sd resume step=54 state=NeedPage resumed=true retained_window=true outside_step_us=128 outside_step_known=true previous_step_complete=true[0m
[32mINFO - cjk-sd op=stage gap_after_log_us=4024 opens=1 reads=67 bytes=5126 open_us=62 read_us=61744 max_read_us=3008 wall_us=62626 scalars=247 lookups=19[0m
[32mINFO - reader-sd step=54 outcome=slice state=NeedPage wall_us=66129 text_us=31 layout_us=64426 visible_us=0 pause_us=179 logging_us=1334 other_us=159 text_calls=1 layout_calls=1 visible_calls=0[0m
[32mINFO - reader-sd resume step=55 state=NeedPage resumed=true retained_window=true outside_step_us=131 outside_step_known=true previous_step_complete=true[0m
[32mINFO - cjk-sd op=stage gap_after_log_us=3568 opens=1 reads=70 bytes=6006 open_us=40 read_us=63488 max_read_us=2008 wall_us=64343 scalars=247 lookups=21[0m
[32mINFO - reader-sd step=55 outcome=slice state=NeedPage wall_us=68195 text_us=31 layout_us=66152 visible_us=0 pause_us=608 logging_us=1266 other_us=138 text_calls=1 layout_calls=1 visible_calls=0[0m
[32mINFO - reader-sd resume step=56 state=NeedPage resumed=true retained_window=true outside_step_us=127 outside_step_known=true previous_step_complete=true[0m
[32mINFO - cjk-sd op=stage gap_after_log_us=4042 opens=1 reads=65 bytes=5566 open_us=57 read_us=59576 max_read_us=1980 wall_us=60468 scalars=247 lookups=20[0m
[32mINFO - reader-sd step=56 outcome=slice state=NeedPage wall_us=63973 text_us=31 layout_us=62274 visible_us=0 pause_us=179 logging_us=1330 other_us=159 text_calls=1 layout_calls=1 visible_calls=0[0m
[32mINFO - reader-sd resume step=57 state=NeedPage resumed=true retained_window=true outside_step_us=134 outside_step_known=true previous_step_complete=true[0m
[32mINFO - cjk-sd op=stage gap_after_log_us=3578 opens=1 reads=63 bytes=6314 open_us=40 read_us=59488 max_read_us=3751 wall_us=60342 scalars=247 lookups=25[0m
[32mINFO - reader-sd step=57 outcome=slice state=NeedPage wall_us=64063 text_us=32 layout_us=62154 visible_us=0 pause_us=608 logging_us=1133 other_us=136 text_calls=1 layout_calls=1 visible_calls=0[0m
[32mINFO - reader-sd resume step=58 state=NeedPage resumed=true retained_window=true outside_step_us=131 outside_step_known=true previous_step_complete=true[0m
[32mINFO - cjk-sd op=stage gap_after_log_us=3840 opens=1 reads=54 bytes=4686 open_us=57 read_us=51383 max_read_us=2013 wall_us=52187 scalars=247 lookups=17[0m
[32mINFO - cjk-sd op=bank gap_after_log_us=34 opens=1 reads=1 bytes=44 open_us=73 read_us=1035 max_read_us=1035 wall_us=1217 scalars=0 lookups=0[0m
[32mINFO - cjk-sd op=stage gap_after_log_us=69316 opens=0 reads=0 bytes=0 open_us=0 read_us=0 max_read_us=0 wall_us=111 scalars=114 lookups=0[0m
[32mINFO - cjk-sd op=prepare gap_after_log_us=2425 opens=1 reads=2 bytes=50 open_us=156 read_us=3810 max_read_us=2039 wall_us=5556 scalars=114 lookups=0[0m
[32mINFO - reader-sd step=58 outcome=slice state=NeedPage wall_us=136380 text_us=65184 layout_us=61115 visible_us=6267 pause_us=279 logging_us=3211 other_us=324 text_calls=4 layout_calls=2 visible_calls=1[0m
[32mINFO - reader-sd resume step=59 state=NeedPage resumed=true retained_window=false outside_step_us=217 outside_step_known=true previous_step_complete=true[0m
[32mINFO - cjk-sd op=stage gap_after_log_us=68314 opens=0 reads=0 bytes=0 open_us=0 read_us=0 max_read_us=0 wall_us=132 scalars=114 lookups=0[0m
[32mINFO - cjk-sd op=prepare gap_after_log_us=2829 opens=1 reads=50 bytes=3035 open_us=161 read_us=55768 max_read_us=2046 wall_us=57182 scalars=114 lookups=0[0m
[32mINFO - reader-sd step=59 outcome=slice state=NeedPage wall_us=129529 text_us=65323 layout_us=3071 visible_us=57879 pause_us=841 logging_us=2129 other_us=286 text_calls=2 layout_calls=1 visible_calls=1[0m
[32mINFO - reader-sd resume step=60 state=NeedPage resumed=true retained_window=false outside_step_us=193 outside_step_known=true previous_step_complete=true[0m
[32mINFO - cjk-sd op=stage gap_after_log_us=68701 opens=0 reads=0 bytes=0 open_us=0 read_us=0 max_read_us=0 wall_us=107 scalars=114 lookups=0[0m
[32mINFO - cjk-sd op=prepare gap_after_log_us=2777 opens=1 reads=43 bytes=2719 open_us=174 read_us=55791 max_read_us=2884 wall_us=57372 scalars=114 lookups=0[0m
[32mINFO - reader-sd step=60 outcome=slice state=NeedPage wall_us=128654 text_us=65484 layout_us=2986 visible_us=58053 pause_us=241 logging_us=1642 other_us=248 text_calls=2 layout_calls=1 visible_calls=1[0m
[32mINFO - reader-sd resume step=61 state=NeedPage resumed=true retained_window=false outside_step_us=186 outside_step_known=true previous_step_complete=true[0m
[32mINFO - cjk-sd op=stage gap_after_log_us=67852 opens=0 reads=0 bytes=0 open_us=0 read_us=0 max_read_us=0 wall_us=105 scalars=114 lookups=0[0m
[32mINFO - cjk-sd op=prepare gap_after_log_us=2780 opens=1 reads=23 bytes=1333 open_us=150 read_us=26305 max_read_us=2102 wall_us=27597 scalars=114 lookups=0[0m
[32mINFO - reader-sd step=61 outcome=ready state=Ready wall_us=98782 text_us=65142 layout_us=2958 visible_us=28291 pause_us=0 logging_us=2078 other_us=313 text_calls=2 layout_calls=1 visible_calls=1[0m
[32mINFO - stats: heap 13/158K peak 42K | stack free 67K hwm 17K | bat 90% 4.0V | up 0:03 | SD:ok[0m
[32mINFO - heap psram: used 15156 B, free 2081996 B, peak 15156 B; reserved 15168 / 1900544 B, peak 15168 B[0m
[32mINFO - display: partial refresh 480x794 at (0, 6) in 816 ms (partial count 2)[0m
[32mINFO - battery: cell 4178 mV, 98% (periodic)[0m
[32mINFO - stats: heap 13/158K peak 42K | stack free 67K hwm 17K | bat 98% 4.1V | up 0:03 | SD:ok[0m
[32mINFO - heap psram: used 15156 B, free 2081996 B, peak 15156 B; reserved 15168 / 1900544 B, peak 15168 B[0m
[32mINFO - stats: heap 13/158K peak 42K | stack free 67K hwm 17K | bat 98% 4.1V | up 0:03 | SD:ok[0m
[32mINFO - heap psram: used 15156 B, free 2081996 B, peak 15156 B; reserved 15168 / 1900544 B, peak 15168 B[0m
[32mINFO - stats: heap 13/158K peak 42K | stack free 67K hwm 17K | bat 98% 4.1V | up 0:03 | SD:ok[0m
[32mINFO - heap psram: used 15156 B, free 2081996 B, peak 15156 B; reserved 15168 / 1900544 B, peak 15168 B[0m
[32mINFO - bookmarks: flushed 6 slots to SD[0m
[32mINFO - stats: heap 13/158K peak 42K | stack free 67K hwm 17K | bat 98% 4.1V | up 0:03 | SD:ok[0m
[32mINFO - heap psram: used 15156 B, free 2081996 B, peak 15156 B; reserved 15168 / 1900544 B, peak 15168 B[0m
[32mINFO - stats: heap 13/158K peak 42K | stack free 67K hwm 17K | bat 98% 4.1V | up 0:03 | SD:ok[0m
[32mINFO - heap psram: used 15156 B, free 2081996 B, peak 15156 B; reserved 15168 / 1900544 B, peak 15168 B[0m
[32mINFO - stats: heap 13/158K peak 42K | stack free 67K hwm 17K | bat 98% 4.1V | up 0:03 | SD:ok[0m
[32mINFO - heap psram: used 15156 B, free 2081996 B, peak 15156 B; reserved 15168 / 1900544 B, peak 15168 B[0m
[32mINFO - battery: cell 4102 mV, 93% (periodic)[0m
[32mINFO - stats: heap 13/158K peak 42K | stack free 67K hwm 17K | bat 93% 4.1V | up 0:04 | SD:ok[0m
[32mINFO - heap psram: used 15156 B, free 2081996 B, peak 15156 B; reserved 15168 / 1900544 B, peak 15168 B[0m
[32mINFO - stats: heap 13/158K peak 42K | stack free 67K hwm 17K | bat 93% 4.1V | up 0:04 | SD:ok[0m
[32mINFO - heap psram: used 15156 B, free 2081996 B, peak 15156 B; reserved 15168 / 1900544 B, peak 15168 B[0m
[32mINFO - stats: heap 13/158K peak 42K | stack free 67K hwm 17K | bat 93% 4.1V | up 0:04 | SD:ok[0m
[32mINFO - heap psram: used 15156 B, free 2081996 B, peak 15156 B; reserved 15168 / 1900544 B, peak 15168 B[0m
[32mINFO - stats: heap 13/158K peak 42K | stack free 67K hwm 17K | bat 93% 4.1V | up 0:04 | SD:ok[0m
[32mINFO - heap psram: used 15156 B, free 2081996 B, peak 15156 B; reserved 15168 / 1900544 B, peak 15168 B[0m
[32mINFO - stats: heap 13/158K peak 42K | stack free 67K hwm 17K | bat 93% 4.1V | up 0:04 | SD:ok[0m
[32mINFO - heap psram: used 15156 B, free 2081996 B, peak 15156 B; reserved 15168 / 1900544 B, peak 15168 B[0m
[32mINFO - stats: heap 13/158K peak 42K | stack free 67K hwm 17K | bat 93% 4.1V | up 0:04 | SD:ok[0m
[32mINFO - heap psram: used 15156 B, free 2081996 B, peak 15156 B; reserved 15168 / 1900544 B, peak 15168 B[0m
[32mINFO - battery: cell 4078 mV, 91% (periodic)[0m
[32mINFO - stats: heap 13/158K peak 42K | stack free 67K hwm 17K | bat 91% 4.0V | up 0:04 | SD:ok[0m
[32mINFO - heap psram: used 15156 B, free 2081996 B, peak 15156 B; reserved 15168 / 1900544 B, peak 15168 B[0m
[32mINFO - stats: heap 13/158K peak 42K | stack free 67K hwm 17K | bat 91% 4.0V | up 0:04 | SD:ok[0m
[32mINFO - heap psram: used 15156 B, free 2081996 B, peak 15156 B; reserved 15168 / 1900544 B, peak 15168 B[0m
[32mINFO - stats: heap 13/158K peak 42K | stack free 67K hwm 17K | bat 91% 4.0V | up 0:04 | SD:ok[0m
[32mINFO - heap psram: used 15156 B, free 2081996 B, peak 15156 B; reserved 15168 / 1900544 B, peak 15168 B[0m
[32mINFO - stats: heap 13/158K peak 42K | stack free 67K hwm 17K | bat 91% 4.0V | up 0:04 | SD:ok[0m
[32mINFO - heap psram: used 15156 B, free 2081996 B, peak 15156 B; reserved 15168 / 1900544 B, peak 15168 B[0m
[32mINFO - stats: heap 13/158K peak 42K | stack free 67K hwm 17K | bat 91% 4.0V | up 0:04 | SD:ok[0m
[32mINFO - heap psram: used 15156 B, free 2081996 B, peak 15156 B; reserved 15168 / 1900544 B, peak 15168 B[0m
[32mINFO - stats: heap 13/158K peak 42K | stack free 67K hwm 17K | bat 91% 4.0V | up 0:04 | SD:ok[0m
[32mINFO - heap psram: used 15156 B, free 2081996 B, peak 15156 B; reserved 15168 / 1900544 B, peak 15168 B[0m
[32mINFO - battery: cell 4112 mV, 93% (periodic)[0m
[32mINFO - stats: heap 13/158K peak 42K | stack free 67K hwm 17K | bat 93% 4.1V | up 0:05 | SD:ok[0m
[32mINFO - heap psram: used 15156 B, free 2081996 B, peak 15156 B; reserved 15168 / 1900544 B, peak 15168 B[0m
[32mINFO - stats: heap 13/158K peak 42K | stack free 67K hwm 17K | bat 93% 4.1V | up 0:05 | SD:ok[0m
[32mINFO - heap psram: used 15156 B, free 2081996 B, peak 15156 B; reserved 15168 / 1900544 B, peak 15168 B[0m
[32mINFO - stats: heap 13/158K peak 42K | stack free 67K hwm 17K | bat 93% 4.1V | up 0:05 | SD:ok[0m
[32mINFO - heap psram: used 15156 B, free 2081996 B, peak 15156 B; reserved 15168 / 1900544 B, peak 15168 B[0m
[32mINFO - stats: heap 13/158K peak 42K | stack free 67K hwm 17K | bat 93% 4.1V | up 0:05 | SD:ok[0m
[32mINFO - heap psram: used 15156 B, free 2081996 B, peak 15156 B; reserved 15168 / 1900544 B, peak 15168 B[0m
[32mINFO - stats: heap 13/158K peak 42K | stack free 67K hwm 17K | bat 93% 4.1V | up 0:05 | SD:ok[0m
[32mINFO - heap psram: used 15156 B, free 2081996 B, peak 15156 B; reserved 15168 / 1900544 B, peak 15168 B[0m
[32mINFO - stats: heap 13/158K peak 42K | stack free 67K hwm 17K | bat 93% 4.1V | up 0:05 | SD:ok[0m
[32mINFO - heap psram: used 15156 B, free 2081996 B, peak 15156 B; reserved 15168 / 1900544 B, peak 15168 B[0m
[32mINFO - battery: cell 4098 mV, 92% (periodic)[0m
[32mINFO - stats: heap 13/158K peak 42K | stack free 67K hwm 17K | bat 92% 4.0V | up 0:05 | SD:ok[0m
[32mINFO - heap psram: used 15156 B, free 2081996 B, peak 15156 B; reserved 15168 / 1900544 B, peak 15168 B[0m
[32mINFO - stats: heap 13/158K peak 42K | stack free 67K hwm 17K | bat 92% 4.0V | up 0:05 | SD:ok[0m
[32mINFO - heap psram: used 15156 B, free 2081996 B, peak 15156 B; reserved 15168 / 1900544 B, peak 15168 B[0m
[32mINFO - stats: heap 13/158K peak 42K | stack free 67K hwm 17K | bat 92% 4.0V | up 0:05 | SD:ok[0m
[32mINFO - heap psram: used 15156 B, free 2081996 B, peak 15156 B; reserved 15168 / 1900544 B, peak 15168 B[0m
[32mINFO - stats: heap 13/158K peak 42K | stack free 67K hwm 17K | bat 92% 4.0V | up 0:05 | SD:ok[0m
[32mINFO - heap psram: used 15156 B, free 2081996 B, peak 15156 B; reserved 15168 / 1900544 B, peak 15168 B[0m
[32mINFO - stats: heap 13/158K peak 42K | stack free 67K hwm 17K | bat 92% 4.0V | up 0:05 | SD:ok[0m
[32mINFO - heap psram: used 15156 B, free 2081996 B, peak 15156 B; reserved 15168 / 1900544 B, peak 15168 B[0m
[32mINFO - stats: heap 13/158K peak 42K | stack free 67K hwm 17K | bat 92% 4.0V | up 0:05 | SD:ok[0m
[32mINFO - heap psram: used 15156 B, free 2081996 B, peak 15156 B; reserved 15168 / 1900544 B, peak 15168 B[0m
[32mINFO - battery: cell 4080 mV, 91% (periodic)[0m
[32mINFO - stats: heap 13/158K peak 42K | stack free 67K hwm 17K | bat 91% 4.0V | up 0:06 | SD:ok[0m
[32mINFO - heap psram: used 15156 B, free 2081996 B, peak 15156 B; reserved 15168 / 1900544 B, peak 15168 B[0m
[32mINFO - stats: heap 13/158K peak 42K | stack free 67K hwm 17K | bat 91% 4.0V | up 0:06 | SD:ok[0m
[32mINFO - heap psram: used 15156 B, free 2081996 B, peak 15156 B; reserved 15168 / 1900544 B, peak 15168 B[0m
[32mINFO - stats: heap 13/158K peak 42K | stack free 67K hwm 17K | bat 91% 4.0V | up 0:06 | SD:ok[0m
[32mINFO - heap psram: used 15156 B, free 2081996 B, peak 15156 B; reserved 15168 / 1900544 B, peak 15168 B[0m
[32mINFO - stats: heap 13/158K peak 42K | stack free 67K hwm 17K | bat 91% 4.0V | up 0:06 | SD:ok[0m
[32mINFO - heap psram: used 15156 B, free 2081996 B, peak 15156 B; reserved 15168 / 1900544 B, peak 15168 B[0m
[32mINFO - stats: heap 13/158K peak 42K | stack free 67K hwm 17K | bat 91% 4.0V | up 0:06 | SD:ok[0m
[32mINFO - heap psram: used 15156 B, free 2081996 B, peak 15156 B; reserved 15168 / 1900544 B, peak 15168 B[0m
[32mINFO - stats: heap 13/158K peak 42K | stack free 67K hwm 17K | bat 91% 4.0V | up 0:06 | SD:ok[0m
[32mINFO - heap psram: used 15156 B, free 2081996 B, peak 15156 B; reserved 15168 / 1900544 B, peak 15168 B[0m
[32mINFO - battery: cell 4160 mV, 97% (periodic)[0m
[32mINFO - stats: heap 13/158K peak 42K | stack free 67K hwm 17K | bat 97% 4.1V | up 0:06 | SD:ok[0m
[32mINFO - heap psram: used 15156 B, free 2081996 B, peak 15156 B; reserved 15168 / 1900544 B, peak 15168 B[0m
[32mINFO - stats: heap 13/158K peak 42K | stack free 67K hwm 17K | bat 97% 4.1V | up 0:06 | SD:ok[0m
[32mINFO - heap psram: used 15156 B, free 2081996 B, peak 15156 B; reserved 15168 / 1900544 B, peak 15168 B[0m
[32mINFO - stats: heap 13/158K peak 42K | stack free 67K hwm 17K | bat 97% 4.1V | up 0:06 | SD:ok[0m
[32mINFO - heap psram: used 15156 B, free 2081996 B, peak 15156 B; reserved 15168 / 1900544 B, peak 15168 B[0m
[32mINFO - stats: heap 13/158K peak 42K | stack free 67K hwm 17K | bat 97% 4.1V | up 0:06 | SD:ok[0m
[32mINFO - heap psram: used 15156 B, free 2081996 B, peak 15156 B; reserved 15168 / 1900544 B, peak 15168 B[0m
[32mINFO - stats: heap 13/158K peak 42K | stack free 67K hwm 17K | bat 97% 4.1V | up 0:06 | SD:ok[0m
[32mINFO - heap psram: used 15156 B, free 2081996 B, peak 15156 B; reserved 15168 / 1900544 B, peak 15168 B[0m
[32mINFO - app: Reader -> Files[0m
[32mINFO - bookmark: cached off=759 ch=0 gen=17 for "ZH2.TXT"[0m
[32mINFO - font: size_idx=2 line_h=49 (native 31 x 160%) ascent=25 max_lines=15 margin=40[0m
[32mINFO - font: size_idx=2 line_h=49 (native 31 x 160%) ascent=25 max_lines=15 margin=40[0m
[32mINFO - stats: heap 1/158K peak 42K | stack free 67K hwm 17K | bat 97% 4.1V | up 0:06 | SD:ok[0m
[32mINFO - heap psram: used 8192 B, free 2088960 B, peak 15156 B; reserved 8192 / 1900544 B, peak 15168 B[0m
[32mINFO - cjk-sd op=stage gap_after_log_us=201994920 opens=1 reads=25 bytes=2090 open_us=152 read_us=32802 max_read_us=2146 wall_us=33636 scalars=3 lookups=3[0m
[32mINFO - cjk-sd op=prepare gap_after_log_us=156 opens=1 reads=4 bytes=360 open_us=131 read_us=8194 max_read_us=2875 wall_us=9133 scalars=3 lookups=0[0m
[32mINFO - display: partial refresh 480x800 at (0, 0) in 794 ms (partial count 3)[0m
[32mINFO - app: Files -> Home[0m
[32mINFO - font: size_idx=2 line_h=49 (native 31 x 160%) ascent=25 max_lines=15 margin=40[0m
[32mINFO - font: size_idx=2 line_h=49 (native 31 x 160%) ascent=25 max_lines=15 margin=40[0m
[32mINFO - stats: heap 1/158K peak 42K | stack free 67K hwm 17K | bat 97% 4.1V | up 0:06 | SD:ok[0m
[32mINFO - heap psram: used 8192 B, free 2088960 B, peak 15156 B; reserved 8192 / 1900544 B, peak 15168 B[0m
[32mINFO - cjk-sd op=stage gap_after_log_us=1271921 opens=0 reads=0 bytes=0 open_us=0 read_us=0 max_read_us=0 wall_us=36 scalars=0 lookups=0[0m
[32mINFO - cjk-sd op=prepare gap_after_log_us=50 opens=0 reads=0 bytes=0 open_us=0 read_us=0 max_read_us=0 wall_us=63 scalars=0 lookups=0[0m
[32mINFO - display: partial refresh 480x800 at (0, 0) in 774 ms (partial count 4)[0m
[32mINFO - stats: heap 1/158K peak 42K | stack free 67K hwm 17K | bat 97% 4.1V | up 0:06 | SD:ok[0m
[32mINFO - heap psram: used 8192 B, free 2088960 B, peak 15156 B; reserved 8192 / 1900544 B, peak 15168 B[0m
[32mINFO - display: partial refresh 280x118 at (100, 87) in 654 ms (partial count 5)[0m
[32mINFO - stats: heap 1/158K peak 42K | stack free 67K hwm 17K | bat 97% 4.1V | up 0:06 | SD:ok[0m
[32mINFO - heap psram: used 8192 B, free 2088960 B, peak 15156 B; reserved 8192 / 1900544 B, peak 15168 B[0m
[32mINFO - stats: heap 1/158K peak 42K | stack free 67K hwm 17K | bat 97% 4.1V | up 0:06 | SD:ok[0m
[32mINFO - heap psram: used 8192 B, free 2088960 B, peak 15156 B; reserved 8192 / 1900544 B, peak 15168 B[0m
[32mINFO - display: partial refresh 280x118 at (100, 153) in 655 ms (partial count 6)[0m
[32mINFO - stats: heap 1/158K peak 42K | stack free 67K hwm 17K | bat 97% 4.1V | up 0:06 | SD:ok[0m
[32mINFO - heap psram: used 8192 B, free 2088960 B, peak 15156 B; reserved 8192 / 1900544 B, peak 15168 B[0m
[32mINFO - display: partial refresh 280x118 at (100, 219) in 655 ms (partial count 7)[0m
[32mINFO - app: Home -> Settings[0m
[32mINFO - font: size_idx=2 line_h=49 (native 31 x 160%) ascent=25 max_lines=15 margin=40[0m
[32mINFO - font: size_idx=2 line_h=49 (native 31 x 160%) ascent=25 max_lines=15 margin=40[0m
[32mINFO - stats: heap 1/158K peak 42K | stack free 67K hwm 17K | bat 97% 4.1V | up 0:07 | SD:ok[0m
[32mINFO - heap psram: used 8192 B, free 2088960 B, peak 15156 B; reserved 8192 / 1900544 B, peak 15168 B[0m
[32mINFO - cjk-sd op=stage gap_after_log_us=7174655 opens=0 reads=0 bytes=0 open_us=0 read_us=0 max_read_us=0 wall_us=32 scalars=0 lookups=0[0m
[32mINFO - cjk-sd op=prepare gap_after_log_us=40 opens=0 reads=0 bytes=0 open_us=0 read_us=0 max_read_us=0 wall_us=43 scalars=0 lookups=0[0m
[32mINFO - battery: cell 4182 mV, 98% (periodic)[0m
[32mINFO - stats: heap 1/158K peak 42K | stack free 67K hwm 17K | bat 98% 4.1V | up 0:07 | SD:ok[0m
[32mINFO - heap psram: used 8192 B, free 2088960 B, peak 15156 B; reserved 8192 / 1900544 B, peak 15168 B[0m
[32mINFO - stats: heap 1/158K peak 42K | stack free 67K hwm 17K | bat 98% 4.1V | up 0:07 | SD:ok[0m
[32mINFO - heap psram: used 8192 B, free 2088960 B, peak 15156 B; reserved 8192 / 1900544 B, peak 15168 B[0m
[32mINFO - display: partial refresh 448x86 at (16, 67) in 660 ms (partial count 1)[0m
[32mINFO - stats: heap 1/158K peak 42K | stack free 67K hwm 17K | bat 98% 4.1V | up 0:07 | SD:ok[0m
[32mINFO - heap psram: used 8192 B, free 2088960 B, peak 15156 B; reserved 8192 / 1900544 B, peak 15168 B[0m
[32mINFO - display: partial refresh 448x86 at (16, 113) in 658 ms (partial count 2)[0m
[32mINFO - stats: heap 1/158K peak 42K | stack free 67K hwm 17K | bat 98% 4.1V | up 0:07 | SD:ok[0m
[32mINFO - heap psram: used 8192 B, free 2088960 B, peak 15156 B; reserved 8192 / 1900544 B, peak 15168 B[0m
[32mINFO - settings: saved to SETTINGS.TXT[0m
[32mINFO - stats: heap 1/158K peak 42K | stack free 67K hwm 17K | bat 98% 4.1V | up 0:07 | SD:ok[0m
[32mINFO - heap psram: used 8192 B, free 2088960 B, peak 15156 B; reserved 8192 / 1900544 B, peak 15168 B[0m
[32mINFO - display: partial refresh 280x40 at (184, 159) in 647 ms (partial count 3)[0m
[32mINFO - settings: saved to SETTINGS.TXT[0m
[32mINFO - stats: heap 1/158K peak 42K | stack free 67K hwm 17K | bat 98% 4.1V | up 0:07 | SD:ok[0m
[32mINFO - heap psram: used 8192 B, free 2088960 B, peak 15156 B; reserved 8192 / 1900544 B, peak 15168 B[0m
[32mINFO - display: partial refresh 280x40 at (184, 159) in 647 ms (partial count 4)[0m
[32mINFO - app: Settings -> Home[0m
[32mINFO - font: size_idx=0 line_h=35 (native 22 x 160%) ascent=17 max_lines=21 margin=40[0m
[32mINFO - font: size_idx=0 line_h=35 (native 22 x 160%) ascent=17 max_lines=21 margin=40[0m
[32mINFO - stats: heap 1/158K peak 42K | stack free 67K hwm 17K | bat 98% 4.1V | up 0:07 | SD:ok[0m
[32mINFO - heap psram: used 8192 B, free 2088960 B, peak 15156 B; reserved 8192 / 1900544 B, peak 15168 B[0m
[32mINFO - cjk-sd op=stage gap_after_log_us=9715481 opens=0 reads=0 bytes=0 open_us=0 read_us=0 max_read_us=0 wall_us=45 scalars=0 lookups=0[0m
[32mINFO - cjk-sd op=prepare gap_after_log_us=55 opens=0 reads=0 bytes=0 open_us=0 read_us=0 max_read_us=0 wall_us=66 scalars=0 lookups=0[0m
[32mINFO - display: partial refresh 480x800 at (0, 0) in 775 ms (partial count 5)[0m
[32mINFO - stats: heap 1/158K peak 42K | stack free 67K hwm 17K | bat 98% 4.1V | up 0:07 | SD:ok[0m
[32mINFO - heap psram: used 8192 B, free 2088960 B, peak 15156 B; reserved 8192 / 1900544 B, peak 15168 B[0m
[32mINFO - app: Home -> Reader[0m
[32mINFO - font: size_idx=0 line_h=35 (native 22 x 160%) ascent=17 max_lines=21 margin=40[0m
[32mINFO - font: size_idx=0 line_h=35 (native 22 x 160%) ascent=17 max_lines=21 margin=40[0m
[32mINFO - [work] reset -> gen 5[0m
[32mINFO - font: size_idx=0 line_h=35 (native 22 x 160%) ascent=17 max_lines=21 margin=40[0m
[32mINFO - reader: opening ZH2.TXT[0m
[32mINFO - reader-sd resume step=62 state=NeedBookmark resumed=false retained_window=false outside_step_us=221522272 outside_step_known=true previous_step_complete=true[0m
[32mINFO - bookmark: restoring off=759 ch=0 for ZH2.TXT[0m
[32mINFO - reader: opened ZH2.TXT (1189 bytes)[0m
[32mINFO - cjk: lookup 1/247 glyphs, about 50246 ms left[0m
[32mINFO - cjk-sd op=stage gap_after_log_us=1528846 opens=1 reads=12 bytes=528 open_us=189751 read_us=13879 max_read_us=2050 wall_us=204760 scalars=247 lookups=1[0m
[32mINFO - reader-sd step=62 outcome=slice state=NeedPage wall_us=416579 text_us=65788 layout_us=211212 visible_us=0 pause_us=150 logging_us=1087 other_us=138342 text_calls=1 layout_calls=1 visible_calls=0[0m
[32mINFO - stats: heap 10/158K peak 42K | stack free 67K hwm 17K | bat 98% 4.1V | up 0:07 | SD:ok[0m
[32mINFO - heap psram: used 8192 B, free 2088960 B, peak 15156 B; reserved 8192 / 1900544 B, peak 15168 B[0m
[32mINFO - cjk-sd op=stage gap_after_log_us=3152 opens=0 reads=0 bytes=0 open_us=0 read_us=0 max_read_us=0 wall_us=6 scalars=0 lookups=0[0m
[32mINFO - cjk-sd op=prepare gap_after_log_us=51 opens=0 reads=0 bytes=0 open_us=0 read_us=0 max_read_us=0 wall_us=50 scalars=0 lookups=0[0m
[32mINFO - reader-sd resume step=63 state=NeedPage resumed=true retained_window=true outside_step_us=3897221 outside_step_known=true previous_step_complete=true[0m
[32mINFO - cjk-sd op=stage gap_after_log_us=3896717 opens=1 reads=63 bytes=7260 open_us=133 read_us=60261 max_read_us=2056 wall_us=61423 scalars=247 lookups=27[0m
[32mINFO - reader-sd step=63 outcome=slice state=NeedPage wall_us=65053 text_us=60 layout_us=63314 visible_us=0 pause_us=204 logging_us=1233 other_us=242 text_calls=1 layout_calls=1 visible_calls=0[0m
[32mINFO - bookmarks: flushed 6 slots to SD[0m
[32mINFO - reader-sd resume step=64 state=NeedPage resumed=true retained_window=true outside_step_us=137779 outside_step_known=true previous_step_complete=true[0m
[32mINFO - cjk: lookup 55/247 glyphs, about 433 ms left[0m
[32mINFO - cjk-sd op=stage gap_after_log_us=141378 opens=1 reads=66 bytes=7216 open_us=92 read_us=60030 max_read_us=2034 wall_us=61464 scalars=247 lookups=27[0m
[32mINFO - reader-sd step=64 outcome=slice state=NeedPage wall_us=65450 text_us=98 layout_us=63360 visible_us=0 pause_us=857 logging_us=926 other_us=209 text_calls=1 layout_calls=1 visible_calls=0[0m
[32mINFO - reader-sd resume step=65 state=NeedPage resumed=true retained_window=true outside_step_us=218 outside_step_known=true previous_step_complete=true[0m
[32mINFO - cjk-sd op=stage gap_after_log_us=4418 opens=1 reads=69 bytes=6556 open_us=68 read_us=60454 max_read_us=1961 wall_us=61412 scalars=247 lookups=24[0m
[32mINFO - reader-sd step=65 outcome=slice state=NeedPage wall_us=64899 text_us=32 layout_us=63200 visible_us=0 pause_us=196 logging_us=1324 other_us=147 text_calls=1 layout_calls=1 visible_calls=0[0m
[32mINFO - reader-sd resume step=66 state=NeedPage resumed=true retained_window=true outside_step_us=137 outside_step_known=true previous_step_complete=true[0m
[32mINFO - cjk-sd op=stage gap_after_log_us=3588 opens=1 reads=71 bytes=7898 open_us=43 read_us=64793 max_read_us=3695 wall_us=65750 scalars=247 lookups=30[0m
[32mINFO - reader-sd step=66 outcome=slice state=NeedPage wall_us=69664 text_us=27 layout_us=67557 visible_us=0 pause_us=625 logging_us=1317 other_us=138 text_calls=1 layout_calls=1 visible_calls=0[0m
[32mINFO - reader-sd resume step=67 state=NeedPage resumed=true retained_window=true outside_step_us=135 outside_step_known=true previous_step_complete=true[0m
[32mINFO - cjk-sd op=stage gap_after_log_us=3798 opens=1 reads=73 bytes=6908 open_us=51 read_us=60104 max_read_us=2964 wall_us=61077 scalars=247 lookups=28[0m
[32mINFO - reader-sd step=67 outcome=slice state=NeedPage wall_us=64460 text_us=32 layout_us=62852 visible_us=0 pause_us=192 logging_us=1234 other_us=150 text_calls=1 layout_calls=1 visible_calls=0[0m
[32mINFO - reader-sd resume step=68 state=NeedPage resumed=true retained_window=true outside_step_us=131 outside_step_known=true previous_step_complete=true[0m
[32mINFO - cjk-sd op=stage gap_after_log_us=3372 opens=1 reads=64 bytes=5324 open_us=51 read_us=62927 max_read_us=2032 wall_us=63720 scalars=247 lookups=18[0m
[32mINFO - reader-sd step=68 outcome=slice state=NeedPage wall_us=67324 text_us=35 layout_us=65511 visible_us=0 pause_us=694 logging_us=946 other_us=138 text_calls=1 layout_calls=1 visible_calls=0[0m
[32mINFO - stats: heap 10/158K peak 42K | stack free 67K hwm 17K | bat 98% 4.1V | up 0:07 | SD:ok[0m
[32mINFO - heap psram: used 8192 B, free 2088960 B, peak 15156 B; reserved 8192 / 1900544 B, peak 15168 B[0m
[32mINFO - reader-sd resume step=69 state=NeedPage resumed=true retained_window=true outside_step_us=1875 outside_step_known=true previous_step_complete=true[0m
[32mINFO - cjk-sd op=stage gap_after_log_us=5680 opens=1 reads=65 bytes=4686 open_us=68 read_us=59764 max_read_us=2013 wall_us=60627 scalars=247 lookups=17[0m
[32mINFO - reader-sd step=69 outcome=slice state=NeedPage wall_us=63781 text_us=23 layout_us=62428 visible_us=0 pause_us=200 logging_us=964 other_us=166 text_calls=1 layout_calls=1 visible_calls=0[0m
[32mINFO - reader-sd resume step=70 state=NeedPage resumed=true retained_window=true outside_step_us=155 outside_step_known=true previous_step_complete=true[0m
[32mINFO - cjk-sd op=stage gap_after_log_us=3511 opens=1 reads=63 bytes=5610 open_us=54 read_us=61682 max_read_us=2009 wall_us=62518 scalars=247 lookups=19[0m
[32mINFO - reader-sd step=70 outcome=slice state=NeedPage wall_us=66473 text_us=27 layout_us=64318 visible_us=0 pause_us=715 logging_us=1275 other_us=138 text_calls=1 layout_calls=1 visible_calls=0[0m
[32mINFO - reader-sd resume step=71 state=NeedPage resumed=true retained_window=true outside_step_us=138 outside_step_known=true previous_step_complete=true[0m
[32mINFO - cjk-sd op=stage gap_after_log_us=3910 opens=1 reads=69 bytes=6028 open_us=51 read_us=59421 max_read_us=1948 wall_us=60363 scalars=247 lookups=22[0m
[32mINFO - reader-sd step=71 outcome=slice state=NeedPage wall_us=63747 text_us=34 layout_us=62149 visible_us=0 pause_us=192 logging_us=1220 other_us=152 text_calls=1 layout_calls=1 visible_calls=0[0m
[32mINFO - reader-sd resume step=72 state=NeedPage resumed=true retained_window=true outside_step_us=134 outside_step_known=true previous_step_complete=true[0m
[32mINFO - cjk-sd op=stage gap_after_log_us=3573 opens=1 reads=64 bytes=6138 open_us=42 read_us=59972 max_read_us=3722 wall_us=60812 scalars=247 lookups=25[0m
[32mINFO - reader-sd step=72 outcome=slice state=NeedPage wall_us=64699 text_us=37 layout_us=62603 visible_us=0 pause_us=618 logging_us=1292 other_us=149 text_calls=1 layout_calls=1 visible_calls=0[0m
[32mINFO - reader-sd resume step=73 state=NeedPage resumed=true retained_window=true outside_step_us=134 outside_step_known=true previous_step_complete=true[0m
[32mINFO - cjk-sd op=stage gap_after_log_us=3761 opens=1 reads=30 bytes=2574 open_us=59 read_us=28799 max_read_us=1981 wall_us=29429 scalars=247 lookups=9[0m
[32mINFO - cjk-sd op=bank gap_after_log_us=34 opens=1 reads=1 bytes=44 open_us=73 read_us=1064 max_read_us=1064 wall_us=1247 scalars=0 lookups=0[0m
[32mINFO - cjk-sd op=prepare gap_after_log_us=6622 opens=1 reads=30 bytes=773 open_us=189 read_us=20373 max_read_us=2712 wall_us=22398 scalars=247 lookups=0[0m
[32mINFO - reader-sd step=73 outcome=slice state=NeedPage wall_us=64826 text_us=39 layout_us=37381 visible_us=24032 pause_us=271 logging_us=2816 other_us=287 text_calls=2 layout_calls=1 visible_calls=1[0m
[32mINFO - reader-sd resume step=74 state=NeedPage resumed=true retained_window=false outside_step_us=225 outside_step_known=true previous_step_complete=true[0m
[32mINFO - cjk-sd op=stage gap_after_log_us=70186 opens=0 reads=0 bytes=0 open_us=0 read_us=0 max_read_us=0 wall_us=141 scalars=247 lookups=0[0m
[32mINFO - cjk-sd op=prepare gap_after_log_us=6487 opens=1 reads=64 bytes=1940 open_us=164 read_us=52002 max_read_us=2970 wall_us=53832 scalars=247 lookups=0[0m
[32mINFO - reader-sd step=74 outcome=slice state=NeedPage wall_us=131728 text_us=66191 layout_us=6879 visible_us=55431 pause_us=839 logging_us=2108 other_us=280 text_calls=2 layout_calls=1 visible_calls=1[0m
[32mINFO - reader-sd resume step=75 state=NeedPage resumed=true retained_window=false outside_step_us=194 outside_step_known=true previous_step_complete=true[0m
[32mINFO - cjk-sd op=stage gap_after_log_us=70700 opens=0 reads=0 bytes=0 open_us=0 read_us=0 max_read_us=0 wall_us=107 scalars=247 lookups=0[0m
[32mINFO - cjk-sd op=prepare gap_after_log_us=6396 opens=1 reads=59 bytes=1810 open_us=186 read_us=51340 max_read_us=2073 wall_us=53529 scalars=247 lookups=0[0m
[32mINFO - reader-sd step=75 outcome=slice state=NeedPage wall_us=130509 text_us=66386 layout_us=6772 visible_us=55097 pause_us=253 logging_us=1753 other_us=248 text_calls=2 layout_calls=1 visible_calls=1[0m
[32mINFO - reader-sd resume step=76 state=NeedPage resumed=true retained_window=false outside_step_us=187 outside_step_known=true previous_step_complete=true[0m
[32mINFO - cjk-sd op=stage gap_after_log_us=69755 opens=0 reads=0 bytes=0 open_us=0 read_us=0 max_read_us=0 wall_us=109 scalars=247 lookups=0[0m
[32mINFO - cjk-sd op=prepare gap_after_log_us=6407 opens=1 reads=53 bytes=1630 open_us=157 read_us=50841 max_read_us=2061 wall_us=53154 scalars=247 lookups=0[0m
[32mINFO - reader-sd step=76 outcome=slice state=NeedPage wall_us=130745 text_us=66066 layout_us=6734 visible_us=54737 pause_us=830 logging_us=2129 other_us=249 text_calls=2 layout_calls=1 visible_calls=1[0m
[32mINFO - reader-sd resume step=77 state=NeedPage resumed=true retained_window=false outside_step_us=202 outside_step_known=true previous_step_complete=true[0m
[32mINFO - cjk-sd op=stage gap_after_log_us=70713 opens=0 reads=0 bytes=0 open_us=0 read_us=0 max_read_us=0 wall_us=106 scalars=247 lookups=0[0m
[32mINFO - cjk-sd op=prepare gap_after_log_us=6379 opens=1 reads=46 bytes=1337 open_us=177 read_us=37067 max_read_us=2116 wall_us=39516 scalars=247 lookups=0[0m
[32mINFO - reader-sd step=77 outcome=ready state=Ready wall_us=116344 text_us=66371 layout_us=6731 visible_us=41089 pause_us=0 logging_us=1838 other_us=315 text_calls=2 layout_calls=1 visible_calls=1[0m
[32mINFO - stats: heap 16/158K peak 42K | stack free 67K hwm 17K | bat 98% 4.1V | up 0:07 | SD:ok[0m
[32mINFO - heap psram: used 15464 B, free 2081688 B, peak 15464 B; reserved 15472 / 1900544 B, peak 15472 B[0m
[32mINFO - display: partial refresh 480x794 at (0, 6) in 903 ms (partial count 1)[0m
[32mINFO - stats: heap 16/158K peak 42K | stack free 67K hwm 17K | bat 98% 4.1V | up 0:07 | SD:ok[0m
[32mINFO - heap psram: used 15464 B, free 2081688 B, peak 15464 B; reserved 15472 / 1900544 B, peak 15472 B[0m
[32mINFO - app: Reader -> Home[0m
[32mINFO - bookmark: cached off=0 ch=0 gen=18 for "ZH2.TXT"[0m
[32mINFO - font: size_idx=0 line_h=35 (native 22 x 160%) ascent=17 max_lines=21 margin=40[0m
[32mINFO - font: size_idx=0 line_h=35 (native 22 x 160%) ascent=17 max_lines=21 margin=40[0m
[32mINFO - stats: heap 1/158K peak 42K | stack free 67K hwm 17K | bat 98% 4.1V | up 0:07 | SD:ok[0m
[32mINFO - heap psram: used 8192 B, free 2088960 B, peak 15464 B; reserved 8192 / 1900544 B, peak 15472 B[0m
[32mINFO - cjk-sd op=stage gap_after_log_us=6959763 opens=0 reads=0 bytes=0 open_us=0 read_us=0 max_read_us=0 wall_us=52 scalars=0 lookups=0[0m
[32mINFO - cjk-sd op=prepare gap_after_log_us=55 opens=0 reads=0 bytes=0 open_us=0 read_us=0 max_read_us=0 wall_us=66 scalars=0 lookups=0[0m
[32mINFO - display: partial refresh 480x800 at (0, 0) in 774 ms (partial count 2)[0m
[32mINFO - stats: heap 1/158K peak 42K | stack free 67K hwm 17K | bat 98% 4.1V | up 0:07 | SD:ok[0m
[32mINFO - heap psram: used 8192 B, free 2088960 B, peak 15464 B; reserved 8192 / 1900544 B, peak 15472 B[0m
[32mINFO - stats: heap 1/158K peak 42K | stack free 67K hwm 17K | bat 98% 4.1V | up 0:07 | SD:ok[0m
[32mINFO - heap psram: used 8192 B, free 2088960 B, peak 15464 B; reserved 8192 / 1900544 B, peak 15472 B[0m
[32mINFO - display: partial refresh 280x118 at (100, 87) in 656 ms (partial count 3)[0m
[32mINFO - stats: heap 1/158K peak 42K | stack free 67K hwm 17K | bat 98% 4.1V | up 0:07 | SD:ok[0m
[32mINFO - heap psram: used 8192 B, free 2088960 B, peak 15464 B; reserved 8192 / 1900544 B, peak 15472 B[0m
[32mINFO - display: partial refresh 280x118 at (100, 153) in 655 ms (partial count 4)[0m
[32mINFO - stats: heap 1/158K peak 42K | stack free 67K hwm 17K | bat 98% 4.1V | up 0:07 | SD:ok[0m
[32mINFO - heap psram: used 8192 B, free 2088960 B, peak 15464 B; reserved 8192 / 1900544 B, peak 15472 B[0m
[32mINFO - display: partial refresh 280x118 at (100, 219) in 656 ms (partial count 5)[0m
[32mINFO - app: Home -> Settings[0m
[32mINFO - font: size_idx=0 line_h=35 (native 22 x 160%) ascent=17 max_lines=21 margin=40[0m
[32mINFO - font: size_idx=0 line_h=35 (native 22 x 160%) ascent=17 max_lines=21 margin=40[0m
[32mINFO - stats: heap 1/158K peak 42K | stack free 67K hwm 17K | bat 98% 4.1V | up 0:07 | SD:ok[0m
[32mINFO - heap psram: used 8192 B, free 2088960 B, peak 15464 B; reserved 8192 / 1900544 B, peak 15472 B[0m
[32mINFO - cjk-sd op=stage gap_after_log_us=6684411 opens=0 reads=0 bytes=0 open_us=0 read_us=0 max_read_us=0 wall_us=28 scalars=0 lookups=0[0m
[32mINFO - cjk-sd op=prepare gap_after_log_us=36 opens=0 reads=0 bytes=0 open_us=0 read_us=0 max_read_us=0 wall_us=32 scalars=0 lookups=0[0m
[32mINFO - battery: cell 4158 mV, 97% (periodic)[0m
[32mINFO - stats: heap 1/158K peak 42K | stack free 67K hwm 17K | bat 97% 4.1V | up 0:07 | SD:ok[0m
[32mINFO - heap psram: used 8192 B, free 2088960 B, peak 15464 B; reserved 8192 / 1900544 B, peak 15472 B[0m
[32mINFO - stats: heap 1/158K peak 42K | stack free 67K hwm 17K | bat 97% 4.1V | up 0:07 | SD:ok[0m
[32mINFO - heap psram: used 8192 B, free 2088960 B, peak 15464 B; reserved 8192 / 1900544 B, peak 15472 B[0m
[32mINFO - display: partial refresh 448x86 at (16, 67) in 661 ms (partial count 1)[0m
[32mINFO - stats: heap 1/158K peak 42K | stack free 67K hwm 17K | bat 97% 4.1V | up 0:07 | SD:ok[0m
[32mINFO - heap psram: used 8192 B, free 2088960 B, peak 15464 B; reserved 8192 / 1900544 B, peak 15472 B[0m
[32mINFO - display: partial refresh 448x86 at (16, 113) in 659 ms (partial count 2)[0m
[32mINFO - stats: heap 1/158K peak 42K | stack free 67K hwm 17K | bat 97% 4.1V | up 0:07 | SD:ok[0m
[32mINFO - heap psram: used 8192 B, free 2088960 B, peak 15464 B; reserved 8192 / 1900544 B, peak 15472 B[0m
[32mINFO - settings: saved to SETTINGS.TXT[0m
[32mINFO - stats: heap 1/158K peak 42K | stack free 67K hwm 17K | bat 97% 4.1V | up 0:07 | SD:ok[0m
[32mINFO - heap psram: used 8192 B, free 2088960 B, peak 15464 B; reserved 8192 / 1900544 B, peak 15472 B[0m
[32mINFO - display: partial refresh 280x40 at (184, 159) in 646 ms (partial count 3)[0m
[32mINFO - app: Settings -> Home[0m
[32mINFO - font: size_idx=1 line_h=41 (native 26 x 160%) ascent=21 max_lines=18 margin=40[0m
[32mINFO - font: size_idx=1 line_h=41 (native 26 x 160%) ascent=21 max_lines=18 margin=40[0m
[32mINFO - stats: heap 1/158K peak 42K | stack free 67K hwm 17K | bat 97% 4.1V | up 0:07 | SD:ok[0m
[32mINFO - heap psram: used 8192 B, free 2088960 B, peak 15464 B; reserved 8192 / 1900544 B, peak 15472 B[0m
[32mINFO - cjk-sd op=stage gap_after_log_us=7010513 opens=0 reads=0 bytes=0 open_us=0 read_us=0 max_read_us=0 wall_us=49 scalars=0 lookups=0[0m
[32mINFO - cjk-sd op=prepare gap_after_log_us=51 opens=0 reads=0 bytes=0 open_us=0 read_us=0 max_read_us=0 wall_us=66 scalars=0 lookups=0[0m
[32mINFO - display: partial refresh 480x800 at (0, 0) in 774 ms (partial count 4)[0m
[32mINFO - app: Home -> Reader[0m
[32mINFO - font: size_idx=1 line_h=41 (native 26 x 160%) ascent=21 max_lines=18 margin=40[0m
[32mINFO - font: size_idx=1 line_h=41 (native 26 x 160%) ascent=21 max_lines=18 margin=40[0m
[32mINFO - [work] reset -> gen 6[0m
[32mINFO - font: size_idx=1 line_h=41 (native 26 x 160%) ascent=21 max_lines=18 margin=40[0m
[32mINFO - reader: opening ZH2.TXT[0m
[32mINFO - reader-sd resume step=78 state=NeedBookmark resumed=false retained_window=false outside_step_us=21791148 outside_step_known=true previous_step_complete=true[0m
[32mINFO - bookmark: restoring off=0 ch=0 for ZH2.TXT[0m
[32mINFO - reader: opened ZH2.TXT (1189 bytes)[0m
[32mINFO - cjk: lookup 1/247 glyphs, about 50337 ms left[0m
[32mINFO - cjk-sd op=stage gap_after_log_us=1344625 opens=1 reads=12 bytes=528 open_us=190096 read_us=13917 max_read_us=2059 wall_us=205292 scalars=247 lookups=1[0m
[32mINFO - reader-sd step=78 outcome=slice state=NeedPage wall_us=417131 text_us=65971 layout_us=211742 visible_us=0 pause_us=141 logging_us=1122 other_us=138155 text_calls=1 layout_calls=1 visible_calls=0[0m
[32mINFO - stats: heap 10/158K peak 42K | stack free 67K hwm 17K | bat 97% 4.1V | up 0:07 | SD:ok[0m
[32mINFO - heap psram: used 8192 B, free 2088960 B, peak 15464 B; reserved 8192 / 1900544 B, peak 15472 B[0m
[32mINFO - cjk-sd op=stage gap_after_log_us=3014 opens=0 reads=0 bytes=0 open_us=0 read_us=0 max_read_us=0 wall_us=10 scalars=0 lookups=0[0m
[32mINFO - cjk-sd op=prepare gap_after_log_us=45 opens=0 reads=0 bytes=0 open_us=0 read_us=0 max_read_us=0 wall_us=59 scalars=0 lookups=0[0m
[32mINFO - reader-sd resume step=79 state=NeedPage resumed=true retained_window=true outside_step_us=3896826 outside_step_known=true previous_step_complete=true[0m
[32mINFO - cjk-sd op=stage gap_after_log_us=3896358 opens=1 reads=63 bytes=7260 open_us=132 read_us=60325 max_read_us=2055 wall_us=61515 scalars=247 lookups=27[0m
[32mINFO - reader-sd step=79 outcome=slice state=NeedPage wall_us=65334 text_us=65 layout_us=63400 visible_us=0 pause_us=200 logging_us=1432 other_us=237 text_calls=1 layout_calls=1 visible_calls=0[0m
[32mINFO - stats: heap 10/158K peak 42K | stack free 67K hwm 17K | bat 97% 4.1V | up 0:07 | SD:ok[0m
[32mINFO - heap psram: used 8192 B, free 2088960 B, peak 15464 B; reserved 8192 / 1900544 B, peak 15472 B[0m
[32mINFO - reader-sd resume step=80 state=NeedPage resumed=true retained_window=true outside_step_us=1906 outside_step_known=true previous_step_complete=true[0m
[32mINFO - cjk: lookup 55/247 glyphs, about 433 ms left[0m
[32mINFO - cjk-sd op=stage gap_after_log_us=5289 opens=1 reads=66 bytes=7216 open_us=51 read_us=60132 max_read_us=2034 wall_us=61550 scalars=247 lookups=27[0m
[32mINFO - reader-sd step=80 outcome=slice state=NeedPage wall_us=65140 text_us=50 layout_us=63353 visible_us=0 pause_us=713 logging_us=865 other_us=159 text_calls=1 layout_calls=1 visible_calls=0[0m
[32mINFO - reader-sd resume step=81 state=NeedPage resumed=true retained_window=true outside_step_us=211 outside_step_known=true previous_step_complete=true[0m
[32mINFO - cjk-sd op=stage gap_after_log_us=4243 opens=1 reads=69 bytes=6556 open_us=65 read_us=60631 max_read_us=1979 wall_us=61586 scalars=247 lookups=24[0m
[32mINFO - reader-sd step=81 outcome=slice state=NeedPage wall_us=65254 text_us=29 layout_us=63392 visible_us=0 pause_us=370 logging_us=1301 other_us=162 text_calls=1 layout_calls=1 visible_calls=0[0m
[32mINFO - reader-sd resume step=82 state=NeedPage resumed=true retained_window=true outside_step_us=138 outside_step_known=true previous_step_complete=true[0m
[32mINFO - cjk-sd op=stage gap_after_log_us=3819 opens=1 reads=71 bytes=7898 open_us=41 read_us=65577 max_read_us=3732 wall_us=66582 scalars=247 lookups=30[0m
[32mINFO - reader-sd step=82 outcome=slice state=NeedPage wall_us=70437 text_us=33 layout_us=68384 visible_us=0 pause_us=606 logging_us=1263 other_us=151 text_calls=1 layout_calls=1 visible_calls=0[0m
[32mINFO - reader-sd resume step=83 state=NeedPage resumed=true retained_window=true outside_step_us=134 outside_step_known=true previous_step_complete=true[0m
[32mINFO - cjk-sd op=stage gap_after_log_us=3869 opens=1 reads=73 bytes=6908 open_us=53 read_us=60300 max_read_us=2956 wall_us=61304 scalars=247 lookups=28[0m
[32mINFO - reader-sd step=83 outcome=slice state=NeedPage wall_us=64929 text_us=33 layout_us=63106 visible_us=0 pause_us=324 logging_us=1300 other_us=166 text_calls=1 layout_calls=1 visible_calls=0[0m
[32mINFO - bookmarks: flushed 6 slots to SD[0m
[32mINFO - reader-sd resume step=84 state=NeedPage resumed=true retained_window=true outside_step_us=137822 outside_step_known=true previous_step_complete=true[0m
[32mINFO - cjk-sd op=stage gap_after_log_us=141496 opens=1 reads=64 bytes=5324 open_us=99 read_us=63081 max_read_us=2026 wall_us=64118 scalars=247 lookups=18[0m
[32mINFO - reader-sd step=84 outcome=slice state=NeedPage wall_us=68045 text_us=79 layout_us=66026 visible_us=0 pause_us=713 logging_us=1021 other_us=206 text_calls=1 layout_calls=1 visible_calls=0[0m
[32mINFO - reader-sd resume step=85 state=NeedPage resumed=true retained_window=true outside_step_us=150 outside_step_known=true previous_step_complete=true[0m
[32mINFO - cjk-sd op=stage gap_after_log_us=4017 opens=1 reads=65 bytes=4686 open_us=66 read_us=59699 max_read_us=2011 wall_us=60596 scalars=247 lookups=17[0m
[32mINFO - reader-sd step=85 outcome=slice state=NeedPage wall_us=63676 text_us=28 layout_us=62375 visible_us=0 pause_us=166 logging_us=952 other_us=155 text_calls=1 layout_calls=1 visible_calls=0[0m
[32mINFO - reader-sd resume step=86 state=NeedPage resumed=true retained_window=true outside_step_us=135 outside_step_known=true previous_step_complete=true[0m
[32mINFO - cjk-sd op=stage gap_after_log_us=3446 opens=1 reads=63 bytes=5610 open_us=47 read_us=61966 max_read_us=2019 wall_us=62824 scalars=247 lookups=19[0m
[32mINFO - reader-sd step=86 outcome=slice state=NeedPage wall_us=66525 text_us=33 layout_us=64638 visible_us=0 pause_us=615 logging_us=1093 other_us=146 text_calls=1 layout_calls=1 visible_calls=0[0m
[32mINFO - reader-sd resume step=87 state=NeedPage resumed=true retained_window=true outside_step_us=126 outside_step_known=true previous_step_complete=true[0m
[32mINFO - cjk-sd op=stage gap_after_log_us=3758 opens=1 reads=69 bytes=6028 open_us=53 read_us=59740 max_read_us=1944 wall_us=60691 scalars=247 lookups=22[0m
[32mINFO - reader-sd step=87 outcome=slice state=NeedPage wall_us=63824 text_us=29 layout_us=62470 visible_us=0 pause_us=171 logging_us=1001 other_us=153 text_calls=1 layout_calls=1 visible_calls=0[0m
[32mINFO - reader-sd resume step=88 state=NeedPage resumed=true retained_window=true outside_step_us=131 outside_step_known=true previous_step_complete=true[0m
[32mINFO - cjk-sd op=stage gap_after_log_us=3523 opens=1 reads=64 bytes=6138 open_us=41 read_us=62188 max_read_us=3758 wall_us=63071 scalars=247 lookups=25[0m
[32mINFO - reader-sd step=88 outcome=slice state=NeedPage wall_us=66757 text_us=33 layout_us=64873 visible_us=0 pause_us=614 logging_us=1091 other_us=146 text_calls=1 layout_calls=1 visible_calls=0[0m
[32mINFO - reader-sd resume step=89 state=NeedPage resumed=true retained_window=true outside_step_us=123 outside_step_known=true previous_step_complete=true[0m
[32mINFO - cjk-sd op=stage gap_after_log_us=3844 opens=1 reads=30 bytes=2574 open_us=62 read_us=29572 max_read_us=2034 wall_us=30224 scalars=247 lookups=9[0m
[32mINFO - cjk-sd op=bank gap_after_log_us=34 opens=1 reads=1 bytes=44 open_us=76 read_us=1034 max_read_us=1034 wall_us=1217 scalars=0 lookups=0[0m
[32mINFO - cjk-sd op=prepare gap_after_log_us=6215 opens=1 reads=24 bytes=965 open_us=184 read_us=19541 max_read_us=2856 wall_us=21911 scalars=237 lookups=0[0m
[32mINFO - reader-sd step=89 outcome=slice state=NeedPage wall_us=64624 text_us=29 layout_us=37883 visible_us=23495 pause_us=281 logging_us=2678 other_us=258 text_calls=1 layout_calls=1 visible_calls=1[0m
[32mINFO - reader-sd resume step=90 state=NeedPage resumed=true retained_window=true outside_step_us=218 outside_step_known=true previous_step_complete=true[0m
[32mINFO - cjk-sd op=stage gap_after_log_us=4088 opens=0 reads=0 bytes=0 open_us=0 read_us=0 max_read_us=0 wall_us=135 scalars=247 lookups=0[0m
[32mINFO - cjk-sd op=prepare gap_after_log_us=6206 opens=1 reads=54 bytes=2732 open_us=131 read_us=52415 max_read_us=2033 wall_us=53882 scalars=237 lookups=0[0m
[32mINFO - reader-sd step=90 outcome=slice state=NeedPage wall_us=65443 text_us=69 layout_us=6735 visible_us=55414 pause_us=853 logging_us=2079 other_us=293 text_calls=1 layout_calls=1 visible_calls=1[0m
[32mINFO - reader-sd resume step=91 state=NeedPage resumed=true retained_window=true outside_step_us=187 outside_step_known=true previous_step_complete=true[0m
[32mINFO - cjk-sd op=stage gap_after_log_us=4172 opens=0 reads=0 bytes=0 open_us=0 read_us=0 max_read_us=0 wall_us=97 scalars=247 lookups=0[0m
[32mINFO - cjk-sd op=prepare gap_after_log_us=6096 opens=1 reads=57 bytes=2941 open_us=144 read_us=52136 max_read_us=2985 wall_us=53933 scalars=237 lookups=0[0m
[32mINFO - reader-sd step=91 outcome=slice state=NeedPage wall_us=64164 text_us=49 layout_us=6465 visible_us=55509 pause_us=232 logging_us=1686 other_us=223 text_calls=1 layout_calls=1 visible_calls=1[0m
[32mINFO - reader-sd resume step=92 state=NeedPage resumed=true retained_window=true outside_step_us=172 outside_step_known=true previous_step_complete=true[0m
[32mINFO - cjk-sd op=stage gap_after_log_us=3578 opens=0 reads=0 bytes=0 open_us=0 read_us=0 max_read_us=0 wall_us=77 scalars=247 lookups=0[0m
[32mINFO - cjk-sd op=prepare gap_after_log_us=6039 opens=1 reads=48 bytes=2480 open_us=132 read_us=52593 max_read_us=2017 wall_us=54469 scalars=237 lookups=0[0m
[32mINFO - reader-sd step=92 outcome=slice state=NeedPage wall_us=65225 text_us=49 layout_us=6427 visible_us=55951 pause_us=770 logging_us=1786 other_us=242 text_calls=1 layout_calls=1 visible_calls=1[0m
[32mINFO - reader-sd resume step=93 state=NeedPage resumed=true retained_window=true outside_step_us=177 outside_step_known=true previous_step_complete=true[0m
[32mINFO - cjk-sd op=stage gap_after_log_us=4150 opens=0 reads=0 bytes=0 open_us=0 read_us=0 max_read_us=0 wall_us=74 scalars=247 lookups=0[0m
[32mINFO - cjk-sd op=prepare gap_after_log_us=6145 opens=1 reads=52 bytes=2683 open_us=166 read_us=51424 max_read_us=2042 wall_us=53700 scalars=237 lookups=0[0m
[32mINFO - reader-sd step=93 outcome=slice state=NeedPage wall_us=64165 text_us=66 layout_us=6479 visible_us=55276 pause_us=269 logging_us=1836 other_us=239 text_calls=1 layout_calls=1 visible_calls=1[0m
[32mINFO - reader-sd resume step=94 state=NeedPage resumed=true retained_window=true outside_step_us=176 outside_step_known=true previous_step_complete=true[0m
[32mINFO - cjk-sd op=stage gap_after_log_us=3744 opens=0 reads=0 bytes=0 open_us=0 read_us=0 max_read_us=0 wall_us=117 scalars=247 lookups=0[0m
[32mINFO - cjk-sd op=prepare gap_after_log_us=6008 opens=1 reads=8 bytes=261 open_us=120 read_us=8543 max_read_us=2020 wall_us=9542 scalars=237 lookups=0[0m
[32mINFO - reader-sd step=94 outcome=ready state=Ready wall_us=83888 text_us=64146 layout_us=6498 visible_us=11035 pause_us=0 logging_us=1903 other_us=306 text_calls=2 layout_calls=1 visible_calls=1[0m
[32mINFO - stats: heap 16/158K peak 42K | stack free 67K hwm 17K | bat 97% 4.1V | up 0:07 | SD:ok[0m
[32mINFO - heap psram: used 19992 B, free 2077160 B, peak 19992 B; reserved 20000 / 1900544 B, peak 20000 B[0m
[32mINFO - display: partial refresh 480x794 at (0, 6) in 904 ms (partial count 1)[0m
[32mINFO - stats: heap 16/158K peak 42K | stack free 67K hwm 17K | bat 97% 4.1V | up 0:07 | SD:ok[0m
[32mINFO - heap psram: used 19992 B, free 2077160 B, peak 19992 B; reserved 20000 / 1900544 B, peak 20000 B[0m
[32mINFO - app: Reader -> Home[0m
[32mINFO - bookmark: cached off=0 ch=0 gen=19 for "ZH2.TXT"[0m
[32mINFO - font: size_idx=1 line_h=41 (native 26 x 160%) ascent=21 max_lines=18 margin=40[0m
[32mINFO - font: size_idx=1 line_h=41 (native 26 x 160%) ascent=21 max_lines=18 margin=40[0m
[32mINFO - stats: heap 1/158K peak 42K | stack free 67K hwm 17K | bat 97% 4.1V | up 0:07 | SD:ok[0m
[32mINFO - heap psram: used 8192 B, free 2088960 B, peak 19992 B; reserved 8192 / 1900544 B, peak 20000 B[0m
[32mINFO - cjk-sd op=stage gap_after_log_us=3455014 opens=0 reads=0 bytes=0 open_us=0 read_us=0 max_read_us=0 wall_us=50 scalars=0 lookups=0[0m
[32mINFO - cjk-sd op=prepare gap_after_log_us=60 opens=0 reads=0 bytes=0 open_us=0 read_us=0 max_read_us=0 wall_us=66 scalars=0 lookups=0[0m
[32mINFO - display: partial refresh 480x800 at (0, 0) in 774 ms (partial count 2)[0m
[32mINFO - stats: heap 1/158K peak 42K | stack free 67K hwm 17K | bat 97% 4.1V | up 0:07 | SD:ok[0m
[32mINFO - heap psram: used 8192 B, free 2088960 B, peak 19992 B; reserved 8192 / 1900544 B, peak 20000 B[0m
[32mINFO - display: partial refresh 280x118 at (100, 87) in 654 ms (partial count 3)[0m
[32mINFO - stats: heap 1/158K peak 42K | stack free 67K hwm 17K | bat 97% 4.1V | up 0:07 | SD:ok[0m
[32mINFO - heap psram: used 8192 B, free 2088960 B, peak 19992 B; reserved 8192 / 1900544 B, peak 20000 B[0m
[32mINFO - display: partial refresh 280x118 at (100, 153) in 654 ms (partial count 4)[0m
[32mINFO - stats: heap 1/158K peak 42K | stack free 67K hwm 17K | bat 97% 4.1V | up 0:07 | SD:ok[0m
[32mINFO - heap psram: used 8192 B, free 2088960 B, peak 19992 B; reserved 8192 / 1900544 B, peak 20000 B[0m
[32mINFO - stats: heap 1/158K peak 42K | stack free 67K hwm 17K | bat 97% 4.1V | up 0:07 | SD:ok[0m
[32mINFO - heap psram: used 8192 B, free 2088960 B, peak 19992 B; reserved 8192 / 1900544 B, peak 20000 B[0m
[32mINFO - display: partial refresh 280x118 at (100, 219) in 655 ms (partial count 5)[0m
[32mINFO - app: Home -> Settings[0m
[32mINFO - font: size_idx=1 line_h=41 (native 26 x 160%) ascent=21 max_lines=18 margin=40[0m
[32mINFO - font: size_idx=1 line_h=41 (native 26 x 160%) ascent=21 max_lines=18 margin=40[0m
[32mINFO - stats: heap 1/158K peak 42K | stack free 67K hwm 17K | bat 97% 4.1V | up 0:07 | SD:ok[0m
[32mINFO - heap psram: used 8192 B, free 2088960 B, peak 19992 B; reserved 8192 / 1900544 B, peak 20000 B[0m
[32mINFO - cjk-sd op=stage gap_after_log_us=5461398 opens=0 reads=0 bytes=0 open_us=0 read_us=0 max_read_us=0 wall_us=20 scalars=0 lookups=0[0m
[32mINFO - cjk-sd op=prepare gap_after_log_us=33 opens=0 reads=0 bytes=0 open_us=0 read_us=0 max_read_us=0 wall_us=32 scalars=0 lookups=0[0m
[32mINFO - stats: heap 1/158K peak 42K | stack free 67K hwm 17K | bat 97% 4.1V | up 0:07 | SD:ok[0m
[32mINFO - heap psram: used 8192 B, free 2088960 B, peak 19992 B; reserved 8192 / 1900544 B, peak 20000 B[0m
[32mINFO - stats: heap 1/158K peak 42K | stack free 67K hwm 17K | bat 97% 4.1V | up 0:07 | SD:ok[0m
[32mINFO - heap psram: used 8192 B, free 2088960 B, peak 19992 B; reserved 8192 / 1900544 B, peak 20000 B[0m
[32mINFO - display: partial refresh 448x86 at (16, 67) in 660 ms (partial count 1)[0m
[32mINFO - stats: heap 1/158K peak 42K | stack free 67K hwm 17K | bat 97% 4.1V | up 0:07 | SD:ok[0m
[32mINFO - heap psram: used 8192 B, free 2088960 B, peak 19992 B; reserved 8192 / 1900544 B, peak 20000 B[0m
[32mINFO - display: partial refresh 448x86 at (16, 113) in 659 ms (partial count 2)[0m
[32mINFO - settings: saved to SETTINGS.TXT[0m
[32mINFO - stats: heap 1/158K peak 42K | stack free 67K hwm 17K | bat 97% 4.1V | up 0:07 | SD:ok[0m
[32mINFO - heap psram: used 8192 B, free 2088960 B, peak 19992 B; reserved 8192 / 1900544 B, peak 20000 B[0m
[32mINFO - display: partial refresh 280x40 at (184, 159) in 647 ms (partial count 3)[0m
[32mINFO - app: Settings -> Home[0m
[32mINFO - font: size_idx=2 line_h=49 (native 31 x 160%) ascent=25 max_lines=15 margin=40[0m
[32mINFO - font: size_idx=2 line_h=49 (native 31 x 160%) ascent=25 max_lines=15 margin=40[0m
[32mINFO - stats: heap 1/158K peak 42K | stack free 67K hwm 17K | bat 97% 4.1V | up 0:08 | SD:ok[0m
[32mINFO - heap psram: used 8192 B, free 2088960 B, peak 19992 B; reserved 8192 / 1900544 B, peak 20000 B[0m
[32mINFO - cjk-sd op=stage gap_after_log_us=7718944 opens=0 reads=0 bytes=0 open_us=0 read_us=0 max_read_us=0 wall_us=48 scalars=0 lookups=0[0m
[32mINFO - cjk-sd op=prepare gap_after_log_us=57 opens=0 reads=0 bytes=0 open_us=0 read_us=0 max_read_us=0 wall_us=68 scalars=0 lookups=0[0m
[32mINFO - display: partial refresh 480x800 at (0, 0) in 775 ms (partial count 4)[0m
[32mINFO - stats: heap 1/158K peak 42K | stack free 67K hwm 17K | bat 97% 4.1V | up 0:08 | SD:ok[0m
[32mINFO - heap psram: used 8192 B, free 2088960 B, peak 19992 B; reserved 8192 / 1900544 B, peak 20000 B[0m
[32mINFO - app: Home -> Reader[0m
[32mINFO - font: size_idx=2 line_h=49 (native 31 x 160%) ascent=25 max_lines=15 margin=40[0m
[32mINFO - font: size_idx=2 line_h=49 (native 31 x 160%) ascent=25 max_lines=15 margin=40[0m
[32mINFO - [work] reset -> gen 7[0m
[32mINFO - font: size_idx=2 line_h=49 (native 31 x 160%) ascent=25 max_lines=15 margin=40[0m
[32mINFO - reader: opening ZH2.TXT[0m
[32mINFO - reader-sd resume step=95 state=NeedBookmark resumed=false retained_window=false outside_step_us=18941869 outside_step_known=true previous_step_complete=true[0m
[32mINFO - bookmark: restoring off=0 ch=0 for ZH2.TXT[0m
[32mINFO - reader: opened ZH2.TXT (1189 bytes)[0m
[32mINFO - cjk: lookup 1/247 glyphs, about 50232 ms left[0m
[32mINFO - cjk-sd op=stage gap_after_log_us=2578560 opens=1 reads=12 bytes=528 open_us=189602 read_us=13971 max_read_us=2062 wall_us=204697 scalars=247 lookups=1[0m
[32mINFO - reader-sd step=95 outcome=slice state=NeedPage wall_us=416292 text_us=65929 layout_us=211148 visible_us=0 pause_us=141 logging_us=1096 other_us=137978 text_calls=1 layout_calls=1 visible_calls=0[0m
[32mINFO - stats: heap 10/158K peak 42K | stack free 67K hwm 17K | bat 97% 4.1V | up 0:08 | SD:ok[0m
[32mINFO - heap psram: used 8192 B, free 2088960 B, peak 19992 B; reserved 8192 / 1900544 B, peak 20000 B[0m
[32mINFO - cjk-sd op=stage gap_after_log_us=3117 opens=0 reads=0 bytes=0 open_us=0 read_us=0 max_read_us=0 wall_us=10 scalars=0 lookups=0[0m
[32mINFO - cjk-sd op=prepare gap_after_log_us=46 opens=0 reads=0 bytes=0 open_us=0 read_us=0 max_read_us=0 wall_us=54 scalars=0 lookups=0[0m
[32mINFO - reader-sd resume step=96 state=NeedPage resumed=true retained_window=true outside_step_us=3896625 outside_step_known=true previous_step_complete=true[0m
[32mINFO - cjk-sd op=stage gap_after_log_us=3895978 opens=1 reads=63 bytes=7260 open_us=129 read_us=60158 max_read_us=2006 wall_us=61330 scalars=247 lookups=27[0m
[32mINFO - reader-sd step=96 outcome=slice state=NeedPage wall_us=65355 text_us=61 layout_us=63215 visible_us=0 pause_us=718 logging_us=1115 other_us=246 text_calls=1 layout_calls=1 visible_calls=0[0m
[32mINFO - battery: cell 4178 mV, 98% (periodic)[0m
[32mINFO - stats: heap 10/158K peak 42K | stack free 67K hwm 17K | bat 98% 4.1V | up 0:08 | SD:ok[0m
[32mINFO - heap psram: used 8192 B, free 2088960 B, peak 19992 B; reserved 8192 / 1900544 B, peak 20000 B[0m
[32mINFO - reader-sd resume step=97 state=NeedPage resumed=true retained_window=true outside_step_us=32877 outside_step_known=true previous_step_complete=true[0m
[32mINFO - cjk: lookup 55/247 glyphs, about 435 ms left[0m
[32mINFO - cjk-sd op=stage gap_after_log_us=36819 opens=1 reads=66 bytes=7216 open_us=67 read_us=60318 max_read_us=2021 wall_us=61812 scalars=247 lookups=27[0m
[32mINFO - reader-sd step=97 outcome=slice state=NeedPage wall_us=64908 text_us=32 layout_us=63648 visible_us=0 pause_us=188 logging_us=878 other_us=162 text_calls=1 layout_calls=1 visible_calls=0[0m
[32mINFO - reader-sd resume step=98 state=NeedPage resumed=true retained_window=true outside_step_us=139 outside_step_known=true previous_step_complete=true[0m
[32mINFO - cjk-sd op=stage gap_after_log_us=3405 opens=1 reads=69 bytes=6556 open_us=43 read_us=60380 max_read_us=1953 wall_us=61234 scalars=247 lookups=24[0m
[32mINFO - reader-sd step=98 outcome=slice state=NeedPage wall_us=65308 text_us=28 layout_us=63035 visible_us=0 pause_us=835 logging_us=1279 other_us=131 text_calls=1 layout_calls=1 visible_calls=0[0m
[32mINFO - reader-sd resume step=99 state=NeedPage resumed=true retained_window=true outside_step_us=194 outside_step_known=true previous_step_complete=true[0m
[32mINFO - cjk-sd op=stage gap_after_log_us=4173 opens=1 reads=66 bytes=7546 open_us=75 read_us=59504 max_read_us=3765 wall_us=60526 scalars=247 lookups=29[0m
[32mINFO - reader-sd step=99 outcome=slice state=NeedPage wall_us=63964 text_us=39 layout_us=62322 visible_us=0 pause_us=199 logging_us=1254 other_us=150 text_calls=1 layout_calls=1 visible_calls=0[0m
[32mINFO - reader-sd resume step=100 state=NeedPage resumed=true retained_window=true outside_step_us=134 outside_step_known=true previous_step_complete=true[0m
[32mINFO - cjk-sd op=stage gap_after_log_us=3637 opens=1 reads=67 bytes=6336 open_us=50 read_us=59503 max_read_us=2021 wall_us=60362 scalars=247 lookups=26[0m
[32mINFO - reader-sd step=100 outcome=slice state=NeedPage wall_us=64274 text_us=37 layout_us=62170 visible_us=0 pause_us=610 logging_us=1309 other_us=148 text_calls=1 layout_calls=1 visible_calls=0[0m
[32mINFO - reader-sd resume step=101 state=NeedPage resumed=true retained_window=true outside_step_us=129 outside_step_known=true previous_step_complete=true[0m
[32mINFO - cjk-sd op=stage gap_after_log_us=3908 opens=1 reads=67 bytes=5368 open_us=59 read_us=65389 max_read_us=2020 wall_us=66268 scalars=247 lookups=18[0m
[32mINFO - reader-sd step=101 outcome=slice state=NeedPage wall_us=69762 text_us=20 layout_us=68078 visible_us=0 pause_us=187 logging_us=1318 other_us=159 text_calls=1 layout_calls=1 visible_calls=0[0m
[32mINFO - reader-sd resume step=102 state=NeedPage resumed=true retained_window=true outside_step_us=123 outside_step_known=true previous_step_complete=true[0m
[32mINFO - cjk-sd op=stage gap_after_log_us=3411 opens=1 reads=65 bytes=4906 open_us=43 read_us=60459 max_read_us=2015 wall_us=61234 scalars=247 lookups=17[0m
[32mINFO - reader-sd step=102 outcome=slice state=NeedPage wall_us=64882 text_us=27 layout_us=63045 visible_us=0 pause_us=599 logging_us=1080 other_us=131 text_calls=1 layout_calls=1 visible_calls=0[0m
[32mINFO - reader-sd resume step=103 state=NeedPage resumed=true retained_window=true outside_step_us=130 outside_step_known=true previous_step_complete=true[0m
[32mINFO - cjk-sd op=stage gap_after_log_us=3790 opens=1 reads=68 bytes=5962 open_us=63 read_us=64158 max_read_us=2025 wall_us=65079 scalars=247 lookups=21[0m
[32mINFO - reader-sd step=103 outcome=slice state=NeedPage wall_us=68517 text_us=29 layout_us=66882 visible_us=0 pause_us=183 logging_us=1265 other_us=158 text_calls=1 layout_calls=1 visible_calls=0[0m
[32mINFO - reader-sd resume step=104 state=NeedPage resumed=true retained_window=true outside_step_us=126 outside_step_known=true previous_step_complete=true[0m
[32mINFO - cjk-sd op=stage gap_after_log_us=3389 opens=1 reads=69 bytes=6050 open_us=43 read_us=60298 max_read_us=1993 wall_us=61149 scalars=247 lookups=22[0m
[32mINFO - reader-sd step=104 outcome=slice state=NeedPage wall_us=64835 text_us=35 layout_us=62956 visible_us=0 pause_us=615 logging_us=1098 other_us=131 text_calls=1 layout_calls=1 visible_calls=0[0m
[32mINFO - reader-sd resume step=105 state=NeedPage resumed=true retained_window=true outside_step_us=127 outside_step_known=true previous_step_complete=true[0m
[32mINFO - cjk-sd op=stage gap_after_log_us=3830 opens=1 reads=67 bytes=6424 open_us=63 read_us=64892 max_read_us=3792 wall_us=65857 scalars=247 lookups=26[0m
[32mINFO - reader-sd step=105 outcome=slice state=NeedPage wall_us=69172 text_us=20 layout_us=67669 visible_us=0 pause_us=188 logging_us=1138 other_us=157 text_calls=1 layout_calls=1 visible_calls=0[0m
[32mINFO - reader-sd resume step=106 state=NeedPage resumed=true retained_window=true outside_step_us=126 outside_step_known=true previous_step_complete=true[0m
[32mINFO - cjk-sd op=stage gap_after_log_us=3490 opens=1 reads=30 bytes=2574 open_us=43 read_us=28905 max_read_us=2015 wall_us=29456 scalars=247 lookups=9[0m
[32mINFO - cjk-sd op=bank gap_after_log_us=34 opens=1 reads=1 bytes=44 open_us=80 read_us=1066 max_read_us=1066 wall_us=1250 scalars=0 lookups=0[0m
[32mINFO - cjk-sd op=prepare gap_after_log_us=4430 opens=1 reads=24 bytes=1170 open_us=193 read_us=21835 max_read_us=2836 wall_us=24072 scalars=174 lookups=0[0m
[32mINFO - reader-sd step=106 outcome=slice state=NeedPage wall_us=65010 text_us=27 layout_us=35819 visible_us=25219 pause_us=899 logging_us=2817 other_us=229 text_calls=1 layout_calls=1 visible_calls=1[0m
[32mINFO - reader-sd resume step=107 state=NeedPage resumed=true retained_window=true outside_step_us=223 outside_step_known=true previous_step_complete=true[0m
[32mINFO - cjk-sd op=stage gap_after_log_us=4835 opens=0 reads=0 bytes=0 open_us=0 read_us=0 max_read_us=0 wall_us=126 scalars=247 lookups=0[0m
[32mINFO - cjk-sd op=prepare gap_after_log_us=4334 opens=1 reads=54 bytes=3446 open_us=165 read_us=54166 max_read_us=3073 wall_us=55685 scalars=174 lookups=0[0m
[32mINFO - reader-sd step=107 outcome=slice state=NeedPage wall_us=64808 text_us=89 layout_us=5284 visible_us=56791 pause_us=252 logging_us=2106 other_us=286 text_calls=1 layout_calls=1 visible_calls=1[0m
[32mINFO - reader-sd resume step=108 state=NeedPage resumed=true retained_window=true outside_step_us=179 outside_step_known=true previous_step_complete=true[0m
[32mINFO - cjk-sd op=stage gap_after_log_us=3683 opens=0 reads=0 bytes=0 open_us=0 read_us=0 max_read_us=0 wall_us=85 scalars=247 lookups=0[0m
[32mINFO - cjk-sd op=prepare gap_after_log_us=4233 opens=1 reads=49 bytes=3124 open_us=134 read_us=54517 max_read_us=2890 wall_us=56083 scalars=174 lookups=0[0m
[32mINFO - reader-sd step=108 outcome=slice state=NeedPage wall_us=64978 text_us=52 layout_us=5069 visible_us=57165 pause_us=773 logging_us=1695 other_us=224 text_calls=1 layout_calls=1 visible_calls=1[0m
[32mINFO - reader-sd resume step=109 state=NeedPage resumed=true retained_window=true outside_step_us=175 outside_step_known=true previous_step_complete=true[0m
[32mINFO - cjk-sd op=stage gap_after_log_us=4224 opens=0 reads=0 bytes=0 open_us=0 read_us=0 max_read_us=0 wall_us=74 scalars=247 lookups=0[0m
[32mINFO - cjk-sd op=prepare gap_after_log_us=4231 opens=1 reads=48 bytes=2988 open_us=158 read_us=53697 max_read_us=2032 wall_us=55485 scalars=174 lookups=0[0m
[32mINFO - reader-sd step=109 outcome=slice state=NeedPage wall_us=63960 text_us=48 layout_us=5066 visible_us=56560 pause_us=228 logging_us=1798 other_us=260 text_calls=1 layout_calls=1 visible_calls=1[0m
[32mINFO - reader-sd resume step=110 state=NeedPage resumed=true retained_window=true outside_step_us=184 outside_step_known=true previous_step_complete=true[0m
[32mINFO - cjk-sd op=stage gap_after_log_us=3714 opens=0 reads=0 bytes=0 open_us=0 read_us=0 max_read_us=0 wall_us=77 scalars=247 lookups=0[0m
[32mINFO - cjk-sd op=prepare gap_after_log_us=4217 opens=1 reads=4 bytes=126 open_us=150 read_us=4698 max_read_us=2017 wall_us=5569 scalars=174 lookups=0[0m
[32mINFO - reader-sd step=110 outcome=ready state=Ready wall_us=78613 text_us=64942 layout_us=5074 visible_us=6649 pause_us=0 logging_us=1639 other_us=309 text_calls=2 layout_calls=1 visible_calls=1[0m
[32mINFO - stats: heap 14/158K peak 42K | stack free 67K hwm 17K | bat 98% 4.1V | up 0:08 | SD:ok[0m
[32mINFO - heap psram: used 18828 B, free 2078324 B, peak 19992 B; reserved 18832 / 1900544 B, peak 20000 B[0m
[32mINFO - display: partial refresh 480x794 at (0, 6) in 858 ms (partial count 1)[0m
[32mINFO - stats: heap 14/158K peak 42K | stack free 67K hwm 17K | bat 98% 4.1V | up 0:08 | SD:ok[0m
[32mINFO - heap psram: used 18828 B, free 2078324 B, peak 19992 B; reserved 18832 / 1900544 B, peak 20000 B[0m
[32mINFO - app: Reader -> Home[0m
[32mINFO - bookmark: cached off=0 ch=0 gen=20 for "ZH2.TXT"[0m
[32mINFO - font: size_idx=2 line_h=49 (native 31 x 160%) ascent=25 max_lines=15 margin=40[0m
[32mINFO - font: size_idx=2 line_h=49 (native 31 x 160%) ascent=25 max_lines=15 margin=40[0m
[32mINFO - stats: heap 1/158K peak 42K | stack free 67K hwm 17K | bat 98% 4.1V | up 0:08 | SD:ok[0m
[32mINFO - heap psram: used 8192 B, free 2088960 B, peak 19992 B; reserved 8192 / 1900544 B, peak 20000 B[0m
[32mINFO - cjk-sd op=stage gap_after_log_us=3118249 opens=0 reads=0 bytes=0 open_us=0 read_us=0 max_read_us=0 wall_us=50 scalars=0 lookups=0[0m
[32mINFO - cjk-sd op=prepare gap_after_log_us=59 opens=0 reads=0 bytes=0 open_us=0 read_us=0 max_read_us=0 wall_us=69 scalars=0 lookups=0[0m
[32mINFO - display: partial refresh 480x800 at (0, 0) in 774 ms (partial count 2)[0m
[32mINFO - bookmarks: flushed 6 slots to SD[0m
[32mINFO - stats: heap 1/158K peak 42K | stack free 67K hwm 17K | bat 98% 4.1V | up 0:08 | SD:ok[0m
[32mINFO - heap psram: used 8192 B, free 2088960 B, peak 19992 B; reserved 8192 / 1900544 B, peak 20000 B[0m
[32mINFO - display: partial refresh 280x118 at (100, 87) in 656 ms (partial count 3)[0m
[32mINFO - stats: heap 1/158K peak 42K | stack free 67K hwm 17K | bat 98% 4.1V | up 0:08 | SD:ok[0m
[32mINFO - heap psram: used 8192 B, free 2088960 B, peak 19992 B; reserved 8192 / 1900544 B, peak 20000 B[0m
[32mINFO - display: partial refresh 280x118 at (100, 153) in 654 ms (partial count 4)[0m
[32mINFO - stats: heap 1/158K peak 42K | stack free 67K hwm 17K | bat 98% 4.1V | up 0:08 | SD:ok[0m
[32mINFO - heap psram: used 8192 B, free 2088960 B, peak 19992 B; reserved 8192 / 1900544 B, peak 20000 B[0m
[32mINFO - display: partial refresh 280x118 at (100, 219) in 656 ms (partial count 5)[0m
[32mINFO - stats: heap 1/158K peak 42K | stack free 67K hwm 17K | bat 98% 4.1V | up 0:08 | SD:ok[0m
[32mINFO - heap psram: used 8192 B, free 2088960 B, peak 19992 B; reserved 8192 / 1900544 B, peak 20000 B[0m
[32mINFO - app: Home -> Settings[0m
[32mINFO - font: size_idx=2 line_h=49 (native 31 x 160%) ascent=25 max_lines=15 margin=40[0m
[32mINFO - font: size_idx=2 line_h=49 (native 31 x 160%) ascent=25 max_lines=15 margin=40[0m
[32mINFO - stats: heap 1/158K peak 42K | stack free 67K hwm 17K | bat 98% 4.1V | up 0:08 | SD:ok[0m
[32mINFO - heap psram: used 8192 B, free 2088960 B, peak 19992 B; reserved 8192 / 1900544 B, peak 20000 B[0m
[32mINFO - cjk-sd op=stage gap_after_log_us=5245775 opens=0 reads=0 bytes=0 open_us=0 read_us=0 max_read_us=0 wall_us=40 scalars=0 lookups=0[0m
[32mINFO - cjk-sd op=prepare gap_after_log_us=58 opens=0 reads=0 bytes=0 open_us=0 read_us=0 max_read_us=0 wall_us=46 scalars=0 lookups=0[0m
[32mINFO - stats: heap 1/158K peak 42K | stack free 67K hwm 17K | bat 98% 4.1V | up 0:08 | SD:ok[0m
[32mINFO - heap psram: used 8192 B, free 2088960 B, peak 19992 B; reserved 8192 / 1900544 B, peak 20000 B[0m
[32mINFO - display: partial refresh 448x86 at (16, 67) in 661 ms (partial count 1)[0m
[32mINFO - stats: heap 1/158K peak 42K | stack free 67K hwm 17K | bat 98% 4.1V | up 0:08 | SD:ok[0m
[32mINFO - heap psram: used 8192 B, free 2088960 B, peak 19992 B; reserved 8192 / 1900544 B, peak 20000 B[0m
[32mINFO - stats: heap 1/158K peak 42K | stack free 67K hwm 17K | bat 98% 4.1V | up 0:08 | SD:ok[0m
[32mINFO - heap psram: used 8192 B, free 2088960 B, peak 19992 B; reserved 8192 / 1900544 B, peak 20000 B[0m
[32mINFO - display: partial refresh 448x86 at (16, 113) in 659 ms (partial count 2)[0m
[32mINFO - settings: saved to SETTINGS.TXT[0m
[32mINFO - stats: heap 1/158K peak 42K | stack free 67K hwm 17K | bat 98% 4.1V | up 0:08 | SD:ok[0m
[32mINFO - heap psram: used 8192 B, free 2088960 B, peak 19992 B; reserved 8192 / 1900544 B, peak 20000 B[0m
[32mINFO - display: partial refresh 280x40 at (184, 159) in 648 ms (partial count 3)[0m
[32mINFO - stats: heap 1/158K peak 42K | stack free 67K hwm 17K | bat 98% 4.1V | up 0:08 | SD:ok[0m
[32mINFO - heap psram: used 8192 B, free 2088960 B, peak 19992 B; reserved 8192 / 1900544 B, peak 20000 B[0m
[32mINFO - app: Settings -> Home[0m
[32mINFO - font: size_idx=3 line_h=59 (native 37 x 160%) ascent=30 max_lines=12 margin=40[0m
[32mINFO - font: size_idx=3 line_h=59 (native 37 x 160%) ascent=30 max_lines=12 margin=40[0m
[32mINFO - stats: heap 1/158K peak 42K | stack free 67K hwm 17K | bat 98% 4.1V | up 0:08 | SD:ok[0m
[32mINFO - heap psram: used 8192 B, free 2088960 B, peak 19992 B; reserved 8192 / 1900544 B, peak 20000 B[0m
[32mINFO - cjk-sd op=stage gap_after_log_us=9366240 opens=0 reads=0 bytes=0 open_us=0 read_us=0 max_read_us=0 wall_us=40 scalars=0 lookups=0[0m
[32mINFO - cjk-sd op=prepare gap_after_log_us=58 opens=0 reads=0 bytes=0 open_us=0 read_us=0 max_read_us=0 wall_us=68 scalars=0 lookups=0[0m
[32mINFO - display: partial refresh 480x800 at (0, 0) in 775 ms (partial count 4)[0m
[32mINFO - app: Home -> Reader[0m
[32mINFO - font: size_idx=3 line_h=59 (native 37 x 160%) ascent=30 max_lines=12 margin=40[0m
[32mINFO - font: size_idx=3 line_h=59 (native 37 x 160%) ascent=30 max_lines=12 margin=40[0m
[32mINFO - [work] reset -> gen 8[0m
[32mINFO - font: size_idx=3 line_h=59 (native 37 x 160%) ascent=30 max_lines=12 margin=40[0m
[32mINFO - reader: opening ZH2.TXT[0m
[32mINFO - reader-sd resume step=111 state=NeedBookmark resumed=false retained_window=false outside_step_us=19016576 outside_step_known=true previous_step_complete=true[0m
[32mINFO - bookmark: restoring off=0 ch=0 for ZH2.TXT[0m
[32mINFO - reader: opened ZH2.TXT (1189 bytes)[0m
[32mINFO - cjk: lookup 1/247 glyphs, about 50209 ms left[0m
[32mINFO - cjk-sd op=stage gap_after_log_us=1558940 opens=1 reads=12 bytes=528 open_us=189452 read_us=14034 max_read_us=2098 wall_us=204615 scalars=247 lookups=1[0m
[32mINFO - reader-sd step=111 outcome=slice state=NeedPage wall_us=416432 text_us=65916 layout_us=211066 visible_us=0 pause_us=138 logging_us=1104 other_us=138208 text_calls=1 layout_calls=1 visible_calls=0[0m
[32mINFO - stats: heap 10/158K peak 42K | stack free 67K hwm 17K | bat 98% 4.1V | up 0:08 | SD:ok[0m
[32mINFO - heap psram: used 8192 B, free 2088960 B, peak 19992 B; reserved 8192 / 1900544 B, peak 20000 B[0m
[32mINFO - cjk-sd op=stage gap_after_log_us=3175 opens=0 reads=0 bytes=0 open_us=0 read_us=0 max_read_us=0 wall_us=5 scalars=0 lookups=0[0m
[32mINFO - cjk-sd op=prepare gap_after_log_us=47 opens=0 reads=0 bytes=0 open_us=0 read_us=0 max_read_us=0 wall_us=58 scalars=0 lookups=0[0m
[32mINFO - reader-sd resume step=112 state=NeedPage resumed=true retained_window=true outside_step_us=3897128 outside_step_known=true previous_step_complete=true[0m
[32mINFO - cjk-sd op=stage gap_after_log_us=3896705 opens=1 reads=64 bytes=7282 open_us=128 read_us=59572 max_read_us=2056 wall_us=60752 scalars=247 lookups=28[0m
[32mINFO - reader-sd step=112 outcome=slice state=NeedPage wall_us=64469 text_us=65 layout_us=62643 visible_us=0 pause_us=203 logging_us=1324 other_us=234 text_calls=1 layout_calls=1 visible_calls=0[0m
[32mINFO - stats: heap 10/158K peak 42K | stack free 67K hwm 17K | bat 98% 4.1V | up 0:08 | SD:ok[0m
[32mINFO - heap psram: used 8192 B, free 2088960 B, peak 19992 B; reserved 8192 / 1900544 B, peak 20000 B[0m
[32mINFO - reader-sd resume step=113 state=NeedPage resumed=true retained_window=true outside_step_us=1890 outside_step_known=true previous_step_complete=true[0m
[32mINFO - cjk: lookup 56/247 glyphs, about 442 ms left[0m
[32mINFO - cjk-sd op=stage gap_after_log_us=5269 opens=1 reads=70 bytes=7524 open_us=51 read_us=61713 max_read_us=2036 wall_us=63117 scalars=247 lookups=27[0m
[32mINFO - reader-sd step=113 outcome=slice state=NeedPage wall_us=66852 text_us=49 layout_us=64911 visible_us=0 pause_us=715 logging_us=1019 other_us=158 text_calls=1 layout_calls=1 visible_calls=0[0m
[32mINFO - reader-sd resume step=114 state=NeedPage resumed=true retained_window=true outside_step_us=211 outside_step_known=true previous_step_complete=true[0m
[32mINFO - cjk-sd op=stage gap_after_log_us=4053 opens=1 reads=64 bytes=6226 open_us=68 read_us=59431 max_read_us=2031 wall_us=60336 scalars=247 lookups=23[0m
[32mINFO - reader-sd step=114 outcome=slice state=NeedPage wall_us=63657 text_us=28 layout_us=62132 visible_us=0 pause_us=366 logging_us=977 other_us=154 text_calls=1 layout_calls=1 visible_calls=0[0m
[32mINFO - reader-sd resume step=115 state=NeedPage resumed=true retained_window=true outside_step_us=139 outside_step_known=true previous_step_complete=true[0m
[32mINFO - cjk-sd op=stage gap_after_log_us=3640 opens=1 reads=66 bytes=7546 open_us=41 read_us=59901 max_read_us=3846 wall_us=60842 scalars=247 lookups=29[0m
[32mINFO - reader-sd step=115 outcome=slice state=NeedPage wall_us=64569 text_us=29 layout_us=62650 visible_us=0 pause_us=612 logging_us=1140 other_us=138 text_calls=1 layout_calls=1 visible_calls=0[0m
[32mINFO - reader-sd resume step=116 state=NeedPage resumed=true retained_window=true outside_step_us=137 outside_step_known=true previous_step_complete=true[0m
[32mINFO - cjk-sd op=stage gap_after_log_us=3726 opens=1 reads=67 bytes=6336 open_us=62 read_us=59827 max_read_us=2062 wall_us=60755 scalars=247 lookups=26[0m
[32mINFO - reader-sd step=116 outcome=slice state=NeedPage wall_us=63907 text_us=26 layout_us=62557 visible_us=0 pause_us=175 logging_us=987 other_us=162 text_calls=1 layout_calls=1 visible_calls=0[0m
[32mINFO - reader-sd resume step=117 state=NeedPage resumed=true retained_window=true outside_step_us=129 outside_step_known=true previous_step_complete=true[0m
[32mINFO - cjk-sd op=stage gap_after_log_us=3517 opens=1 reads=67 bytes=5368 open_us=50 read_us=65337 max_read_us=2027 wall_us=66137 scalars=247 lookups=18[0m
[32mINFO - reader-sd step=117 outcome=slice state=NeedPage wall_us=69840 text_us=31 layout_us=67945 visible_us=0 pause_us=615 logging_us=1113 other_us=136 text_calls=1 layout_calls=1 visible_calls=0[0m
[32mINFO - reader-sd resume step=118 state=NeedPage resumed=true retained_window=true outside_step_us=133 outside_step_known=true previous_step_complete=true[0m
[32mINFO - cjk-sd op=stage gap_after_log_us=3857 opens=1 reads=68 bytes=5214 open_us=57 read_us=61136 max_read_us=2036 wall_us=62009 scalars=247 lookups=18[0m
[32mINFO - reader-sd step=118 outcome=slice state=NeedPage wall_us=65276 text_us=25 layout_us=63812 visible_us=0 pause_us=179 logging_us=1102 other_us=158 text_calls=1 layout_calls=1 visible_calls=0[0m
[32mINFO - reader-sd resume step=119 state=NeedPage resumed=true retained_window=true outside_step_us=129 outside_step_known=true previous_step_complete=true[0m
[32mINFO - cjk-sd op=stage gap_after_log_us=3579 opens=1 reads=65 bytes=5654 open_us=45 read_us=62645 max_read_us=2018 wall_us=63478 scalars=247 lookups=20[0m
[32mINFO - reader-sd step=119 outcome=slice state=NeedPage wall_us=67343 text_us=31 layout_us=65288 visible_us=0 pause_us=615 logging_us=1273 other_us=136 text_calls=1 layout_calls=1 visible_calls=0[0m
[32mINFO - reader-sd resume step=120 state=NeedPage resumed=true retained_window=true outside_step_us=133 outside_step_known=true previous_step_complete=true[0m
[32mINFO - cjk-sd op=stage gap_after_log_us=3959 opens=1 reads=69 bytes=6050 open_us=49 read_us=62705 max_read_us=2063 wall_us=63638 scalars=247 lookups=22[0m
[32mINFO - reader-sd step=120 outcome=slice state=NeedPage wall_us=67077 text_us=25 layout_us=65440 visible_us=0 pause_us=175 logging_us=1279 other_us=158 text_calls=1 layout_calls=1 visible_calls=0[0m
[32mINFO - reader-sd resume step=121 state=NeedPage resumed=true retained_window=true outside_step_us=129 outside_step_known=true previous_step_complete=true[0m
[32mINFO - cjk-sd op=stage gap_after_log_us=3569 opens=1 reads=60 bytes=5588 open_us=49 read_us=59404 max_read_us=3872 wall_us=60234 scalars=247 lookups=23[0m
[32mINFO - reader-sd step=121 outcome=slice state=NeedPage wall_us=64142 text_us=30 layout_us=62043 visible_us=0 pause_us=615 logging_us=1316 other_us=138 text_calls=1 layout_calls=1 visible_calls=0[0m
[32mINFO - reader-sd resume step=122 state=NeedPage resumed=true retained_window=true outside_step_us=133 outside_step_known=true previous_step_complete=true[0m
[32mINFO - cjk-sd op=stage gap_after_log_us=4074 opens=1 reads=37 bytes=3410 open_us=58 read_us=37742 max_read_us=2043 wall_us=38435 scalars=247 lookups=12[0m
[32mINFO - cjk-sd op=bank gap_after_log_us=34 opens=1 reads=1 bytes=44 open_us=68 read_us=1029 max_read_us=1029 wall_us=1204 scalars=0 lookups=0[0m
[32mINFO - cjk-sd op=prepare gap_after_log_us=3161 opens=1 reads=14 bytes=770 open_us=188 read_us=13943 max_read_us=2901 wall_us=16215 scalars=133 lookups=0[0m
[32mINFO - reader-sd step=122 outcome=slice state=NeedPage wall_us=64446 text_us=24 layout_us=43786 visible_us=17059 pause_us=299 logging_us=3013 other_us=265 text_calls=1 layout_calls=1 visible_calls=1[0m
[32mINFO - reader-sd resume step=123 state=NeedPage resumed=true retained_window=true outside_step_us=222 outside_step_known=true previous_step_complete=true[0m
[32mINFO - cjk-sd op=stage gap_after_log_us=3946 opens=0 reads=0 bytes=0 open_us=0 read_us=0 max_read_us=0 wall_us=129 scalars=247 lookups=0[0m
[32mINFO - cjk-sd op=prepare gap_after_log_us=3142 opens=1 reads=46 bytes=4431 open_us=131 read_us=55861 max_read_us=3075 wall_us=57141 scalars=133 lookups=0[0m
[32mINFO - reader-sd step=123 outcome=slice state=NeedPage wall_us=65442 text_us=70 layout_us=4414 visible_us=57952 pause_us=831 logging_us=1904 other_us=271 text_calls=1 layout_calls=1 visible_calls=1[0m
[32mINFO - reader-sd resume step=124 state=NeedPage resumed=true retained_window=true outside_step_us=189 outside_step_known=true previous_step_complete=true[0m
[32mINFO - cjk-sd op=stage gap_after_log_us=4285 opens=0 reads=0 bytes=0 open_us=0 read_us=0 max_read_us=0 wall_us=88 scalars=247 lookups=0[0m
[32mINFO - cjk-sd op=prepare gap_after_log_us=3044 opens=1 reads=42 bytes=4153 open_us=136 read_us=56864 max_read_us=2956 wall_us=58327 scalars=133 lookups=0[0m
[32mINFO - reader-sd step=124 outcome=slice state=NeedPage wall_us=65611 text_us=53 layout_us=4162 visible_us=59133 pause_us=226 logging_us=1807 other_us=230 text_calls=1 layout_calls=1 visible_calls=1[0m
[32mINFO - reader-sd resume step=125 state=NeedPage resumed=true retained_window=true outside_step_us=167 outside_step_known=true previous_step_complete=true[0m
[32mINFO - cjk-sd op=stage gap_after_log_us=3826 opens=0 reads=0 bytes=0 open_us=0 read_us=0 max_read_us=0 wall_us=86 scalars=247 lookups=0[0m
[32mINFO - cjk-sd op=prepare gap_after_log_us=2983 opens=1 reads=35 bytes=3245 open_us=162 read_us=45568 max_read_us=2844 wall_us=46974 scalars=133 lookups=0[0m
[32mINFO - reader-sd step=125 outcome=ready state=Ready wall_us=120142 text_us=66015 layout_us=4174 visible_us=47737 pause_us=0 logging_us=1891 other_us=325 text_calls=2 layout_calls=1 visible_calls=1[0m
[32mINFO - stats: heap 13/158K peak 42K | stack free 67K hwm 17K | bat 98% 4.1V | up 0:08 | SD:ok[0m
[32mINFO - heap psram: used 20616 B, free 2076536 B, peak 20616 B; reserved 20624 / 1900544 B, peak 20624 B[0m
[32mINFO - display: partial refresh 480x794 at (0, 6) in 834 ms (partial count 1)[0m
[32mINFO - app: Reader -> Home[0m
[32mINFO - bookmark: cached off=0 ch=0 gen=21 for "ZH2.TXT"[0m
[32mINFO - font: size_idx=3 line_h=59 (native 37 x 160%) ascent=30 max_lines=12 margin=40[0m
[32mINFO - font: size_idx=3 line_h=59 (native 37 x 160%) ascent=30 max_lines=12 margin=40[0m
[32mINFO - stats: heap 1/158K peak 42K | stack free 67K hwm 17K | bat 98% 4.1V | up 0:08 | SD:ok[0m
[32mINFO - heap psram: used 8192 B, free 2088960 B, peak 20616 B; reserved 8192 / 1900544 B, peak 20624 B[0m
[32mINFO - cjk-sd op=stage gap_after_log_us=2944902 opens=0 reads=0 bytes=0 open_us=0 read_us=0 max_read_us=0 wall_us=53 scalars=0 lookups=0[0m
[32mINFO - cjk-sd op=prepare gap_after_log_us=60 opens=0 reads=0 bytes=0 open_us=0 read_us=0 max_read_us=0 wall_us=68 scalars=0 lookups=0[0m
[32mINFO - display: partial refresh 480x800 at (0, 0) in 774 ms (partial count 2)[0m
[32mINFO - stats: heap 1/158K peak 42K | stack free 67K hwm 17K | bat 98% 4.1V | up 0:08 | SD:ok[0m
[32mINFO - heap psram: used 8192 B, free 2088960 B, peak 20616 B; reserved 8192 / 1900544 B, peak 20624 B[0m
[32mINFO - stats: heap 1/158K peak 42K | stack free 67K hwm 17K | bat 98% 4.1V | up 0:08 | SD:ok[0m
[32mINFO - heap psram: used 8192 B, free 2088960 B, peak 20616 B; reserved 8192 / 1900544 B, peak 20624 B[0m
[32mINFO - display: partial refresh 280x118 at (100, 87) in 655 ms (partial count 3)[0m
[32mINFO - battery: cell 4154 mV, 96% (periodic)[0m
[32mINFO - stats: heap 1/158K peak 42K | stack free 67K hwm 17K | bat 96% 4.1V | up 0:08 | SD:ok[0m
[32mINFO - heap psram: used 8192 B, free 2088960 B, peak 20616 B; reserved 8192 / 1900544 B, peak 20624 B[0m
[32mINFO - display: partial refresh 280x118 at (100, 153) in 654 ms (partial count 4)[0m
[32mINFO - stats: heap 1/158K peak 42K | stack free 67K hwm 17K | bat 96% 4.1V | up 0:08 | SD:ok[0m
[32mINFO - heap psram: used 8192 B, free 2088960 B, peak 20616 B; reserved 8192 / 1900544 B, peak 20624 B[0m
[32mINFO - display: partial refresh 280x118 at (100, 219) in 656 ms (partial count 5)[0m
[32mINFO - app: Home -> Settings[0m
[32mINFO - font: size_idx=3 line_h=59 (native 37 x 160%) ascent=30 max_lines=12 margin=40[0m
[32mINFO - font: size_idx=3 line_h=59 (native 37 x 160%) ascent=30 max_lines=12 margin=40[0m
[32mINFO - stats: heap 1/158K peak 42K | stack free 67K hwm 17K | bat 96% 4.1V | up 0:08 | SD:ok[0m
[32mINFO - heap psram: used 8192 B, free 2088960 B, peak 20616 B; reserved 8192 / 1900544 B, peak 20624 B[0m
[32mINFO - cjk-sd op=stage gap_after_log_us=4440005 opens=0 reads=0 bytes=0 open_us=0 read_us=0 max_read_us=0 wall_us=28 scalars=0 lookups=0[0m
[32mINFO - cjk-sd op=prepare gap_after_log_us=36 opens=0 reads=0 bytes=0 open_us=0 read_us=0 max_read_us=0 wall_us=31 scalars=0 lookups=0[0m
[32mINFO - bookmarks: flushed 6 slots to SD[0m
[32mINFO - stats: heap 1/158K peak 42K | stack free 67K hwm 17K | bat 96% 4.1V | up 0:08 | SD:ok[0m
[32mINFO - heap psram: used 8192 B, free 2088960 B, peak 20616 B; reserved 8192 / 1900544 B, peak 20624 B[0m
[32mINFO - settings: saved to SETTINGS.TXT[0m
[32mINFO - stats: heap 1/158K peak 42K | stack free 67K hwm 17K | bat 96% 4.1V | up 0:08 | SD:ok[0m
[32mINFO - heap psram: used 8192 B, free 2088960 B, peak 20616 B; reserved 8192 / 1900544 B, peak 20624 B[0m
[32mINFO - display: partial refresh 280x40 at (184, 67) in 647 ms (partial count 1)[0m
[32mINFO - settings: saved to SETTINGS.TXT[0m
[32mINFO - stats: heap 1/158K peak 42K | stack free 67K hwm 17K | bat 96% 4.1V | up 0:08 | SD:ok[0m
[32mINFO - heap psram: used 8192 B, free 2088960 B, peak 20616 B; reserved 8192 / 1900544 B, peak 20624 B[0m
[32mINFO - display: partial refresh 280x40 at (184, 67) in 646 ms (partial count 2)[0m
[32mINFO - stats: heap 1/158K peak 42K | stack free 67K hwm 17K | bat 96% 4.1V | up 0:08 | SD:ok[0m
[32mINFO - heap psram: used 8192 B, free 2088960 B, peak 20616 B; reserved 8192 / 1900544 B, peak 20624 B[0m
[32mINFO - stats: heap 1/158K peak 42K | stack free 67K hwm 17K | bat 96% 4.1V | up 0:08 | SD:ok[0m
[32mINFO - heap psram: used 8192 B, free 2088960 B, peak 20616 B; reserved 8192 / 1900544 B, peak 20624 B[0m
[32mINFO - display: partial refresh 448x86 at (16, 67) in 661 ms (partial count 3)[0m
[32mINFO - stats: heap 1/158K peak 42K | stack free 67K hwm 17K | bat 96% 4.1V | up 0:08 | SD:ok[0m
[32mINFO - heap psram: used 8192 B, free 2088960 B, peak 20616 B; reserved 8192 / 1900544 B, peak 20624 B[0m
[32mINFO - display: partial refresh 448x86 at (16, 113) in 659 ms (partial count 4)[0m
[32mINFO - settings: saved to SETTINGS.TXT[0m
[32mINFO - stats: heap 1/158K peak 42K | stack free 67K hwm 17K | bat 96% 4.1V | up 0:08 | SD:ok[0m
[32mINFO - heap psram: used 8192 B, free 2088960 B, peak 20616 B; reserved 8192 / 1900544 B, peak 20624 B[0m
[32mINFO - display: partial refresh 280x40 at (184, 159) in 648 ms (partial count 5)[0m
[32mINFO - app: Settings -> Home[0m
[32mINFO - font: size_idx=4 line_h=75 (native 47 x 160%) ascent=37 max_lines=10 margin=40[0m
[32mINFO - font: size_idx=4 line_h=75 (native 47 x 160%) ascent=37 max_lines=10 margin=40[0m
[32mINFO - stats: heap 1/158K peak 42K | stack free 67K hwm 17K | bat 96% 4.1V | up 0:08 | SD:ok[0m
[32mINFO - heap psram: used 8192 B, free 2088960 B, peak 20616 B; reserved 8192 / 1900544 B, peak 20624 B[0m
[32mINFO - cjk-sd op=stage gap_after_log_us=9342854 opens=0 reads=0 bytes=0 open_us=0 read_us=0 max_read_us=0 wall_us=44 scalars=0 lookups=0[0m
[32mINFO - cjk-sd op=prepare gap_after_log_us=62 opens=0 reads=0 bytes=0 open_us=0 read_us=0 max_read_us=0 wall_us=67 scalars=0 lookups=0[0m
[32mINFO - display: partial refresh 480x800 at (0, 0) in 774 ms (partial count 6)[0m
[32mINFO - app: Home -> Reader[0m
[32mINFO - font: size_idx=4 line_h=75 (native 47 x 160%) ascent=37 max_lines=10 margin=40[0m
[32mINFO - font: size_idx=4 line_h=75 (native 47 x 160%) ascent=37 max_lines=10 margin=40[0m
[32mINFO - [work] reset -> gen 9[0m
[32mINFO - font: size_idx=4 line_h=75 (native 47 x 160%) ascent=37 max_lines=10 margin=40[0m
[32mINFO - reader: opening ZH2.TXT[0m
[32mINFO - reader-sd resume step=126 state=NeedBookmark resumed=false retained_window=false outside_step_us=17950898 outside_step_known=true previous_step_complete=true[0m
[32mINFO - bookmark: restoring off=0 ch=0 for ZH2.TXT[0m
[32mINFO - reader: opened ZH2.TXT (1189 bytes)[0m
[32mINFO - cjk: lookup 1/247 glyphs, about 50141 ms left[0m
[32mINFO - cjk-sd op=stage gap_after_log_us=1497119 opens=1 reads=12 bytes=528 open_us=189565 read_us=13634 max_read_us=1998 wall_us=204497 scalars=247 lookups=1[0m
[32mINFO - reader-sd step=126 outcome=slice state=NeedPage wall_us=416326 text_us=66088 layout_us=210952 visible_us=0 pause_us=134 logging_us=1093 other_us=138059 text_calls=1 layout_calls=1 visible_calls=0[0m
[32mINFO - stats: heap 10/158K peak 42K | stack free 67K hwm 17K | bat 96% 4.1V | up 0:08 | SD:ok[0m
[32mINFO - heap psram: used 8192 B, free 2088960 B, peak 20616 B; reserved 8192 / 1900544 B, peak 20624 B[0m
[32mINFO - cjk-sd op=stage gap_after_log_us=3055 opens=0 reads=0 bytes=0 open_us=0 read_us=0 max_read_us=0 wall_us=5 scalars=0 lookups=0[0m
[32mINFO - cjk-sd op=prepare gap_after_log_us=47 opens=0 reads=0 bytes=0 open_us=0 read_us=0 max_read_us=0 wall_us=58 scalars=0 lookups=0[0m
[32mINFO - reader-sd resume step=127 state=NeedPage resumed=true retained_window=true outside_step_us=3896994 outside_step_known=true previous_step_complete=true[0m
[32mINFO - cjk-sd op=stage gap_after_log_us=3896579 opens=1 reads=64 bytes=7282 open_us=129 read_us=59145 max_read_us=1996 wall_us=60329 scalars=247 lookups=28[0m
[32mINFO - reader-sd step=127 outcome=slice state=NeedPage wall_us=64264 text_us=65 layout_us=62223 visible_us=0 pause_us=203 logging_us=1527 other_us=246 text_calls=1 layout_calls=1 visible_calls=0[0m
[32mINFO - stats: heap 10/158K peak 42K | stack free 67K hwm 17K | bat 96% 4.1V | up 0:08 | SD:ok[0m
[32mINFO - heap psram: used 8192 B, free 2088960 B, peak 20616 B; reserved 8192 / 1900544 B, peak 20624 B[0m
[32mINFO - reader-sd resume step=128 state=NeedPage resumed=true retained_window=true outside_step_us=1890 outside_step_known=true previous_step_complete=true[0m
[32mINFO - cjk: lookup 56/247 glyphs, about 443 ms left[0m
[32mINFO - cjk-sd op=stage gap_after_log_us=5273 opens=1 reads=70 bytes=7524 open_us=55 read_us=61839 max_read_us=2017 wall_us=63076 scalars=247 lookups=27[0m
[32mINFO - reader-sd step=128 outcome=slice state=NeedPage wall_us=66831 text_us=45 layout_us=64901 visible_us=0 pause_us=720 logging_us=997 other_us=168 text_calls=1 layout_calls=1 visible_calls=0[0m
[32mINFO - reader-sd resume step=129 state=NeedPage resumed=true retained_window=true outside_step_us=215 outside_step_known=true previous_step_complete=true[0m
[32mINFO - cjk-sd op=stage gap_after_log_us=4103 opens=1 reads=64 bytes=6226 open_us=70 read_us=60342 max_read_us=2034 wall_us=61252 scalars=247 lookups=23[0m
[32mINFO - reader-sd step=129 outcome=slice state=NeedPage wall_us=64725 text_us=31 layout_us=63076 visible_us=0 pause_us=370 logging_us=1085 other_us=163 text_calls=1 layout_calls=1 visible_calls=0[0m
[32mINFO - reader-sd resume step=130 state=NeedPage resumed=true retained_window=true outside_step_us=144 outside_step_known=true previous_step_complete=true[0m
[32mINFO - cjk-sd op=stage gap_after_log_us=3656 opens=1 reads=71 bytes=7898 open_us=47 read_us=65377 max_read_us=3725 wall_us=66351 scalars=247 lookups=30[0m
[32mINFO - reader-sd step=130 outcome=slice state=NeedPage wall_us=70249 text_us=32 layout_us=68183 visible_us=0 pause_us=613 logging_us=1281 other_us=140 text_calls=1 layout_calls=1 visible_calls=0[0m
[32mINFO - reader-sd resume step=131 state=NeedPage resumed=true retained_window=true outside_step_us=126 outside_step_known=true previous_step_complete=true[0m
[32mINFO - cjk-sd op=stage gap_after_log_us=3913 opens=1 reads=73 bytes=6908 open_us=55 read_us=59488 max_read_us=2900 wall_us=60458 scalars=247 lookups=28[0m
[32mINFO - reader-sd step=131 outcome=slice state=NeedPage wall_us=63952 text_us=27 layout_us=62277 visible_us=0 pause_us=179 logging_us=1306 other_us=163 text_calls=1 layout_calls=1 visible_calls=0[0m
[32mINFO - reader-sd resume step=132 state=NeedPage resumed=true retained_window=true outside_step_us=119 outside_step_known=true previous_step_complete=true[0m
[32mINFO - cjk-sd op=stage gap_after_log_us=3589 opens=1 reads=64 bytes=5324 open_us=51 read_us=61074 max_read_us=1955 wall_us=61873 scalars=247 lookups=18[0m
[32mINFO - reader-sd step=132 outcome=slice state=NeedPage wall_us=65720 text_us=31 layout_us=63701 visible_us=0 pause_us=616 logging_us=1229 other_us=143 text_calls=1 layout_calls=1 visible_calls=0[0m
[32mINFO - reader-sd resume step=133 state=NeedPage resumed=true retained_window=true outside_step_us=129 outside_step_known=true previous_step_complete=true[0m
[32mINFO - cjk-sd op=stage gap_after_log_us=3810 opens=1 reads=72 bytes=5302 open_us=59 read_us=62063 max_read_us=1991 wall_us=62949 scalars=247 lookups=20[0m
[32mINFO - reader-sd step=133 outcome=slice state=NeedPage wall_us=66164 text_us=28 layout_us=64778 visible_us=0 pause_us=171 logging_us=1027 other_us=160 text_calls=1 layout_calls=1 visible_calls=0[0m
[32mINFO - reader-sd resume step=134 state=NeedPage resumed=true retained_window=true outside_step_us=122 outside_step_known=true previous_step_complete=true[0m
[32mINFO - cjk-sd op=stage gap_after_log_us=3404 opens=1 reads=58 bytes=5258 open_us=46 read_us=59328 max_read_us=2008 wall_us=60102 scalars=247 lookups=17[0m
[32mINFO - reader-sd step=134 outcome=slice state=NeedPage wall_us=63997 text_us=31 layout_us=61934 visible_us=0 pause_us=615 logging_us=1274 other_us=143 text_calls=1 layout_calls=1 visible_calls=0[0m
[32mINFO - reader-sd resume step=135 state=NeedPage resumed=true retained_window=true outside_step_us=129 outside_step_known=true previous_step_complete=true[0m
[32mINFO - cjk-sd op=stage gap_after_log_us=4090 opens=1 reads=67 bytes=5764 open_us=59 read_us=59196 max_read_us=2014 wall_us=60112 scalars=247 lookups=21[0m
[32mINFO - reader-sd step=135 outcome=slice state=NeedPage wall_us=63444 text_us=28 layout_us=61940 visible_us=0 pause_us=179 logging_us=1137 other_us=160 text_calls=1 layout_calls=1 visible_calls=0[0m
[32mINFO - reader-sd resume step=136 state=NeedPage resumed=true retained_window=true outside_step_us=119 outside_step_known=true previous_step_complete=true[0m
[32mINFO - cjk-sd op=stage gap_after_log_us=3403 opens=1 reads=64 bytes=6138 open_us=47 read_us=60085 max_read_us=3757 wall_us=60934 scalars=247 lookups=25[0m
[32mINFO - reader-sd step=136 outcome=slice state=NeedPage wall_us=64674 text_us=32 layout_us=62765 visible_us=0 pause_us=616 logging_us=1121 other_us=140 text_calls=1 layout_calls=1 visible_calls=0[0m
[32mINFO - reader-sd resume step=137 state=NeedPage resumed=true retained_window=true outside_step_us=130 outside_step_known=true previous_step_complete=true[0m
[32mINFO - cjk-sd op=stage gap_after_log_us=3906 opens=1 reads=30 bytes=2574 open_us=59 read_us=28607 max_read_us=1949 wall_us=29241 scalars=247 lookups=9[0m
[32mINFO - cjk-sd op=bank gap_after_log_us=34 opens=1 reads=1 bytes=44 open_us=69 read_us=1000 max_read_us=1000 wall_us=1176 scalars=0 lookups=0[0m
[32mINFO - cjk-sd op=prepare gap_after_log_us=2296 opens=1 reads=20 bytes=2107 open_us=188 read_us=24936 max_read_us=2822 wall_us=27192 scalars=89 lookups=0[0m
[32mINFO - reader-sd step=137 outcome=slice state=NeedPage wall_us=64818 text_us=27 layout_us=33935 visible_us=27819 pause_us=294 logging_us=2477 other_us=266 text_calls=1 layout_calls=1 visible_calls=1[0m
[32mINFO - reader-sd resume step=138 state=NeedPage resumed=true retained_window=true outside_step_us=234 outside_step_known=true previous_step_complete=true[0m
[32mINFO - cjk-sd op=stage gap_after_log_us=3894 opens=0 reads=0 bytes=0 open_us=0 read_us=0 max_read_us=0 wall_us=129 scalars=247 lookups=0[0m
[32mINFO - cjk-sd op=prepare gap_after_log_us=2236 opens=1 reads=35 bytes=5055 open_us=136 read_us=56324 max_read_us=3074 wall_us=57519 scalars=89 lookups=0[0m
[32mINFO - reader-sd step=138 outcome=slice state=NeedPage wall_us=64733 text_us=67 layout_us=3706 visible_us=58132 pause_us=849 logging_us=1681 other_us=298 text_calls=1 layout_calls=1 visible_calls=1[0m
[32mINFO - reader-sd resume step=139 state=NeedPage resumed=true retained_window=true outside_step_us=168 outside_step_known=true previous_step_complete=true[0m
[32mINFO - cjk-sd op=stage gap_after_log_us=4524 opens=0 reads=0 bytes=0 open_us=0 read_us=0 max_read_us=0 wall_us=86 scalars=247 lookups=0[0m
[32mINFO - cjk-sd op=prepare gap_after_log_us=2229 opens=1 reads=33 bytes=4681 open_us=149 read_us=58391 max_read_us=2963 wall_us=59752 scalars=89 lookups=0[0m
[32mINFO - reader-sd step=139 outcome=slice state=NeedPage wall_us=66362 text_us=53 layout_us=3560 visible_us=60348 pause_us=261 logging_us=1885 other_us=255 text_calls=1 layout_calls=1 visible_calls=1[0m
[32mINFO - reader-sd resume step=140 state=NeedPage resumed=true retained_window=true outside_step_us=193 outside_step_known=true previous_step_complete=true[0m
[32mINFO - cjk-sd op=stage gap_after_log_us=3824 opens=0 reads=0 bytes=0 open_us=0 read_us=0 max_read_us=0 wall_us=92 scalars=247 lookups=0[0m
[32mINFO - cjk-sd op=prepare gap_after_log_us=2147 opens=1 reads=5 bytes=355 open_us=151 read_us=7722 max_read_us=3066 wall_us=8617 scalars=89 lookups=0[0m
[32mINFO - reader-sd step=140 outcome=ready state=Ready wall_us=80734 text_us=65856 layout_us=3545 visible_us=9202 pause_us=0 logging_us=1813 other_us=318 text_calls=2 layout_calls=1 visible_calls=1[0m
[32mINFO - stats: heap 12/158K peak 42K | stack free 67K hwm 17K | bat 96% 4.1V | up 0:08 | SD:ok[0m
[32mINFO - heap psram: used 20216 B, free 2076936 B, peak 20616 B; reserved 20224 / 1900544 B, peak 20624 B[0m
[32mINFO - display: partial refresh 480x794 at (0, 6) in 819 ms (partial count 1)[0m
[32mINFO - stats: heap 12/158K peak 42K | stack free 67K hwm 17K | bat 96% 4.1V | up 0:08 | SD:ok[0m
[32mINFO - heap psram: used 20216 B, free 2076936 B, peak 20616 B; reserved 20224 / 1900544 B, peak 20624 B[0m
[32mINFO - stats: heap 12/158K peak 42K | stack free 67K hwm 17K | bat 96% 4.1V | up 0:09 | SD:ok[0m
[32mINFO - heap psram: used 20216 B, free 2076936 B, peak 20616 B; reserved 20224 / 1900544 B, peak 20624 B[0m
[32mINFO - stats: heap 12/158K peak 42K | stack free 67K hwm 17K | bat 96% 4.1V | up 0:09 | SD:ok[0m
[32mINFO - heap psram: used 20216 B, free 2076936 B, peak 20616 B; reserved 20224 / 1900544 B, peak 20624 B[0m
[32mINFO - battery: cell 4152 mV, 96% (periodic)[0m
[32mINFO - stats: heap 12/158K peak 42K | stack free 67K hwm 17K | bat 96% 4.1V | up 0:09 | SD:ok[0m
[32mINFO - heap psram: used 20216 B, free 2076936 B, peak 20616 B; reserved 20224 / 1900544 B, peak 20624 B[0m
[32mINFO - stats: heap 12/158K peak 42K | stack free 67K hwm 17K | bat 96% 4.1V | up 0:09 | SD:ok[0m
[32mINFO - heap psram: used 20216 B, free 2076936 B, peak 20616 B; reserved 20224 / 1900544 B, peak 20624 B[0m
[32mINFO - stats: heap 12/158K peak 42K | stack free 67K hwm 17K | bat 96% 4.1V | up 0:09 | SD:ok[0m
[32mINFO - heap psram: used 20216 B, free 2076936 B, peak 20616 B; reserved 20224 / 1900544 B, peak 20624 B[0m
[32mINFO - stats: heap 12/158K peak 42K | stack free 67K hwm 17K | bat 96% 4.1V | up 0:09 | SD:ok[0m
[32mINFO - heap psram: used 20216 B, free 2076936 B, peak 20616 B; reserved 20224 / 1900544 B, peak 20624 B[0m
[32mINFO - stats: heap 12/158K peak 42K | stack free 67K hwm 17K | bat 96% 4.1V | up 0:09 | SD:ok[0m
[32mINFO - heap psram: used 20216 B, free 2076936 B, peak 20616 B; reserved 20224 / 1900544 B, peak 20624 B[0m
[32mINFO - stats: heap 12/158K peak 42K | stack free 67K hwm 17K | bat 96% 4.1V | up 0:09 | SD:ok[0m
[32mINFO - heap psram: used 20216 B, free 2076936 B, peak 20616 B; reserved 20224 / 1900544 B, peak 20624 B[0m
[32mINFO - battery: cell 4144 mV, 96% (periodic)[0m
[32mINFO - stats: heap 12/158K peak 42K | stack free 67K hwm 17K | bat 96% 4.1V | up 0:09 | SD:ok[0m
[32mINFO - heap psram: used 20216 B, free 2076936 B, peak 20616 B; reserved 20224 / 1900544 B, peak 20624 B[0m
[32mINFO - stats: heap 12/158K peak 42K | stack free 67K hwm 17K | bat 96% 4.1V | up 0:09 | SD:ok[0m
[32mINFO - heap psram: used 20216 B, free 2076936 B, peak 20616 B; reserved 20224 / 1900544 B, peak 20624 B[0m
[32mINFO - stats: heap 12/158K peak 42K | stack free 67K hwm 17K | bat 96% 4.1V | up 0:09 | SD:ok[0m
[32mINFO - heap psram: used 20216 B, free 2076936 B, peak 20616 B; reserved 20224 / 1900544 B, peak 20624 B[0m
[32mINFO - stats: heap 12/158K peak 42K | stack free 67K hwm 17K | bat 96% 4.1V | up 0:09 | SD:ok[0m
[32mINFO - heap psram: used 20216 B, free 2076936 B, peak 20616 B; reserved 20224 / 1900544 B, peak 20624 B[0m
[32mINFO - stats: heap 12/158K peak 42K | stack free 67K hwm 17K | bat 96% 4.1V | up 0:10 | SD:ok[0m
[32mINFO - heap psram: used 20216 B, free 2076936 B, peak 20616 B; reserved 20224 / 1900544 B, peak 20624 B[0m
[32mINFO - stats: heap 12/158K peak 42K | stack free 67K hwm 17K | bat 96% 4.1V | up 0:10 | SD:ok[0m
[32mINFO - heap psram: used 20216 B, free 2076936 B, peak 20616 B; reserved 20224 / 1900544 B, peak 20624 B[0m
[32mINFO - battery: cell 4080 mV, 91% (periodic)[0m
[32mINFO - stats: heap 12/158K peak 42K | stack free 67K hwm 17K | bat 91% 4.0V | up 0:10 | SD:ok[0m
[32mINFO - heap psram: used 20216 B, free 2076936 B, peak 20616 B; reserved 20224 / 1900544 B, peak 20624 B[0m
[32mINFO - stats: heap 12/158K peak 42K | stack free 67K hwm 17K | bat 91% 4.0V | up 0:10 | SD:ok[0m
[32mINFO - heap psram: used 20216 B, free 2076936 B, peak 20616 B; reserved 20224 / 1900544 B, peak 20624 B[0m
[32mINFO - stats: heap 12/158K peak 42K | stack free 67K hwm 17K | bat 91% 4.0V | up 0:10 | SD:ok[0m
[32mINFO - heap psram: used 20216 B, free 2076936 B, peak 20616 B; reserved 20224 / 1900544 B, peak 20624 B[0m
[32mINFO - stats: heap 12/158K peak 42K | stack free 67K hwm 17K | bat 91% 4.0V | up 0:10 | SD:ok[0m
[32mINFO - heap psram: used 20216 B, free 2076936 B, peak 20616 B; reserved 20224 / 1900544 B, peak 20624 B[0m
[32mINFO - stats: heap 12/158K peak 42K | stack free 67K hwm 17K | bat 91% 4.0V | up 0:10 | SD:ok[0m
[32mINFO - heap psram: used 20216 B, free 2076936 B, peak 20616 B; reserved 20224 / 1900544 B, peak 20624 B[0m
[32mINFO - stats: heap 12/158K peak 42K | stack free 67K hwm 17K | bat 91% 4.0V | up 0:10 | SD:ok[0m
[32mINFO - heap psram: used 20216 B, free 2076936 B, peak 20616 B; reserved 20224 / 1900544 B, peak 20624 B[0m
[32mINFO - battery: cell 4092 mV, 92% (periodic)[0m
[32mINFO - stats: heap 12/158K peak 42K | stack free 67K hwm 17K | bat 92% 4.0V | up 0:10 | SD:ok[0m
[32mINFO - heap psram: used 20216 B, free 2076936 B, peak 20616 B; reserved 20224 / 1900544 B, peak 20624 B[0m
[32mINFO - stats: heap 12/158K peak 42K | stack free 67K hwm 17K | bat 92% 4.0V | up 0:10 | SD:ok[0m
[32mINFO - heap psram: used 20216 B, free 2076936 B, peak 20616 B; reserved 20224 / 1900544 B, peak 20624 B[0m
[32mINFO - stats: heap 12/158K peak 42K | stack free 67K hwm 17K | bat 92% 4.0V | up 0:10 | SD:ok[0m
[32mINFO - heap psram: used 20216 B, free 2076936 B, peak 20616 B; reserved 20224 / 1900544 B, peak 20624 B[0m
[32mINFO - stats: heap 12/158K peak 42K | stack free 67K hwm 17K | bat 92% 4.0V | up 0:10 | SD:ok[0m
[32mINFO - heap psram: used 20216 B, free 2076936 B, peak 20616 B; reserved 20224 / 1900544 B, peak 20624 B[0m
[32mINFO - stats: heap 12/158K peak 42K | stack free 67K hwm 17K | bat 92% 4.0V | up 0:11 | SD:ok[0m
[32mINFO - heap psram: used 20216 B, free 2076936 B, peak 20616 B; reserved 20224 / 1900544 B, peak 20624 B[0m
[32mINFO - stats: heap 12/158K peak 42K | stack free 67K hwm 17K | bat 92% 4.0V | up 0:11 | SD:ok[0m
[32mINFO - heap psram: used 20216 B, free 2076936 B, peak 20616 B; reserved 20224 / 1900544 B, peak 20624 B[0m
[32mINFO - battery: cell 4066 mV, 90% (periodic)[0m
[32mINFO - stats: heap 12/158K peak 42K | stack free 67K hwm 17K | bat 90% 4.0V | up 0:11 | SD:ok[0m
[32mINFO - heap psram: used 20216 B, free 2076936 B, peak 20616 B; reserved 20224 / 1900544 B, peak 20624 B[0m
[32mINFO - stats: heap 12/158K peak 42K | stack free 67K hwm 17K | bat 90% 4.0V | up 0:11 | SD:ok[0m
[32mINFO - heap psram: used 20216 B, free 2076936 B, peak 20616 B; reserved 20224 / 1900544 B, peak 20624 B[0m
[32mINFO - stats: heap 12/158K peak 42K | stack free 67K hwm 17K | bat 90% 4.0V | up 0:11 | SD:ok[0m
[32mINFO - heap psram: used 20216 B, free 2076936 B, peak 20616 B; reserved 20224 / 1900544 B, peak 20624 B[0m
[32mINFO - stats: heap 12/158K peak 42K | stack free 67K hwm 17K | bat 90% 4.0V | up 0:11 | SD:ok[0m
[32mINFO - heap psram: used 20216 B, free 2076936 B, peak 20616 B; reserved 20224 / 1900544 B, peak 20624 B[0m
[32mINFO - stats: heap 12/158K peak 42K | stack free 67K hwm 17K | bat 90% 4.0V | up 0:11 | SD:ok[0m
[32mINFO - heap psram: used 20216 B, free 2076936 B, peak 20616 B; reserved 20224 / 1900544 B, peak 20624 B[0m
[32mINFO - stats: heap 12/158K peak 42K | stack free 67K hwm 17K | bat 90% 4.0V | up 0:11 | SD:ok[0m
[32mINFO - heap psram: used 20216 B, free 2076936 B, peak 20616 B; reserved 20224 / 1900544 B, peak 20624 B[0m
[32mINFO - battery: cell 4146 mV, 96% (periodic)[0m
[32mINFO - stats: heap 12/158K peak 42K | stack free 67K hwm 17K | bat 96% 4.1V | up 0:11 | SD:ok[0m
[32mINFO - heap psram: used 20216 B, free 2076936 B, peak 20616 B; reserved 20224 / 1900544 B, peak 20624 B[0m
[32mINFO - stats: heap 12/158K peak 42K | stack free 67K hwm 17K | bat 96% 4.1V | up 0:11 | SD:ok[0m
[32mINFO - heap psram: used 20216 B, free 2076936 B, peak 20616 B; reserved 20224 / 1900544 B, peak 20624 B[0m
[32mINFO - stats: heap 12/158K peak 42K | stack free 67K hwm 17K | bat 96% 4.1V | up 0:11 | SD:ok[0m
[32mINFO - heap psram: used 20216 B, free 2076936 B, peak 20616 B; reserved 20224 / 1900544 B, peak 20624 B[0m
[32mINFO - stats: heap 12/158K peak 42K | stack free 67K hwm 17K | bat 96% 4.1V | up 0:11 | SD:ok[0m
[32mINFO - heap psram: used 20216 B, free 2076936 B, peak 20616 B; reserved 20224 / 1900544 B, peak 20624 B[0m
[32mINFO - stats: heap 12/158K peak 42K | stack free 67K hwm 17K | bat 96% 4.1V | up 0:12 | SD:ok[0m
[32mINFO - heap psram: used 20216 B, free 2076936 B, peak 20616 B; reserved 20224 / 1900544 B, peak 20624 B[0m
[32mINFO - stats: heap 12/158K peak 42K | stack free 67K hwm 17K | bat 96% 4.1V | up 0:12 | SD:ok[0m
[32mINFO - heap psram: used 20216 B, free 2076936 B, peak 20616 B; reserved 20224 / 1900544 B, peak 20624 B[0m
[32mINFO - battery: cell 4082 mV, 91% (periodic)[0m
[32mINFO - stats: heap 12/158K peak 42K | stack free 67K hwm 17K | bat 91% 4.0V | up 0:12 | SD:ok[0m
[32mINFO - heap psram: used 20216 B, free 2076936 B, peak 20616 B; reserved 20224 / 1900544 B, peak 20624 B[0m
[32mINFO - stats: heap 12/158K peak 42K | stack free 67K hwm 17K | bat 91% 4.0V | up 0:12 | SD:ok[0m
[32mINFO - heap psram: used 20216 B, free 2076936 B, peak 20616 B; reserved 20224 / 1900544 B, peak 20624 B[0m
[32mINFO - stats: heap 12/158K peak 42K | stack free 67K hwm 17K | bat 91% 4.0V | up 0:12 | SD:ok[0m
[32mINFO - heap psram: used 20216 B, free 2076936 B, peak 20616 B; reserved 20224 / 1900544 B, peak 20624 B[0m
[32mINFO - app: Reader -> Home[0m
[32mINFO - bookmark: cached off=0 ch=0 gen=22 for "ZH2.TXT"[0m
[32mINFO - font: size_idx=4 line_h=75 (native 47 x 160%) ascent=37 max_lines=10 margin=40[0m
[32mINFO - font: size_idx=4 line_h=75 (native 47 x 160%) ascent=37 max_lines=10 margin=40[0m
[32mINFO - stats: heap 1/158K peak 42K | stack free 67K hwm 17K | bat 91% 4.0V | up 0:12 | SD:ok[0m
[32mINFO - heap psram: used 8192 B, free 2088960 B, peak 20616 B; reserved 8192 / 1900544 B, peak 20624 B[0m
[32mINFO - cjk-sd op=stage gap_after_log_us=208834512 opens=0 reads=0 bytes=0 open_us=0 read_us=0 max_read_us=0 wall_us=44 scalars=0 lookups=0[0m
[32mINFO - cjk-sd op=prepare gap_after_log_us=55 opens=0 reads=0 bytes=0 open_us=0 read_us=0 max_read_us=0 wall_us=72 scalars=0 lookups=0[0m
[32mINFO - display: partial refresh 480x800 at (0, 0) in 775 ms (partial count 2)[0m
[32mINFO - stats: heap 1/158K peak 42K | stack free 67K hwm 17K | bat 91% 4.0V | up 0:12 | SD:ok[0m
[32mINFO - heap psram: used 8192 B, free 2088960 B, peak 20616 B; reserved 8192 / 1900544 B, peak 20624 B[0m
[32mINFO - stats: heap 1/158K peak 42K | stack free 67K hwm 17K | bat 91% 4.0V | up 0:12 | SD:ok[0m
[32mINFO - heap psram: used 8192 B, free 2088960 B, peak 20616 B; reserved 8192 / 1900544 B, peak 20624 B[0m
[32mINFO - display: partial refresh 280x118 at (100, 87) in 655 ms (partial count 3)[0m
[32mINFO - stats: heap 1/158K peak 42K | stack free 67K hwm 17K | bat 91% 4.0V | up 0:12 | SD:ok[0m
[32mINFO - heap psram: used 8192 B, free 2088960 B, peak 20616 B; reserved 8192 / 1900544 B, peak 20624 B[0m
[32mINFO - display: partial refresh 280x118 at (100, 153) in 655 ms (partial count 4)[0m
[32mINFO - stats: heap 1/158K peak 42K | stack free 67K hwm 17K | bat 91% 4.0V | up 0:12 | SD:ok[0m
[32mINFO - heap psram: used 8192 B, free 2088960 B, peak 20616 B; reserved 8192 / 1900544 B, peak 20624 B[0m
[32mINFO - display: partial refresh 280x118 at (100, 219) in 655 ms (partial count 5)[0m
[32mINFO - app: Home -> Settings[0m
[32mINFO - font: size_idx=4 line_h=75 (native 47 x 160%) ascent=37 max_lines=10 margin=40[0m
[32mINFO - font: size_idx=4 line_h=75 (native 47 x 160%) ascent=37 max_lines=10 margin=40[0m
[32mINFO - stats: heap 1/158K peak 42K | stack free 67K hwm 17K | bat 91% 4.0V | up 0:12 | SD:ok[0m
[32mINFO - heap psram: used 8192 B, free 2088960 B, peak 20616 B; reserved 8192 / 1900544 B, peak 20624 B[0m
[32mINFO - cjk-sd op=stage gap_after_log_us=4516907 opens=0 reads=0 bytes=0 open_us=0 read_us=0 max_read_us=0 wall_us=24 scalars=0 lookups=0[0m
[32mINFO - cjk-sd op=prepare gap_after_log_us=36 opens=0 reads=0 bytes=0 open_us=0 read_us=0 max_read_us=0 wall_us=32 scalars=0 lookups=0[0m
[32mINFO - stats: heap 1/158K peak 42K | stack free 67K hwm 17K | bat 91% 4.0V | up 0:12 | SD:ok[0m
[32mINFO - heap psram: used 8192 B, free 2088960 B, peak 20616 B; reserved 8192 / 1900544 B, peak 20624 B[0m
[32mINFO - settings: saved to SETTINGS.TXT[0m
[32mINFO - stats: heap 1/158K peak 42K | stack free 67K hwm 17K | bat 91% 4.0V | up 0:12 | SD:ok[0m
[32mINFO - heap psram: used 8192 B, free 2088960 B, peak 20616 B; reserved 8192 / 1900544 B, peak 20624 B[0m
[32mINFO - display: partial refresh 280x40 at (184, 67) in 646 ms (partial count 1)[0m
[32mINFO - stats: heap 1/158K peak 42K | stack free 67K hwm 17K | bat 91% 4.0V | up 0:12 | SD:ok[0m
[32mINFO - heap psram: used 8192 B, free 2088960 B, peak 20616 B; reserved 8192 / 1900544 B, peak 20624 B[0m
[32mINFO - display: partial refresh 448x86 at (16, 67) in 660 ms (partial count 2)[0m
[32mINFO - stats: heap 1/158K peak 42K | stack free 67K hwm 17K | bat 91% 4.0V | up 0:12 | SD:ok[0m
[32mINFO - heap psram: used 8192 B, free 2088960 B, peak 20616 B; reserved 8192 / 1900544 B, peak 20624 B[0m
[32mINFO - display: partial refresh 448x86 at (16, 113) in 659 ms (partial count 3)[0m
[32mINFO - stats: heap 1/158K peak 42K | stack free 67K hwm 17K | bat 91% 4.0V | up 0:12 | SD:ok[0m
[32mINFO - heap psram: used 8192 B, free 2088960 B, peak 20616 B; reserved 8192 / 1900544 B, peak 20624 B[0m
[32mINFO - settings: saved to SETTINGS.TXT[0m
[32mINFO - stats: heap 1/158K peak 42K | stack free 67K hwm 17K | bat 91% 4.0V | up 0:12 | SD:ok[0m
[32mINFO - heap psram: used 8192 B, free 2088960 B, peak 20616 B; reserved 8192 / 1900544 B, peak 20624 B[0m
[32mINFO - display: partial refresh 280x40 at (184, 159) in 648 ms (partial count 4)[0m
[32mINFO - battery: cell 4102 mV, 93% (periodic)[0m
[32mINFO - settings: saved to SETTINGS.TXT[0m
[32mINFO - stats: heap 1/158K peak 42K | stack free 67K hwm 17K | bat 93% 4.1V | up 0:12 | SD:ok[0m
[32mINFO - heap psram: used 8192 B, free 2088960 B, peak 20616 B; reserved 8192 / 1900544 B, peak 20624 B[0m
[32mINFO - display: partial refresh 280x40 at (184, 159) in 647 ms (partial count 5)[0m
[32mINFO - app: Settings -> Home[0m
[32mINFO - font: size_idx=2 line_h=49 (native 31 x 160%) ascent=25 max_lines=15 margin=40[0m
[32mINFO - font: size_idx=2 line_h=49 (native 31 x 160%) ascent=25 max_lines=15 margin=40[0m
[32mINFO - stats: heap 1/158K peak 42K | stack free 67K hwm 17K | bat 93% 4.1V | up 0:12 | SD:ok[0m
[32mINFO - heap psram: used 8192 B, free 2088960 B, peak 20616 B; reserved 8192 / 1900544 B, peak 20624 B[0m
[32mINFO - cjk-sd op=stage gap_after_log_us=10716358 opens=0 reads=0 bytes=0 open_us=0 read_us=0 max_read_us=0 wall_us=45 scalars=0 lookups=0[0m
[32mINFO - cjk-sd op=prepare gap_after_log_us=58 opens=0 reads=0 bytes=0 open_us=0 read_us=0 max_read_us=0 wall_us=67 scalars=0 lookups=0[0m
[32mINFO - display: partial refresh 480x800 at (0, 0) in 774 ms (partial count 6)[0m
[32mINFO - stats: heap 1/158K peak 42K | stack free 67K hwm 17K | bat 93% 4.1V | up 0:12 | SD:ok[0m
[32mINFO - heap psram: used 8192 B, free 2088960 B, peak 20616 B; reserved 8192 / 1900544 B, peak 20624 B[0m
[32mINFO - stats: heap 1/158K peak 42K | stack free 67K hwm 17K | bat 93% 4.1V | up 0:12 | SD:ok[0m
[32mINFO - heap psram: used 8192 B, free 2088960 B, peak 20616 B; reserved 8192 / 1900544 B, peak 20624 B[0m
[32mINFO - display: partial refresh 280x118 at (100, 87) in 655 ms (partial count 7)[0m
[32mINFO - app: Home -> Files[0m
[32mINFO - font: size_idx=2 line_h=49 (native 31 x 160%) ascent=25 max_lines=15 margin=40[0m
[32mINFO - font: size_idx=2 line_h=49 (native 31 x 160%) ascent=25 max_lines=15 margin=40[0m
[32mINFO - stats: heap 1/158K peak 42K | stack free 67K hwm 17K | bat 93% 4.1V | up 0:12 | SD:ok[0m
[32mINFO - heap psram: used 8192 B, free 2088960 B, peak 20616 B; reserved 8192 / 1900544 B, peak 20624 B[0m
[32mINFO - cjk-sd op=stage gap_after_log_us=3294461 opens=1 reads=25 bytes=2090 open_us=135 read_us=32198 max_read_us=2047 wall_us=33013 scalars=3 lookups=3[0m
[32mINFO - cjk-sd op=prepare gap_after_log_us=149 opens=1 reads=4 bytes=360 open_us=139 read_us=8226 max_read_us=2875 wall_us=9154 scalars=3 lookups=0[0m
[32mINFO - titles: scan complete[0m
[32mINFO - bookmarks: flushed 6 slots to SD[0m
[32mINFO - stats: heap 2/158K peak 42K | stack free 67K hwm 17K | bat 93% 4.1V | up 0:12 | SD:ok[0m
[32mINFO - heap psram: used 8508 B, free 2088644 B, peak 20616 B; reserved 8512 / 1900544 B, peak 20624 B[0m
[32mINFO - app: Files -> Reader[0m
[32mINFO - font: size_idx=2 line_h=49 (native 31 x 160%) ascent=25 max_lines=15 margin=40[0m
[32mINFO - font: size_idx=2 line_h=49 (native 31 x 160%) ascent=25 max_lines=15 margin=40[0m
[32mINFO - [work] reset -> gen 10[0m
[32mINFO - font: size_idx=2 line_h=49 (native 31 x 160%) ascent=25 max_lines=15 margin=40[0m
[32mINFO - reader: opening ASSEMB~1.EPU[0m
[32mINFO - reader-sd resume step=141 state=NeedBookmark resumed=false retained_window=false outside_step_us=234839619 outside_step_known=true previous_step_complete=true[0m
[32mINFO - bookmark: restoring off=0 ch=3 for ASSEMB~1.EPU[0m
[32mINFO - epub: CD at offset 281729 size 1868 (283619 file bytes)[0m
[32mINFO - epub: 28 entries in ZIP[0m
[32mINFO - reader-sd step=141 outcome=pending state=NeedOpf wall_us=334463 text_us=0 layout_us=0 visible_us=0 pause_us=0 logging_us=634 other_us=333829 text_calls=0 layout_calls=0 visible_calls=0[0m
[32mINFO - stats: heap 1/158K peak 42K | stack free 67K hwm 17K | bat 93% 4.1V | up 0:12 | SD:ok[0m
[32mINFO - heap psram: used 8192 B, free 2088960 B, peak 20616 B; reserved 8192 / 1900544 B, peak 20624 B[0m
[32mINFO - cjk-sd op=stage gap_after_log_us=7833463 opens=0 reads=0 bytes=0 open_us=0 read_us=0 max_read_us=0 wall_us=44 scalars=0 lookups=0[0m
[32mINFO - cjk-sd op=prepare gap_after_log_us=61 opens=0 reads=0 bytes=0 open_us=0 read_us=0 max_read_us=0 wall_us=64 scalars=0 lookups=0[0m
[32mINFO - reader-sd resume step=142 state=NeedOpf resumed=false retained_window=false outside_step_us=3887976 outside_step_known=true previous_step_complete=true[0m
[32mINFO - zip: deflate stream 174 -> 257 bytes[0m
[32mINFO - epub: OPF at OEBPS/content.opf[0m
[32mINFO - zip: deflate stream 1047 -> 4106 bytes[0m
[32mINFO - epub: TOC source = EPUB3 nav (zip #22)[0m
[32mINFO - epub: "集合體" by 娜塔夏‧ 布朗（Natasha Brown） -- 17 chapters[0m
[32mINFO - reader-sd step=142 outcome=pending state=NeedToc wall_us=409157 text_us=0 layout_us=0 visible_us=0 pause_us=0 logging_us=635 other_us=408522 text_calls=0 layout_calls=0 visible_calls=0[0m
[32mINFO - stats: heap 1/158K peak 42K | stack free 67K hwm 17K | bat 93% 4.1V | up 0:12 | SD:ok[0m
[32mINFO - heap psram: used 8192 B, free 2088960 B, peak 20616 B; reserved 8192 / 1900544 B, peak 20624 B[0m
[32mINFO - stats: heap 1/158K peak 42K | stack free 67K hwm 17K | bat 93% 4.1V | up 0:12 | SD:ok[0m
[32mINFO - heap psram: used 8192 B, free 2088960 B, peak 20616 B; reserved 8192 / 1900544 B, peak 20624 B[0m
[32mINFO - cjk-sd op=stage gap_after_log_us=4298605 opens=1 reads=25 bytes=2090 open_us=189620 read_us=31230 max_read_us=2019 wall_us=221580 scalars=3 lookups=3[0m
[32mINFO - cjk-sd op=prepare gap_after_log_us=176 opens=1 reads=4 bytes=138 open_us=147 read_us=6225 max_read_us=2034 wall_us=7153 scalars=3 lookups=0[0m
[32mINFO - display: partial refresh 448x24 at (8, 24) in 650 ms (partial count 1)[0m
[32mINFO - reader-sd resume step=143 state=NeedToc resumed=false retained_window=false outside_step_us=885257 outside_step_known=true previous_step_complete=true[0m
[32mINFO - zip: deflate stream 703 -> 1533 bytes[0m
[32mINFO - epub: TOC has 9 entries[0m
[32mINFO - reader-sd step=143 outcome=pending state=NeedCache wall_us=138376 text_us=0 layout_us=0 visible_us=0 pause_us=0 logging_us=428 other_us=137948 text_calls=0 layout_calls=0 visible_calls=0[0m
[32mINFO - stats: heap 15/158K peak 42K | stack free 67K hwm 17K | bat 93% 4.1V | up 0:12 | SD:ok[0m
[32mINFO - heap psram: used 8288 B, free 2088864 B, peak 20616 B; reserved 8288 / 1900544 B, peak 20624 B[0m
[32mINFO - display: partial refresh 448x24 at (8, 24) in 648 ms (partial count 2)[0m
[32mINFO - reader-sd resume step=144 state=NeedCache resumed=false retained_window=false outside_step_us=653192 outside_step_known=true previous_step_complete=true[0m
[32mINFO - epub: v3 cache hit (17 chapters)[0m
[32mINFO - reader-sd step=144 outcome=pending state=NeedIndex wall_us=376912 text_us=0 layout_us=0 visible_us=0 pause_us=0 logging_us=620 other_us=376292 text_calls=0 layout_calls=0 visible_calls=0[0m
[32mINFO - stats: heap 15/158K peak 42K | stack free 67K hwm 17K | bat 93% 4.1V | up 0:12 | SD:ok[0m
[32mINFO - heap psram: used 8288 B, free 2088864 B, peak 20616 B; reserved 8288 / 1900544 B, peak 20624 B[0m
[32mINFO - stats: heap 15/158K peak 42K | stack free 67K hwm 17K | bat 93% 4.1V | up 0:12 | SD:ok[0m
[32mINFO - heap psram: used 8288 B, free 2088864 B, peak 20616 B; reserved 8288 / 1900544 B, peak 20624 B[0m
[32mINFO - display: partial refresh 448x24 at (8, 24) in 649 ms (partial count 3)[0m
[32mINFO - reader-sd resume step=145 state=NeedIndex resumed=false retained_window=false outside_step_us=653453 outside_step_known=true previous_step_complete=true[0m
[32mINFO - epub: index chapter 4/17 (0 bytes cached text)[0m
[32mINFO - reader-sd step=145 outcome=pending state=NeedPage wall_us=974 text_us=0 layout_us=0 visible_us=0 pause_us=0 logging_us=568 other_us=406 text_calls=0 layout_calls=0 visible_calls=0[0m
[32mINFO - stats: heap 15/158K peak 42K | stack free 67K hwm 17K | bat 93% 4.1V | up 0:12 | SD:ok[0m
[32mINFO - heap psram: used 8288 B, free 2088864 B, peak 20616 B; reserved 8288 / 1900544 B, peak 20624 B[0m
[32mINFO - display: partial refresh 448x24 at (8, 24) in 649 ms (partial count 4)[0m
[32mINFO - reader-sd resume step=146 state=NeedPage resumed=false retained_window=false outside_step_us=652559 outside_step_known=true previous_step_complete=true[0m
[32mINFO - cjk: lookup 1/751 glyphs, about 153006 ms left[0m
[32mINFO - cjk-sd op=stage gap_after_log_us=3320497 opens=1 reads=12 bytes=528 open_us=189383 read_us=13961 max_read_us=2020 wall_us=204674 scalars=751 lookups=1[0m
[32mINFO - reader-sd step=146 outcome=slice state=NeedPage wall_us=397548 text_us=141943 layout_us=254020 visible_us=0 pause_us=132 logging_us=1179 other_us=274 text_calls=1 layout_calls=1 visible_calls=0[0m
[32mINFO - stats: heap 35/158K peak 42K | stack free 67K hwm 17K | bat 93% 4.1V | up 0:12 | SD:ok[0m
[32mINFO - heap psram: used 8288 B, free 2088864 B, peak 20616 B; reserved 8288 / 1900544 B, peak 20624 B[0m
[32mINFO - display: partial refresh 448x24 at (8, 24) in 650 ms (partial count 5)[0m
[32mINFO - reader-sd resume step=147 state=NeedPage resumed=true retained_window=true outside_step_us=652870 outside_step_known=true previous_step_complete=true[0m
[32mINFO - cjk-sd op=stage gap_after_log_us=667227 opens=1 reads=68 bytes=10208 open_us=107 read_us=59147 max_read_us=2025 wall_us=60554 scalars=751 lookups=41[0m
[32mINFO - reader-sd step=147 outcome=slice state=NeedPage wall_us=75400 text_us=56 layout_us=73246 visible_us=0 pause_us=797 logging_us=1052 other_us=249 text_calls=1 layout_calls=1 visible_calls=0[0m
[32mINFO - reader-sd resume step=148 state=NeedPage resumed=true retained_window=true outside_step_us=163 outside_step_known=true previous_step_complete=true[0m
[32mINFO - cjk-sd op=stage gap_after_log_us=14970 opens=1 reads=75 bytes=10274 open_us=61 read_us=62947 max_read_us=2992 wall_us=64151 scalars=751 lookups=41[0m
[32mINFO - reader-sd step=148 outcome=slice state=NeedPage wall_us=78300 text_us=45 layout_us=76764 visible_us=0 pause_us=196 logging_us=1145 other_us=150 text_calls=1 layout_calls=1 visible_calls=0[0m
[32mINFO - reader-sd resume step=149 state=NeedPage resumed=true retained_window=true outside_step_us=126 outside_step_known=true previous_step_complete=true[0m
[32mINFO - cjk-sd op=stage gap_after_log_us=14346 opens=1 reads=72 bytes=11726 open_us=51 read_us=61208 max_read_us=3794 wall_us=62442 scalars=751 lookups=46[0m
[32mINFO - reader-sd step=149 outcome=slice state=NeedPage wall_us=76898 text_us=24 layout_us=75020 visible_us=0 pause_us=622 logging_us=1090 other_us=142 text_calls=1 layout_calls=1 visible_calls=0[0m
[32mINFO - reader-sd resume step=150 state=NeedPage resumed=true retained_window=true outside_step_us=126 outside_step_known=true previous_step_complete=true[0m
[32mINFO - cjk-sd op=stage gap_after_log_us=14657 opens=1 reads=69 bytes=8536 open_us=51 read_us=60566 max_read_us=2009 wall_us=61654 scalars=751 lookups=33[0m
[32mINFO - reader-sd step=150 outcome=slice state=NeedPage wall_us=75570 text_us=32 layout_us=74239 visible_us=0 pause_us=192 logging_us=957 other_us=150 text_calls=1 layout_calls=1 visible_calls=0[0m
[32mINFO - reader-sd resume step=151 state=NeedPage resumed=true retained_window=true outside_step_us=126 outside_step_known=true previous_step_complete=true[0m
[32mINFO - cjk-sd op=stage gap_after_log_us=14310 opens=1 reads=64 bytes=7546 open_us=51 read_us=59423 max_read_us=1985 wall_us=60437 scalars=751 lookups=30[0m
[32mINFO - reader-sd step=151 outcome=slice state=NeedPage wall_us=75146 text_us=32 layout_us=73061 visible_us=0 pause_us=628 logging_us=1283 other_us=142 text_calls=1 layout_calls=1 visible_calls=0[0m
[32mINFO - reader-sd resume step=152 state=NeedPage resumed=true retained_window=true outside_step_us=118 outside_step_known=true previous_step_complete=true[0m
[32mINFO - cjk-sd op=stage gap_after_log_us=14855 opens=1 reads=59 bytes=9020 open_us=51 read_us=59641 max_read_us=2001 wall_us=60740 scalars=751 lookups=37[0m
[32mINFO - reader-sd step=152 outcome=slice state=NeedPage wall_us=75085 text_us=24 layout_us=73388 visible_us=0 pause_us=196 logging_us=1326 other_us=151 text_calls=1 layout_calls=1 visible_calls=0[0m
[32mINFO - reader-sd resume step=153 state=NeedPage resumed=true retained_window=true outside_step_us=126 outside_step_known=true previous_step_complete=true[0m
[32mINFO - cjk-sd op=stage gap_after_log_us=14432 opens=1 reads=66 bytes=8822 open_us=47 read_us=60496 max_read_us=3762 wall_us=61599 scalars=751 lookups=35[0m
[32mINFO - reader-sd step=153 outcome=slice state=NeedPage wall_us=76332 text_us=24 layout_us=74260 visible_us=0 pause_us=614 logging_us=1291 other_us=143 text_calls=1 layout_calls=1 visible_calls=0[0m
[32mINFO - reader-sd resume step=154 state=NeedPage resumed=true retained_window=true outside_step_us=122 outside_step_known=true previous_step_complete=true[0m
[32mINFO - cjk-sd op=stage gap_after_log_us=14748 opens=1 reads=69 bytes=9966 open_us=55 read_us=61847 max_read_us=2973 wall_us=63005 scalars=751 lookups=41[0m
[32mINFO - reader-sd step=154 outcome=slice state=NeedPage wall_us=77188 text_us=32 layout_us=75654 visible_us=0 pause_us=183 logging_us=1169 other_us=150 text_calls=1 layout_calls=1 visible_calls=0[0m
[32mINFO - reader-sd resume step=155 state=NeedPage resumed=true retained_window=true outside_step_us=123 outside_step_known=true previous_step_complete=true[0m
[32mINFO - cjk-sd op=stage gap_after_log_us=14360 opens=1 reads=57 bytes=7986 open_us=47 read_us=59522 max_read_us=2026 wall_us=60543 scalars=751 lookups=30[0m
[32mINFO - reader-sd step=155 outcome=slice state=NeedPage wall_us=75270 text_us=33 layout_us=73183 visible_us=0 pause_us=625 logging_us=1289 other_us=140 text_calls=1 layout_calls=1 visible_calls=0[0m
[32mINFO - reader-sd resume step=156 state=NeedPage resumed=true retained_window=true outside_step_us=122 outside_step_known=true previous_step_complete=true[0m
[32mINFO - cjk-sd op=stage gap_after_log_us=14722 opens=1 reads=71 bytes=8514 open_us=52 read_us=61745 max_read_us=2015 wall_us=62868 scalars=751 lookups=32[0m
[32mINFO - reader-sd step=156 outcome=slice state=NeedPage wall_us=77110 text_us=24 layout_us=75504 visible_us=0 pause_us=188 logging_us=1244 other_us=150 text_calls=1 layout_calls=1 visible_calls=0[0m
[32mINFO - reader-sd resume step=157 state=NeedPage resumed=true retained_window=true outside_step_us=122 outside_step_known=true previous_step_complete=true[0m
[32mINFO - cjk-sd op=stage gap_after_log_us=14400 opens=1 reads=75 bytes=8800 open_us=51 read_us=59417 max_read_us=3873 wall_us=60541 scalars=751 lookups=33[0m
[32mINFO - reader-sd step=157 outcome=slice state=NeedPage wall_us=75241 text_us=24 layout_us=73191 visible_us=0 pause_us=620 logging_us=1264 other_us=142 text_calls=1 layout_calls=1 visible_calls=0[0m
[32mINFO - reader-sd resume step=158 state=NeedPage resumed=true retained_window=true outside_step_us=127 outside_step_known=true previous_step_complete=true[0m
[32mINFO - cjk-sd op=stage gap_after_log_us=14799 opens=1 reads=68 bytes=7260 open_us=51 read_us=59708 max_read_us=2018 wall_us=60757 scalars=751 lookups=26[0m
[32mINFO - reader-sd step=158 outcome=slice state=NeedPage wall_us=75093 text_us=32 layout_us=73386 visible_us=0 pause_us=188 logging_us=1338 other_us=149 text_calls=1 layout_calls=1 visible_calls=0[0m
[32mINFO - reader-sd resume step=159 state=NeedPage resumed=true retained_window=true outside_step_us=127 outside_step_known=true previous_step_complete=true[0m
[32mINFO - cjk-sd op=stage gap_after_log_us=14409 opens=1 reads=72 bytes=9394 open_us=47 read_us=59543 max_read_us=2007 wall_us=60710 scalars=751 lookups=38[0m
[32mINFO - reader-sd step=159 outcome=slice state=NeedPage wall_us=75440 text_us=33 layout_us=73351 visible_us=0 pause_us=627 logging_us=1289 other_us=140 text_calls=1 layout_calls=1 visible_calls=0[0m
[32mINFO - reader-sd resume step=160 state=NeedPage resumed=true retained_window=true outside_step_us=122 outside_step_known=true previous_step_complete=true[0m
[32mINFO - cjk-sd op=stage gap_after_log_us=14686 opens=1 reads=69 bytes=7810 open_us=55 read_us=60759 max_read_us=2010 wall_us=61834 scalars=751 lookups=29[0m
[32mINFO - reader-sd step=160 outcome=slice state=NeedPage wall_us=76047 text_us=24 layout_us=74499 visible_us=0 pause_us=183 logging_us=1191 other_us=150 text_calls=1 layout_calls=1 visible_calls=0[0m
[32mINFO - reader-sd resume step=161 state=NeedPage resumed=true retained_window=true outside_step_us=126 outside_step_known=true previous_step_complete=true[0m
[32mINFO - cjk-sd op=stage gap_after_log_us=14429 opens=1 reads=76 bytes=9768 open_us=47 read_us=60741 max_read_us=2008 wall_us=61935 scalars=751 lookups=37[0m
[32mINFO - reader-sd step=161 outcome=slice state=NeedPage wall_us=76673 text_us=27 layout_us=74604 visible_us=0 pause_us=699 logging_us=1200 other_us=143 text_calls=1 layout_calls=1 visible_calls=0[0m
[32mINFO - stats: heap 35/158K peak 42K | stack free 67K hwm 17K | bat 93% 4.1V | up 0:13 | SD:ok[0m
[32mINFO - heap psram: used 8288 B, free 2088864 B, peak 20616 B; reserved 8288 / 1900544 B, peak 20624 B[0m
[32mINFO - reader-sd resume step=162 state=NeedPage resumed=true retained_window=true outside_step_us=1773 outside_step_known=true previous_step_complete=true[0m
[32mINFO - cjk-sd op=stage gap_after_log_us=16564 opens=1 reads=78 bytes=8536 open_us=60 read_us=68029 max_read_us=2999 wall_us=69237 scalars=751 lookups=31[0m
[32mINFO - reader-sd step=162 outcome=slice state=NeedPage wall_us=83527 text_us=35 layout_us=81839 visible_us=0 pause_us=195 logging_us=1302 other_us=156 text_calls=1 layout_calls=1 visible_calls=0[0m
[32mINFO - reader-sd resume step=163 state=NeedPage resumed=true retained_window=true outside_step_us=135 outside_step_known=true previous_step_complete=true[0m
[32mINFO - cjk-sd op=stage gap_after_log_us=14190 opens=1 reads=66 bytes=10120 open_us=51 read_us=60556 max_read_us=2959 wall_us=61729 scalars=751 lookups=41[0m
[32mINFO - reader-sd step=163 outcome=slice state=NeedPage wall_us=76224 text_us=35 layout_us=74338 visible_us=0 pause_us=773 logging_us=936 other_us=142 text_calls=1 layout_calls=1 visible_calls=0[0m
[32mINFO - reader-sd resume step=164 state=NeedPage resumed=true retained_window=true outside_step_us=126 outside_step_known=true previous_step_complete=true[0m
[32mINFO - cjk-sd op=stage gap_after_log_us=14852 opens=1 reads=69 bytes=8580 open_us=51 read_us=63403 max_read_us=3792 wall_us=64597 scalars=751 lookups=35[0m
[32mINFO - reader-sd step=164 outcome=slice state=NeedPage wall_us=78571 text_us=26 layout_us=77224 visible_us=0 pause_us=195 logging_us=971 other_us=155 text_calls=1 layout_calls=1 visible_calls=0[0m
[32mINFO - reader-sd resume step=165 state=NeedPage resumed=true retained_window=true outside_step_us=126 outside_step_known=true previous_step_complete=true[0m
[32mINFO - cjk-sd op=stage gap_after_log_us=14340 opens=1 reads=71 bytes=8536 open_us=47 read_us=60050 max_read_us=3873 wall_us=61174 scalars=751 lookups=35[0m
[32mINFO - reader-sd step=165 outcome=slice state=NeedPage wall_us=75677 text_us=29 layout_us=73789 visible_us=0 pause_us=614 logging_us=1101 other_us=144 text_calls=1 layout_calls=1 visible_calls=0[0m
[32mINFO - reader-sd resume step=166 state=NeedPage resumed=true retained_window=true outside_step_us=121 outside_step_known=true previous_step_complete=true[0m
[32mINFO - cjk-sd op=stage gap_after_log_us=14681 opens=1 reads=71 bytes=9614 open_us=55 read_us=60066 max_read_us=2014 wall_us=61289 scalars=751 lookups=38[0m
[32mINFO - reader-sd step=166 outcome=slice state=NeedPage wall_us=75426 text_us=32 layout_us=73906 visible_us=0 pause_us=191 logging_us=1142 other_us=155 text_calls=1 layout_calls=1 visible_calls=0[0m
[32mINFO - reader-sd resume step=167 state=NeedPage resumed=true retained_window=true outside_step_us=126 outside_step_known=true previous_step_complete=true[0m
[32mINFO - cjk-sd op=stage gap_after_log_us=14380 opens=2 reads=50 bytes=5500 open_us=189219 read_us=45164 max_read_us=2963 wall_us=235582 scalars=751 lookups=20[0m
[32mINFO - reader-sd step=167 outcome=slice state=NeedPage wall_us=250449 text_us=35 layout_us=248192 visible_us=0 pause_us=707 logging_us=1360 other_us=155 text_calls=1 layout_calls=1 visible_calls=0[0m
[32mINFO - reader-sd resume step=168 state=NeedPage resumed=true retained_window=true outside_step_us=150 outside_step_known=true previous_step_complete=true[0m
[32mINFO - cjk-sd op=stage gap_after_log_us=14992 opens=1 reads=57 bytes=3784 open_us=69 read_us=61265 max_read_us=3799 wall_us=62205 scalars=751 lookups=11[0m
[32mINFO - reader-sd step=168 outcome=slice state=NeedPage wall_us=76700 text_us=46 layout_us=74909 visible_us=0 pause_us=195 logging_us=1382 other_us=168 text_calls=1 layout_calls=1 visible_calls=0[0m
[32mINFO - reader-sd resume step=169 state=NeedPage resumed=true retained_window=true outside_step_us=115 outside_step_known=true previous_step_complete=true[0m
[32mINFO - cjk-sd op=stage gap_after_log_us=14147 opens=1 reads=61 bytes=3234 open_us=50 read_us=57290 max_read_us=1983 wall_us=58113 scalars=751 lookups=10[0m
[32mINFO - cjk-sd op=bank gap_after_log_us=34 opens=1 reads=1 bytes=44 open_us=70 read_us=1056 max_read_us=1056 wall_us=1224 scalars=0 lookups=0[0m
[32mINFO - cjk-sd op=bank gap_after_log_us=63 opens=1 reads=1 bytes=44 open_us=25 read_us=1010 max_read_us=1010 wall_us=1064 scalars=0 lookups=0[0m
[32mINFO - cjk-sd op=prepare gap_after_log_us=2990 opens=1 reads=2 bytes=51 open_us=176 read_us=3707 max_read_us=2031 wall_us=5411 scalars=93 lookups=0[0m
[32mINFO - reader-sd step=169 outcome=slice state=NeedPage wall_us=85371 text_us=31 layout_us=75179 visible_us=6263 pause_us=869 logging_us=2799 other_us=230 text_calls=1 layout_calls=1 visible_calls=1[0m
[32mINFO - reader-sd resume step=170 state=NeedPage resumed=true retained_window=true outside_step_us=222 outside_step_known=true previous_step_complete=true[0m
[32mINFO - cjk-sd op=stage gap_after_log_us=15596 opens=0 reads=0 bytes=0 open_us=0 read_us=0 max_read_us=0 wall_us=253 scalars=751 lookups=0[0m
[32mINFO - cjk-sd op=prepare gap_after_log_us=2881 opens=1 reads=51 bytes=3017 open_us=160 read_us=55751 max_read_us=2892 wall_us=57246 scalars=93 lookups=0[0m
[32mINFO - reader-sd step=170 outcome=slice state=NeedPage wall_us=75688 text_us=52 layout_us=15065 visible_us=58077 pause_us=260 logging_us=1967 other_us=267 text_calls=1 layout_calls=1 visible_calls=1[0m
[32mINFO - reader-sd resume step=171 state=NeedPage resumed=true retained_window=true outside_step_us=171 outside_step_known=true previous_step_complete=true[0m
[32mINFO - cjk-sd op=stage gap_after_log_us=14467 opens=0 reads=0 bytes=0 open_us=0 read_us=0 max_read_us=0 wall_us=209 scalars=751 lookups=0[0m
[32mINFO - cjk-sd op=prepare gap_after_log_us=2761 opens=1 reads=40 bytes=2522 open_us=140 read_us=55747 max_read_us=2879 wall_us=57129 scalars=93 lookups=0[0m
[32mINFO - reader-sd step=171 outcome=slice state=NeedPage wall_us=75363 text_us=48 layout_us=14826 visible_us=57920 pause_us=759 logging_us=1599 other_us=211 text_calls=1 layout_calls=1 visible_calls=1[0m
[32mINFO - reader-sd resume step=172 state=NeedPage resumed=true retained_window=true outside_step_us=184 outside_step_known=true previous_step_complete=true[0m
[32mINFO - cjk-sd op=stage gap_after_log_us=15314 opens=0 reads=0 bytes=0 open_us=0 read_us=0 max_read_us=0 wall_us=209 scalars=751 lookups=0[0m
[32mINFO - cjk-sd op=prepare gap_after_log_us=2863 opens=2 reads=8 bytes=548 open_us=177 read_us=15410 max_read_us=2859 wall_us=16885 scalars=96 lookups=0[0m
[32mINFO - reader-sd step=172 outcome=ready state=Ready wall_us=34916 text_us=65 layout_us=14990 visible_us=17711 pause_us=0 logging_us=1800 other_us=350 text_calls=2 layout_calls=1 visible_calls=1[0m
[32mINFO - stats: heap 41/158K peak 42K | stack free 67K hwm 17K | bat 93% 4.1V | up 0:13 | SD:ok[0m
[32mINFO - heap psram: used 14208 B, free 2082944 B, peak 20616 B; reserved 14224 / 1900544 B, peak 20624 B[0m
[32mINFO - display: partial refresh 480x794 at (0, 6) in 818 ms (partial count 6)[0m
[32mINFO - stats: heap 41/158K peak 42K | stack free 67K hwm 17K | bat 93% 4.1V | up 0:13 | SD:ok[0m
[32mINFO - heap psram: used 14208 B, free 2082944 B, peak 20616 B; reserved 14224 / 1900544 B, peak 20624 B[0m
[32mINFO - battery: cell 4130 mV, 95% (periodic)[0m
[32mINFO - stats: heap 41/158K peak 42K | stack free 67K hwm 17K | bat 95% 4.1V | up 0:13 | SD:ok[0m
[32mINFO - heap psram: used 14208 B, free 2082944 B, peak 20616 B; reserved 14224 / 1900544 B, peak 20624 B[0m
[32mINFO - scheduler: received LongPress(Enter)[0m
[32mINFO - stats: heap 41/158K peak 42K | stack free 67K hwm 17K | bat 95% 4.1V | up 0:13 | SD:ok[0m
[32mINFO - heap psram: used 14208 B, free 2082944 B, peak 20616 B; reserved 14224 / 1900544 B, peak 20624 B[0m
[32mINFO - display: partial refresh 400x302 at (40, 458) in 707 ms (partial count 7)[0m
[32mINFO - stats: heap 41/158K peak 42K | stack free 67K hwm 17K | bat 95% 4.1V | up 0:13 | SD:ok[0m
[32mINFO - heap psram: used 14208 B, free 2082944 B, peak 20616 B; reserved 14224 / 1900544 B, peak 20624 B[0m
[32mINFO - stats: heap 41/158K peak 42K | stack free 67K hwm 17K | bat 95% 4.1V | up 0:13 | SD:ok[0m
[32mINFO - heap psram: used 14208 B, free 2082944 B, peak 20616 B; reserved 14224 / 1900544 B, peak 20624 B[0m
[32mINFO - display: partial refresh 400x302 at (40, 458) in 707 ms (partial count 8)[0m
[32mINFO - stats: heap 41/158K peak 42K | stack free 67K hwm 17K | bat 95% 4.1V | up 0:13 | SD:ok[0m
[32mINFO - heap psram: used 14208 B, free 2082944 B, peak 20616 B; reserved 14224 / 1900544 B, peak 20624 B[0m
[32mINFO - display: partial refresh 400x302 at (40, 458) in 707 ms (partial count 9)[0m
[32mINFO - stats: heap 41/158K peak 42K | stack free 67K hwm 17K | bat 95% 4.1V | up 0:13 | SD:ok[0m
[32mINFO - heap psram: used 14208 B, free 2082944 B, peak 20616 B; reserved 14224 / 1900544 B, peak 20624 B[0m
[32mINFO - stats: heap 41/158K peak 42K | stack free 67K hwm 17K | bat 95% 4.1V | up 0:13 | SD:ok[0m
[32mINFO - heap psram: used 14208 B, free 2082944 B, peak 20616 B; reserved 14224 / 1900544 B, peak 20624 B[0m
[32mINFO - display: partial refresh 400x302 at (40, 458) in 707 ms (partial count 10)[0m
[32mINFO - font: size_idx=2 line_h=49 (native 31 x 160%) ascent=25 max_lines=15 margin=40[0m
[32mINFO - toc: opening (9 entries)[0m
[32mINFO - stats: heap 15/158K peak 42K | stack free 67K hwm 17K | bat 95% 4.1V | up 0:13 | SD:ok[0m
[32mINFO - heap psram: used 8288 B, free 2088864 B, peak 20616 B; reserved 8288 / 1900544 B, peak 20624 B[0m
[32mINFO - cjk-sd op=stage gap_after_log_us=22821257 opens=1 reads=224 bytes=27500 open_us=147 read_us=271485 max_read_us=3770 wall_us=273593 scalars=48 lookups=48[0m
[32mINFO - cjk-sd op=prepare gap_after_log_us=335 opens=1 reads=48 bytes=2835 open_us=164 read_us=66782 max_read_us=3127 wall_us=68301 scalars=48 lookups=0[0m
[32mINFO - display: partial refresh 480x794 at (0, 6) in 784 ms (partial count 11)[0m
[32mINFO - stats: heap 18/158K peak 42K | stack free 67K hwm 17K | bat 95% 4.1V | up 0:13 | SD:ok[0m
[32mINFO - heap psram: used 11080 B, free 2086072 B, peak 20616 B; reserved 11088 / 1900544 B, peak 20624 B[0m
[32mINFO - stats: heap 18/158K peak 42K | stack free 67K hwm 17K | bat 95% 4.1V | up 0:13 | SD:ok[0m
[32mINFO - heap psram: used 11080 B, free 2086072 B, peak 20616 B; reserved 11088 / 1900544 B, peak 20624 B[0m
[32mINFO - display: partial refresh 480x794 at (0, 6) in 771 ms (partial count 12)[0m
[32mINFO - stats: heap 15/158K peak 42K | stack free 67K hwm 17K | bat 95% 4.1V | up 0:13 | SD:ok[0m
[32mINFO - heap psram: used 8288 B, free 2088864 B, peak 20616 B; reserved 8288 / 1900544 B, peak 20624 B[0m
[32mINFO - app: Reader -> Files[0m
[32mINFO - bookmark: cached off=0 ch=3 gen=23 for "ASSEMB~1.EPU"[0m
[32mINFO - [work] reset -> gen 11[0m
[32mINFO - font: size_idx=2 line_h=49 (native 31 x 160%) ascent=25 max_lines=15 margin=40[0m
[32mINFO - font: size_idx=2 line_h=49 (native 31 x 160%) ascent=25 max_lines=15 margin=40[0m
[32mINFO - stats: heap 1/158K peak 42K | stack free 67K hwm 17K | bat 95% 4.1V | up 0:13 | SD:ok[0m
[32mINFO - heap psram: used 8192 B, free 2088960 B, peak 20616 B; reserved 8192 / 1900544 B, peak 20624 B[0m
[32mINFO - cjk-sd op=stage gap_after_log_us=7701131 opens=1 reads=25 bytes=2090 open_us=190214 read_us=31744 max_read_us=2054 wall_us=222651 scalars=3 lookups=3[0m
[32mINFO - cjk-sd op=prepare gap_after_log_us=177 opens=1 reads=4 bytes=360 open_us=152 read_us=8303 max_read_us=2859 wall_us=9249 scalars=3 lookups=0[0m
[32mINFO - display: partial refresh 480x800 at (0, 0) in 795 ms (partial count 13)[0m
[32mINFO - app: Files -> Reader[0m
[32mINFO - font: size_idx=2 line_h=49 (native 31 x 160%) ascent=25 max_lines=15 margin=40[0m
[32mINFO - font: size_idx=2 line_h=49 (native 31 x 160%) ascent=25 max_lines=15 margin=40[0m
[32mINFO - [work] reset -> gen 12[0m
[32mINFO - font: size_idx=2 line_h=49 (native 31 x 160%) ascent=25 max_lines=15 margin=40[0m
[32mINFO - reader: opening ASSEMB~1.EPU[0m
[32mINFO - reader-sd resume step=173 state=NeedBookmark resumed=false retained_window=false outside_step_us=32415012 outside_step_known=true previous_step_complete=true[0m
[32mINFO - bookmark: restoring off=0 ch=3 for ASSEMB~1.EPU[0m
[32mINFO - epub: CD at offset 281729 size 1868 (283619 file bytes)[0m
[32mINFO - epub: 28 entries in ZIP[0m
[32mINFO - reader-sd step=173 outcome=pending state=NeedOpf wall_us=335513 text_us=0 layout_us=0 visible_us=0 pause_us=0 logging_us=408 other_us=335105 text_calls=0 layout_calls=0 visible_calls=0[0m
[32mINFO - stats: heap 1/158K peak 42K | stack free 67K hwm 17K | bat 95% 4.1V | up 0:13 | SD:ok[0m
[32mINFO - heap psram: used 8192 B, free 2088960 B, peak 20616 B; reserved 8192 / 1900544 B, peak 20624 B[0m
[32mINFO - cjk-sd op=stage gap_after_log_us=1655009 opens=0 reads=0 bytes=0 open_us=0 read_us=0 max_read_us=0 wall_us=44 scalars=0 lookups=0[0m
[32mINFO - cjk-sd op=prepare gap_after_log_us=50 opens=0 reads=0 bytes=0 open_us=0 read_us=0 max_read_us=0 wall_us=63 scalars=0 lookups=0[0m
[32mINFO - reader-sd resume step=174 state=NeedOpf resumed=false retained_window=false outside_step_us=3887458 outside_step_known=true previous_step_complete=true[0m
[32mINFO - zip: deflate stream 174 -> 257 bytes[0m
[32mINFO - epub: OPF at OEBPS/content.opf[0m
[32mINFO - zip: deflate stream 1047 -> 4106 bytes[0m
[32mINFO - epub: TOC source = EPUB3 nav (zip #22)[0m
[32mINFO - epub: "集合體" by 娜塔夏‧ 布朗（Natasha Brown） -- 17 chapters[0m
[32mINFO - reader-sd step=174 outcome=pending state=NeedToc wall_us=409070 text_us=0 layout_us=0 visible_us=0 pause_us=0 logging_us=508 other_us=408562 text_calls=0 layout_calls=0 visible_calls=0[0m
[32mINFO - battery: cell 4180 mV, 98% (periodic)[0m
[32mINFO - stats: heap 1/158K peak 42K | stack free 67K hwm 17K | bat 98% 4.1V | up 0:13 | SD:ok[0m
[32mINFO - heap psram: used 8192 B, free 2088960 B, peak 20616 B; reserved 8192 / 1900544 B, peak 20624 B[0m
[32mINFO - stats: heap 1/158K peak 42K | stack free 67K hwm 17K | bat 98% 4.1V | up 0:13 | SD:ok[0m
[32mINFO - heap psram: used 8192 B, free 2088960 B, peak 20616 B; reserved 8192 / 1900544 B, peak 20624 B[0m
[32mINFO - cjk-sd op=stage gap_after_log_us=4328999 opens=1 reads=25 bytes=2090 open_us=189776 read_us=31153 max_read_us=2000 wall_us=221648 scalars=3 lookups=3[0m
[32mINFO - cjk-sd op=prepare gap_after_log_us=174 opens=1 reads=4 bytes=138 open_us=152 read_us=6290 max_read_us=2074 wall_us=7244 scalars=3 lookups=0[0m
[32mINFO - display: partial refresh 448x24 at (8, 24) in 650 ms (partial count 1)[0m
[32mINFO - reader-sd resume step=175 state=NeedToc resumed=false retained_window=false outside_step_us=916097 outside_step_known=true previous_step_complete=true[0m
[32mINFO - zip: deflate stream 703 -> 1533 bytes[0m
[32mINFO - epub: TOC has 9 entries[0m
[32mINFO - reader-sd step=175 outcome=pending state=NeedCache wall_us=138297 text_us=0 layout_us=0 visible_us=0 pause_us=0 logging_us=417 other_us=137880 text_calls=0 layout_calls=0 visible_calls=0[0m
[32mINFO - stats: heap 15/158K peak 42K | stack free 67K hwm 17K | bat 98% 4.1V | up 0:13 | SD:ok[0m
[32mINFO - heap psram: used 8288 B, free 2088864 B, peak 20616 B; reserved 8288 / 1900544 B, peak 20624 B[0m
[32mINFO - display: partial refresh 448x24 at (8, 24) in 649 ms (partial count 2)[0m
[32mINFO - reader-sd resume step=176 state=NeedCache resumed=false retained_window=false outside_step_us=653096 outside_step_known=true previous_step_complete=true[0m
[32mINFO - epub: v3 cache hit (17 chapters)[0m
[32mINFO - reader-sd step=176 outcome=pending state=NeedIndex wall_us=377295 text_us=0 layout_us=0 visible_us=0 pause_us=0 logging_us=613 other_us=376682 text_calls=0 layout_calls=0 visible_calls=0[0m
[32mINFO - stats: heap 15/158K peak 42K | stack free 67K hwm 17K | bat 98% 4.1V | up 0:13 | SD:ok[0m
[32mINFO - heap psram: used 8288 B, free 2088864 B, peak 20616 B; reserved 8288 / 1900544 B, peak 20624 B[0m
[32mINFO - display: partial refresh 448x24 at (8, 24) in 648 ms (partial count 3)[0m
[32mINFO - reader-sd resume step=177 state=NeedIndex resumed=false retained_window=false outside_step_us=652060 outside_step_known=true previous_step_complete=true[0m
[32mINFO - epub: index chapter 4/17 (0 bytes cached text)[0m
[32mINFO - reader-sd step=177 outcome=pending state=NeedPage wall_us=973 text_us=0 layout_us=0 visible_us=0 pause_us=0 logging_us=570 other_us=403 text_calls=0 layout_calls=0 visible_calls=0[0m
[32mINFO - stats: heap 15/158K peak 42K | stack free 67K hwm 17K | bat 98% 4.1V | up 0:13 | SD:ok[0m
[32mINFO - heap psram: used 8288 B, free 2088864 B, peak 20616 B; reserved 8288 / 1900544 B, peak 20624 B[0m
[32mINFO - display: partial refresh 448x24 at (8, 24) in 649 ms (partial count 4)[0m
[32mINFO - reader-sd resume step=178 state=NeedPage resumed=false retained_window=false outside_step_us=652564 outside_step_known=true previous_step_complete=true[0m
[32mINFO - cjk: lookup 1/751 glyphs, about 153187 ms left[0m
[32mINFO - cjk-sd op=stage gap_after_log_us=3319482 opens=1 reads=12 bytes=528 open_us=189616 read_us=13972 max_read_us=2036 wall_us=205099 scalars=751 lookups=1[0m
[32mINFO - reader-sd step=178 outcome=slice state=NeedPage wall_us=398007 text_us=142101 layout_us=254473 visible_us=0 pause_us=132 logging_us=1034 other_us=267 text_calls=1 layout_calls=1 visible_calls=0[0m
[32mINFO - stats: heap 35/158K peak 42K | stack free 67K hwm 17K | bat 98% 4.1V | up 0:13 | SD:ok[0m
[32mINFO - heap psram: used 8288 B, free 2088864 B, peak 20616 B; reserved 8288 / 1900544 B, peak 20624 B[0m
[32mINFO - stats: heap 35/158K peak 42K | stack free 67K hwm 17K | bat 98% 4.1V | up 0:13 | SD:ok[0m
[32mINFO - heap psram: used 8288 B, free 2088864 B, peak 20616 B; reserved 8288 / 1900544 B, peak 20624 B[0m
[32mINFO - display: partial refresh 448x24 at (8, 24) in 650 ms (partial count 5)[0m
[32mINFO - reader-sd resume step=179 state=NeedPage resumed=true retained_window=true outside_step_us=654262 outside_step_known=true previous_step_complete=true[0m
[32mINFO - cjk-sd op=stage gap_after_log_us=668671 opens=1 reads=68 bytes=10208 open_us=112 read_us=59153 max_read_us=2010 wall_us=60562 scalars=751 lookups=41[0m
[32mINFO - reader-sd step=179 outcome=slice state=NeedPage wall_us=75741 text_us=62 layout_us=73287 visible_us=0 pause_us=908 logging_us=1237 other_us=247 text_calls=1 layout_calls=1 visible_calls=0[0m
[32mINFO - bookmarks: flushed 6 slots to SD[0m
[32mINFO - reader-sd resume step=180 state=NeedPage resumed=true retained_window=true outside_step_us=137859 outside_step_known=true previous_step_complete=true[0m
[32mINFO - cjk-sd op=stage gap_after_log_us=153067 opens=1 reads=75 bytes=10274 open_us=113 read_us=63173 max_read_us=3056 wall_us=64614 scalars=751 lookups=41[0m
[32mINFO - reader-sd step=180 outcome=slice state=NeedPage wall_us=78928 text_us=78 layout_us=77353 visible_us=0 pause_us=216 logging_us=1092 other_us=189 text_calls=1 layout_calls=1 visible_calls=0[0m
[32mINFO - reader-sd resume step=181 state=NeedPage resumed=true retained_window=true outside_step_us=142 outside_step_known=true previous_step_complete=true[0m
[32mINFO - cjk-sd op=stage gap_after_log_us=14212 opens=1 reads=72 bytes=11726 open_us=45 read_us=61259 max_read_us=3799 wall_us=62467 scalars=751 lookups=46[0m
[32mINFO - reader-sd step=181 outcome=slice state=NeedPage wall_us=77135 text_us=29 layout_us=75076 visible_us=0 pause_us=660 logging_us=1248 other_us=122 text_calls=1 layout_calls=1 visible_calls=0[0m
[32mINFO - reader-sd resume step=182 state=NeedPage resumed=true retained_window=true outside_step_us=143 outside_step_known=true previous_step_complete=true[0m
[32mINFO - cjk-sd op=stage gap_after_log_us=14763 opens=1 reads=69 bytes=8536 open_us=48 read_us=60797 max_read_us=2012 wall_us=61903 scalars=751 lookups=33[0m
[32mINFO - reader-sd step=182 outcome=slice state=NeedPage wall_us=76088 text_us=32 layout_us=74542 visible_us=0 pause_us=191 logging_us=1172 other_us=151 text_calls=1 layout_calls=1 visible_calls=0[0m
[32mINFO - reader-sd resume step=183 state=NeedPage resumed=true retained_window=true outside_step_us=131 outside_step_known=true previous_step_complete=true[0m
[32mINFO - cjk-sd op=stage gap_after_log_us=14441 opens=1 reads=64 bytes=7546 open_us=50 read_us=59503 max_read_us=1970 wall_us=60515 scalars=751 lookups=30[0m
[32mINFO - reader-sd step=183 outcome=slice state=NeedPage wall_us=75246 text_us=32 layout_us=73157 visible_us=0 pause_us=617 logging_us=1303 other_us=137 text_calls=1 layout_calls=1 visible_calls=0[0m
[32mINFO - reader-sd resume step=184 state=NeedPage resumed=true retained_window=true outside_step_us=127 outside_step_known=true previous_step_complete=true[0m
[32mINFO - cjk-sd op=stage gap_after_log_us=14796 opens=1 reads=59 bytes=9020 open_us=51 read_us=59775 max_read_us=1977 wall_us=60885 scalars=751 lookups=37[0m
[32mINFO - reader-sd step=184 outcome=slice state=NeedPage wall_us=75127 text_us=24 layout_us=73567 visible_us=0 pause_us=191 logging_us=1193 other_us=152 text_calls=1 layout_calls=1 visible_calls=0[0m
[32mINFO - reader-sd resume step=185 state=NeedPage resumed=true retained_window=true outside_step_us=131 outside_step_known=true previous_step_complete=true[0m
[32mINFO - cjk-sd op=stage gap_after_log_us=14450 opens=1 reads=66 bytes=8822 open_us=44 read_us=60416 max_read_us=3768 wall_us=61525 scalars=751 lookups=35[0m
[32mINFO - reader-sd step=185 outcome=slice state=NeedPage wall_us=76270 text_us=25 layout_us=74199 visible_us=0 pause_us=613 logging_us=1305 other_us=128 text_calls=1 layout_calls=1 visible_calls=0[0m
[32mINFO - reader-sd resume step=186 state=NeedPage resumed=true retained_window=true outside_step_us=131 outside_step_known=true previous_step_complete=true[0m
[32mINFO - cjk-sd op=stage gap_after_log_us=14791 opens=1 reads=69 bytes=9966 open_us=51 read_us=61920 max_read_us=3007 wall_us=63092 scalars=751 lookups=41[0m
[32mINFO - reader-sd step=186 outcome=slice state=NeedPage wall_us=77255 text_us=33 layout_us=75768 visible_us=0 pause_us=191 logging_us=1113 other_us=150 text_calls=1 layout_calls=1 visible_calls=0[0m
[32mINFO - reader-sd resume step=187 state=NeedPage resumed=true retained_window=true outside_step_us=131 outside_step_known=true previous_step_complete=true[0m
[32mINFO - cjk-sd op=stage gap_after_log_us=14331 opens=1 reads=57 bytes=7986 open_us=47 read_us=59478 max_read_us=2030 wall_us=60489 scalars=751 lookups=30[0m
[32mINFO - reader-sd step=187 outcome=slice state=NeedPage wall_us=75223 text_us=32 layout_us=73161 visible_us=0 pause_us=613 logging_us=1282 other_us=135 text_calls=1 layout_calls=1 visible_calls=0[0m
[32mINFO - reader-sd resume step=188 state=NeedPage resumed=true retained_window=true outside_step_us=131 outside_step_known=true previous_step_complete=true[0m
[32mINFO - cjk-sd op=stage gap_after_log_us=14784 opens=1 reads=71 bytes=8514 open_us=51 read_us=61762 max_read_us=2012 wall_us=62907 scalars=751 lookups=32[0m
[32mINFO - reader-sd step=188 outcome=slice state=NeedPage wall_us=77107 text_us=25 layout_us=75593 visible_us=0 pause_us=191 logging_us=1148 other_us=150 text_calls=1 layout_calls=1 visible_calls=0[0m
[32mINFO - reader-sd resume step=189 state=NeedPage resumed=true retained_window=true outside_step_us=127 outside_step_known=true previous_step_complete=true[0m
[32mINFO - cjk-sd op=stage gap_after_log_us=14454 opens=1 reads=75 bytes=8800 open_us=46 read_us=59440 max_read_us=3872 wall_us=60558 scalars=751 lookups=33[0m
[32mINFO - reader-sd step=189 outcome=slice state=NeedPage wall_us=75297 text_us=24 layout_us=73234 visible_us=0 pause_us=609 logging_us=1299 other_us=131 text_calls=1 layout_calls=1 visible_calls=0[0m
[32mINFO - reader-sd resume step=190 state=NeedPage resumed=true retained_window=true outside_step_us=134 outside_step_known=true previous_step_complete=true[0m
[32mINFO - cjk-sd op=stage gap_after_log_us=14762 opens=1 reads=68 bytes=7260 open_us=47 read_us=59687 max_read_us=2023 wall_us=60757 scalars=751 lookups=26[0m
[32mINFO - reader-sd step=190 outcome=slice state=NeedPage wall_us=75078 text_us=32 layout_us=73435 visible_us=0 pause_us=191 logging_us=1267 other_us=153 text_calls=1 layout_calls=1 visible_calls=0[0m
[32mINFO - reader-sd resume step=191 state=NeedPage resumed=true retained_window=true outside_step_us=130 outside_step_known=true previous_step_complete=true[0m
[32mINFO - cjk-sd op=stage gap_after_log_us=14460 opens=1 reads=72 bytes=9394 open_us=47 read_us=59585 max_read_us=2014 wall_us=60741 scalars=751 lookups=38[0m
[32mINFO - reader-sd step=191 outcome=slice state=NeedPage wall_us=75481 text_us=33 layout_us=73414 visible_us=0 pause_us=608 logging_us=1293 other_us=133 text_calls=1 layout_calls=1 visible_calls=0[0m
[32mINFO - reader-sd resume step=192 state=NeedPage resumed=true retained_window=true outside_step_us=131 outside_step_known=true previous_step_complete=true[0m
[32mINFO - cjk-sd op=stage gap_after_log_us=14695 opens=1 reads=69 bytes=7810 open_us=55 read_us=60749 max_read_us=2006 wall_us=61842 scalars=751 lookups=29[0m
[32mINFO - reader-sd step=192 outcome=slice state=NeedPage wall_us=75984 text_us=25 layout_us=74527 visible_us=0 pause_us=191 logging_us=1091 other_us=150 text_calls=1 layout_calls=1 visible_calls=0[0m
[32mINFO - reader-sd resume step=193 state=NeedPage resumed=true retained_window=true outside_step_us=127 outside_step_known=true previous_step_complete=true[0m
[32mINFO - cjk-sd op=stage gap_after_log_us=14467 opens=1 reads=76 bytes=9768 open_us=41 read_us=60734 max_read_us=2007 wall_us=61915 scalars=751 lookups=37[0m
[32mINFO - reader-sd step=193 outcome=slice state=NeedPage wall_us=76539 text_us=24 layout_us=74591 visible_us=0 pause_us=613 logging_us=1180 other_us=131 text_calls=1 layout_calls=1 visible_calls=0[0m
[32mINFO - reader-sd resume step=194 state=NeedPage resumed=true retained_window=true outside_step_us=134 outside_step_known=true previous_step_complete=true[0m
[32mINFO - cjk-sd op=stage gap_after_log_us=14644 opens=1 reads=78 bytes=8536 open_us=43 read_us=68003 max_read_us=3013 wall_us=69193 scalars=751 lookups=31[0m
[32mINFO - reader-sd step=194 outcome=slice state=NeedPage wall_us=83431 text_us=33 layout_us=81867 visible_us=0 pause_us=191 logging_us=1190 other_us=150 text_calls=1 layout_calls=1 visible_calls=0[0m
[32mINFO - reader-sd resume step=195 state=NeedPage resumed=true retained_window=true outside_step_us=127 outside_step_known=true previous_step_complete=true[0m
[32mINFO - cjk-sd op=stage gap_after_log_us=14275 opens=1 reads=66 bytes=10120 open_us=51 read_us=60542 max_read_us=2961 wall_us=61717 scalars=751 lookups=41[0m
[32mINFO - reader-sd step=195 outcome=slice state=NeedPage wall_us=76091 text_us=32 layout_us=74387 visible_us=0 pause_us=609 logging_us=929 other_us=134 text_calls=1 layout_calls=1 visible_calls=0[0m
[32mINFO - reader-sd resume step=196 state=NeedPage resumed=true retained_window=true outside_step_us=130 outside_step_known=true previous_step_complete=true[0m
[32mINFO - cjk-sd op=stage gap_after_log_us=14728 opens=1 reads=69 bytes=8580 open_us=51 read_us=63365 max_read_us=3800 wall_us=64570 scalars=751 lookups=35[0m
[32mINFO - reader-sd step=196 outcome=slice state=NeedPage wall_us=78610 text_us=25 layout_us=77254 visible_us=0 pause_us=191 logging_us=989 other_us=151 text_calls=1 layout_calls=1 visible_calls=0[0m
[32mINFO - reader-sd resume step=197 state=NeedPage resumed=true retained_window=true outside_step_us=131 outside_step_known=true previous_step_complete=true[0m
[32mINFO - cjk-sd op=stage gap_after_log_us=14469 opens=1 reads=71 bytes=8536 open_us=41 read_us=60020 max_read_us=3867 wall_us=61132 scalars=751 lookups=35[0m
[32mINFO - reader-sd step=197 outcome=slice state=NeedPage wall_us=75677 text_us=24 layout_us=73809 visible_us=0 pause_us=614 logging_us=1100 other_us=130 text_calls=1 layout_calls=1 visible_calls=0[0m
[32mINFO - reader-sd resume step=198 state=NeedPage resumed=true retained_window=true outside_step_us=131 outside_step_known=true previous_step_complete=true[0m
[32mINFO - cjk-sd op=stage gap_after_log_us=14715 opens=1 reads=71 bytes=9614 open_us=51 read_us=59698 max_read_us=2013 wall_us=60922 scalars=751 lookups=38[0m
[32mINFO - reader-sd step=198 outcome=slice state=NeedPage wall_us=75107 text_us=32 layout_us=73593 visible_us=0 pause_us=191 logging_us=1140 other_us=151 text_calls=1 layout_calls=1 visible_calls=0[0m
[32mINFO - reader-sd resume step=199 state=NeedPage resumed=true retained_window=true outside_step_us=127 outside_step_known=true previous_step_complete=true[0m
[32mINFO - cjk-sd op=stage gap_after_log_us=14253 opens=2 reads=50 bytes=5500 open_us=189140 read_us=45220 max_read_us=2961 wall_us=235557 scalars=751 lookups=20[0m
[32mINFO - reader-sd step=199 outcome=slice state=NeedPage wall_us=250200 text_us=32 layout_us=248227 visible_us=0 pause_us=721 logging_us=1072 other_us=148 text_calls=1 layout_calls=1 visible_calls=0[0m
[32mINFO - reader-sd resume step=200 state=NeedPage resumed=true retained_window=true outside_step_us=168 outside_step_known=true previous_step_complete=true[0m
[32mINFO - cjk-sd op=stage gap_after_log_us=15034 opens=1 reads=57 bytes=3784 open_us=65 read_us=61211 max_read_us=3800 wall_us=62145 scalars=751 lookups=11[0m
[32mINFO - reader-sd step=200 outcome=slice state=NeedPage wall_us=76491 text_us=62 layout_us=74913 visible_us=0 pause_us=192 logging_us=1156 other_us=168 text_calls=1 layout_calls=1 visible_calls=0[0m
[32mINFO - reader-sd resume step=201 state=NeedPage resumed=true retained_window=true outside_step_us=111 outside_step_known=true previous_step_complete=true[0m
[32mINFO - cjk-sd op=stage gap_after_log_us=14384 opens=1 reads=61 bytes=3234 open_us=49 read_us=57245 max_read_us=1982 wall_us=58061 scalars=751 lookups=10[0m
[32mINFO - cjk-sd op=bank gap_after_log_us=34 opens=1 reads=1 bytes=44 open_us=72 read_us=1051 max_read_us=1051 wall_us=1225 scalars=0 lookups=0[0m
[32mINFO - cjk-sd op=bank gap_after_log_us=63 opens=1 reads=1 bytes=44 open_us=27 read_us=1018 max_read_us=1018 wall_us=1079 scalars=0 lookups=0[0m
[32mINFO - cjk-sd op=prepare gap_after_log_us=2994 opens=1 reads=2 bytes=51 open_us=189 read_us=3656 max_read_us=2028 wall_us=5374 scalars=93 lookups=0[0m
[32mINFO - reader-sd step=201 outcome=slice state=NeedPage wall_us=85754 text_us=21 layout_us=75206 visible_us=6216 pause_us=850 logging_us=3229 other_us=232 text_calls=1 layout_calls=1 visible_calls=1[0m
[32mINFO - reader-sd resume step=202 state=NeedPage resumed=true retained_window=true outside_step_us=219 outside_step_known=true previous_step_complete=true[0m
[32mINFO - cjk-sd op=stage gap_after_log_us=15408 opens=0 reads=0 bytes=0 open_us=0 read_us=0 max_read_us=0 wall_us=248 scalars=751 lookups=0[0m
[32mINFO - cjk-sd op=prepare gap_after_log_us=2864 opens=1 reads=51 bytes=3017 open_us=160 read_us=55776 max_read_us=2894 wall_us=57266 scalars=93 lookups=0[0m
[32mINFO - reader-sd step=202 outcome=slice state=NeedPage wall_us=75416 text_us=41 layout_us=15103 visible_us=58087 pause_us=258 logging_us=1669 other_us=258 text_calls=1 layout_calls=1 visible_calls=1[0m
[32mINFO - reader-sd resume step=203 state=NeedPage resumed=true retained_window=true outside_step_us=172 outside_step_known=true previous_step_complete=true[0m
[32mINFO - cjk-sd op=stage gap_after_log_us=14706 opens=0 reads=0 bytes=0 open_us=0 read_us=0 max_read_us=0 wall_us=210 scalars=751 lookups=0[0m
[32mINFO - cjk-sd op=prepare gap_after_log_us=2755 opens=1 reads=40 bytes=2522 open_us=140 read_us=55699 max_read_us=2879 wall_us=57085 scalars=93 lookups=0[0m
[32mINFO - reader-sd step=203 outcome=slice state=NeedPage wall_us=75563 text_us=41 layout_us=14878 visible_us=57885 pause_us=758 logging_us=1789 other_us=212 text_calls=1 layout_calls=1 visible_calls=1[0m
[32mINFO - reader-sd resume step=204 state=NeedPage resumed=true retained_window=true outside_step_us=178 outside_step_known=true previous_step_complete=true[0m
[32mINFO - cjk-sd op=stage gap_after_log_us=15137 opens=0 reads=0 bytes=0 open_us=0 read_us=0 max_read_us=0 wall_us=210 scalars=751 lookups=0[0m
[32mINFO - cjk-sd op=prepare gap_after_log_us=2853 opens=2 reads=8 bytes=548 open_us=177 read_us=15427 max_read_us=2857 wall_us=16884 scalars=96 lookups=0[0m
[32mINFO - reader-sd step=204 outcome=ready state=Ready wall_us=34779 text_us=56 layout_us=15008 visible_us=17711 pause_us=0 logging_us=1657 other_us=347 text_calls=2 layout_calls=1 visible_calls=1[0m
[32mINFO - stats: heap 41/158K peak 42K | stack free 67K hwm 17K | bat 98% 4.1V | up 0:13 | SD:ok[0m
[32mINFO - heap psram: used 14208 B, free 2082944 B, peak 20616 B; reserved 14224 / 1900544 B, peak 20624 B[0m
[32mINFO - display: partial refresh 480x794 at (0, 6) in 817 ms (partial count 6)[0m
[32mINFO - stats: heap 41/158K peak 42K | stack free 67K hwm 17K | bat 98% 4.1V | up 0:13 | SD:ok[0m
[32mINFO - heap psram: used 14208 B, free 2082944 B, peak 20616 B; reserved 14224 / 1900544 B, peak 20624 B[0m
[32mINFO - reader-sd resume step=205 state=NeedIndex resumed=false retained_window=false outside_step_us=4108561 outside_step_known=true previous_step_complete=true[0m
[32mINFO - cjk-sd op=bank gap_after_log_us=4109915 opens=1 reads=1 bytes=44 open_us=139 read_us=2082 max_read_us=2082 wall_us=2413 scalars=0 lookups=0[0m
[32mINFO - cjk-sd op=bank gap_after_log_us=21 opens=1 reads=1 bytes=44 open_us=36 read_us=1026 max_read_us=1026 wall_us=1099 scalars=0 lookups=0[0m
[32mINFO - epub: index chapter 5/17 (3496 bytes cached text)[0m
[32mINFO - chapter cache: loaded ch4 (3496 bytes) into RAM[0m
[32mINFO - cjk-sd op=stage gap_after_log_us=138689 opens=0 reads=0 bytes=0 open_us=0 read_us=0 max_read_us=0 wall_us=272 scalars=431 lookups=0[0m
[32mINFO - cjk-sd op=stage gap_after_log_us=6919 opens=0 reads=0 bytes=0 open_us=0 read_us=0 max_read_us=0 wall_us=198 scalars=390 lookups=0[0m
[32mINFO - cjk-sd op=stage gap_after_log_us=5952 opens=0 reads=0 bytes=0 open_us=0 read_us=0 max_read_us=0 wall_us=196 scalars=344 lookups=0[0m
[32mINFO - cjk-sd op=stage gap_after_log_us=5314 opens=0 reads=0 bytes=0 open_us=0 read_us=0 max_read_us=0 wall_us=195 scalars=265 lookups=0[0m
[32mINFO - cjk-sd op=stage gap_after_log_us=4093 opens=0 reads=0 bytes=0 open_us=0 read_us=0 max_read_us=0 wall_us=196 scalars=209 lookups=0[0m
[32mINFO - cjk-sd op=stage gap_after_log_us=3265 opens=0 reads=0 bytes=0 open_us=0 read_us=0 max_read_us=0 wall_us=196 scalars=156 lookups=0[0m
[32mINFO - cjk-sd op=stage gap_after_log_us=2434 opens=0 reads=0 bytes=0 open_us=0 read_us=0 max_read_us=0 wall_us=196 scalars=71 lookups=0[0m
[32mINFO - chapter pre-indexed: 7 pages[0m
[32mINFO - reader-sd step=205 outcome=pending state=NeedPage wall_us=179083 text_us=342 layout_us=36146 visible_us=0 pause_us=0 logging_us=5608 other_us=136987 text_calls=7 layout_calls=7 visible_calls=0[0m
[32mINFO - stats: heap 41/158K peak 42K | stack free 67K hwm 17K | bat 98% 4.1V | up 0:13 | SD:ok[0m
[32mINFO - heap psram: used 17704 B, free 2079448 B, peak 20616 B; reserved 17728 / 1900544 B, peak 20624 B[0m
[32mINFO - display: partial refresh 480x794 at (0, 6) in 821 ms (partial count 7)[0m
[32mINFO - reader-sd resume step=206 state=NeedPage resumed=false retained_window=false outside_step_us=824397 outside_step_known=true previous_step_complete=true[0m
[32mINFO - cjk-sd op=bank gap_after_log_us=827274 opens=1 reads=1 bytes=44 open_us=118 read_us=1984 max_read_us=1984 wall_us=2299 scalars=0 lookups=0[0m
[32mINFO - cjk-sd op=bank gap_after_log_us=28 opens=1 reads=1 bytes=44 open_us=13 read_us=1036 max_read_us=1036 wall_us=1075 scalars=0 lookups=0[0m
[32mINFO - cjk-sd op=stage gap_after_log_us=6100 opens=0 reads=0 bytes=0 open_us=0 read_us=0 max_read_us=0 wall_us=247 scalars=431 lookups=0[0m
[32mINFO - cjk-sd op=prepare gap_after_log_us=2901 opens=2 reads=2 bytes=88 open_us=167 read_us=2552 max_read_us=1569 wall_us=3811 scalars=96 lookups=0[0m
[32mINFO - reader-sd step=206 outcome=ready state=Ready wall_us=19657 text_us=288 layout_us=7973 visible_us=4638 pause_us=0 logging_us=2863 other_us=3895 text_calls=1 layout_calls=1 visible_calls=1[0m
[32mINFO - stats: heap 41/158K peak 42K | stack free 67K hwm 17K | bat 98% 4.1V | up 0:13 | SD:ok[0m
[32mINFO - heap psram: used 17704 B, free 2079448 B, peak 20616 B; reserved 17728 / 1900544 B, peak 20624 B[0m
[32mINFO - stats: heap 41/158K peak 42K | stack free 67K hwm 17K | bat 98% 4.1V | up 0:13 | SD:ok[0m
[32mINFO - heap psram: used 17704 B, free 2079448 B, peak 20616 B; reserved 17728 / 1900544 B, peak 20624 B[0m
[32mINFO - display: partial refresh 480x794 at (0, 6) in 817 ms (partial count 8)[0m
[32mINFO - reader-sd resume step=207 state=NeedPage resumed=false retained_window=false outside_step_us=1404663 outside_step_known=true previous_step_complete=true[0m
[32mINFO - cjk-sd op=bank gap_after_log_us=1406087 opens=1 reads=1 bytes=44 open_us=132 read_us=2045 max_read_us=2045 wall_us=2369 scalars=0 lookups=0[0m
[32mINFO - cjk-sd op=bank gap_after_log_us=21 opens=1 reads=1 bytes=44 open_us=44 read_us=1008 max_read_us=1008 wall_us=1098 scalars=0 lookups=0[0m
[32mINFO - cjk-sd op=stage gap_after_log_us=5334 opens=0 reads=0 bytes=0 open_us=0 read_us=0 max_read_us=0 wall_us=257 scalars=390 lookups=0[0m
[32mINFO - cjk: bitmap 46/120 glyphs, about 98 ms left[0m
[32mINFO - cjk-sd op=prepare gap_after_log_us=3363 opens=1 reads=47 bytes=2745 open_us=184 read_us=55077 max_read_us=2883 wall_us=57922 scalars=120 lookups=0[0m
[32mINFO - reader-sd step=207 outcome=slice state=NeedPage wall_us=74028 text_us=253 layout_us=7608 visible_us=58881 pause_us=594 logging_us=2818 other_us=3874 text_calls=1 layout_calls=1 visible_calls=1[0m
[32mINFO - stats: heap 42/158K peak 42K | stack free 67K hwm 17K | bat 98% 4.1V | up 0:13 | SD:ok[0m
[32mINFO - heap psram: used 19400 B, free 2077752 B, peak 20616 B; reserved 19424 / 1900544 B, peak 20624 B[0m
[32mINFO - display: partial refresh 480x794 at (0, 6) in 772 ms (partial count 9)[0m
[32mINFO - reader-sd resume step=208 state=NeedPage resumed=true retained_window=false outside_step_us=774851 outside_step_known=true previous_step_complete=true[0m
[32mINFO - cjk-sd op=stage gap_after_log_us=782165 opens=0 reads=0 bytes=0 open_us=0 read_us=0 max_read_us=0 wall_us=267 scalars=390 lookups=0[0m
[32mINFO - cjk-sd op=prepare gap_after_log_us=3328 opens=1 reads=42 bytes=2669 open_us=184 read_us=54714 max_read_us=2845 wall_us=56323 scalars=120 lookups=0[0m
[32mINFO - reader-sd step=208 outcome=slice state=NeedPage wall_us=67974 text_us=249 layout_us=7556 visible_us=57253 pause_us=865 logging_us=1778 other_us=273 text_calls=1 layout_calls=1 visible_calls=1[0m
[32mINFO - reader-sd resume step=209 state=NeedPage resumed=true retained_window=false outside_step_us=181 outside_step_known=true previous_step_complete=true[0m
[32mINFO - cjk-sd op=stage gap_after_log_us=7738 opens=0 reads=0 bytes=0 open_us=0 read_us=0 max_read_us=0 wall_us=217 scalars=390 lookups=0[0m
[32mINFO - cjk-sd op=prepare gap_after_log_us=3347 opens=1 reads=34 bytes=2010 open_us=168 read_us=40986 max_read_us=2808 wall_us=42615 scalars=120 lookups=0[0m
[32mINFO - reader-sd step=209 outcome=ready state=Ready wall_us=53588 text_us=192 layout_us=7547 visible_us=43533 pause_us=0 logging_us=2004 other_us=312 text_calls=1 layout_calls=1 visible_calls=1[0m
[32mINFO - stats: heap 42/158K peak 42K | stack free 67K hwm 17K | bat 98% 4.1V | up 0:13 | SD:ok[0m
[32mINFO - heap psram: used 19076 B, free 2078076 B, peak 20616 B; reserved 19088 / 1900544 B, peak 20624 B[0m
[32mINFO - display: partial refresh 480x794 at (0, 6) in 829 ms (partial count 10)[0m
[32mINFO - stats: heap 42/158K peak 42K | stack free 67K hwm 17K | bat 98% 4.1V | up 0:13 | SD:ok[0m
[32mINFO - heap psram: used 19076 B, free 2078076 B, peak 20616 B; reserved 19088 / 1900544 B, peak 20624 B[0m
[32mINFO - scheduler: received LongPress(Enter)[0m
[32mINFO - stats: heap 42/158K peak 42K | stack free 67K hwm 17K | bat 98% 4.1V | up 0:13 | SD:ok[0m
[32mINFO - heap psram: used 19076 B, free 2078076 B, peak 20616 B; reserved 19088 / 1900544 B, peak 20624 B[0m
[32mINFO - display: partial refresh 400x302 at (40, 458) in 713 ms (partial count 11)[0m
[32mINFO - stats: heap 42/158K peak 42K | stack free 67K hwm 17K | bat 98% 4.1V | up 0:13 | SD:ok[0m
[32mINFO - heap psram: used 19076 B, free 2078076 B, peak 20616 B; reserved 19088 / 1900544 B, peak 20624 B[0m
[32mINFO - display: partial refresh 400x302 at (40, 458) in 713 ms (partial count 12)[0m
[32mINFO - stats: heap 42/158K peak 42K | stack free 67K hwm 17K | bat 98% 4.1V | up 0:13 | SD:ok[0m
[32mINFO - heap psram: used 19076 B, free 2078076 B, peak 20616 B; reserved 19088 / 1900544 B, peak 20624 B[0m
[32mINFO - display: partial refresh 400x302 at (40, 458) in 713 ms (partial count 13)[0m
[32mINFO - stats: heap 42/158K peak 42K | stack free 67K hwm 17K | bat 98% 4.1V | up 0:13 | SD:ok[0m
[32mINFO - heap psram: used 19076 B, free 2078076 B, peak 20616 B; reserved 19088 / 1900544 B, peak 20624 B[0m
[32mINFO - display: partial refresh 400x302 at (40, 458) in 712 ms (partial count 14)[0m
[32mINFO - stats: heap 42/158K peak 42K | stack free 67K hwm 17K | bat 98% 4.1V | up 0:14 | SD:ok[0m
[32mINFO - heap psram: used 19076 B, free 2078076 B, peak 20616 B; reserved 19088 / 1900544 B, peak 20624 B[0m
[32mINFO - stats: heap 42/158K peak 42K | stack free 67K hwm 17K | bat 98% 4.1V | up 0:14 | SD:ok[0m
[32mINFO - heap psram: used 19076 B, free 2078076 B, peak 20616 B; reserved 19088 / 1900544 B, peak 20624 B[0m
[32mINFO - display: partial refresh 400x302 at (40, 458) in 712 ms (partial count 15)[0m
[32mINFO - stats: heap 42/158K peak 42K | stack free 67K hwm 17K | bat 98% 4.1V | up 0:14 | SD:ok[0m
[32mINFO - heap psram: used 19076 B, free 2078076 B, peak 20616 B; reserved 19088 / 1900544 B, peak 20624 B[0m
[32mINFO - display: partial refresh 400x302 at (40, 458) in 712 ms (partial count 16)[0m
[32mINFO - font: size_idx=2 line_h=49 (native 31 x 160%) ascent=25 max_lines=15 margin=40[0m
[32mINFO - toc: opening (9 entries)[0m
[32mINFO - stats: heap 15/158K peak 42K | stack free 67K hwm 17K | bat 98% 4.1V | up 0:14 | SD:ok[0m
[32mINFO - heap psram: used 11784 B, free 2085368 B, peak 20616 B; reserved 11792 / 1900544 B, peak 20624 B[0m
[32mINFO - cjk-sd op=stage gap_after_log_us=10815558 opens=1 reads=224 bytes=27500 open_us=157 read_us=271181 max_read_us=3778 wall_us=273273 scalars=48 lookups=48[0m
[32mINFO - cjk-sd op=prepare gap_after_log_us=325 opens=1 reads=48 bytes=2835 open_us=168 read_us=66774 max_read_us=3138 wall_us=68315 scalars=48 lookups=0[0m
[32mINFO - display: partial refresh 480x794 at (0, 6) in 784 ms (partial count 17)[0m
[32mINFO - stats: heap 18/158K peak 42K | stack free 67K hwm 17K | bat 98% 4.1V | up 0:14 | SD:ok[0m
[32mINFO - heap psram: used 14576 B, free 2082576 B, peak 20616 B; reserved 14592 / 1900544 B, peak 20624 B[0m
[32mINFO - toc: jumping to "　還可以" -> spine 4[0m
[32mINFO - reader-sd resume step=210 state=NeedIndex resumed=false retained_window=false outside_step_us=12605291 outside_step_known=true previous_step_complete=true[0m
[32mINFO - epub: index chapter 5/17 (3496 bytes cached text)[0m
[32mINFO - chapter cache: loaded ch4 (3496 bytes) into RAM[0m
[32mINFO - cjk: lookup 30/431 glyphs, about 836 ms left[0m
[32mINFO - cjk-sd op=stage gap_after_log_us=1599627 opens=1 reads=66 bytes=7854 open_us=168 read_us=61222 max_read_us=2044 wall_us=63118 scalars=431 lookups=30[0m
[32mINFO - reader-sd step=210 outcome=slice state=NeedIndex wall_us=216776 text_us=71 layout_us=81202 visible_us=0 pause_us=793 logging_us=1109 other_us=133601 text_calls=1 layout_calls=1 visible_calls=0[0m
[32mINFO - stats: heap 32/158K peak 42K | stack free 67K hwm 17K | bat 98% 4.1V | up 0:14 | SD:ok[0m
[32mINFO - heap psram: used 14576 B, free 2082576 B, peak 20616 B; reserved 14592 / 1900544 B, peak 20624 B[0m
[32mINFO - display: partial refresh 480x794 at (0, 6) in 770 ms (partial count 18)[0m
[32mINFO - reader-sd resume step=211 state=NeedIndex resumed=true retained_window=false outside_step_us=773821 outside_step_known=true previous_step_complete=true[0m
[32mINFO - cjk-sd op=stage gap_after_log_us=781707 opens=1 reads=64 bytes=7788 open_us=145 read_us=59320 max_read_us=2032 wall_us=60582 scalars=431 lookups=30[0m
[32mINFO - reader-sd step=211 outcome=slice state=NeedIndex wall_us=68030 text_us=248 layout_us=65918 visible_us=0 pause_us=123 logging_us=1411 other_us=330 text_calls=1 layout_calls=1 visible_calls=0[0m
[32mINFO - stats: heap 29/158K peak 42K | stack free 67K hwm 17K | bat 98% 4.1V | up 0:14 | SD:ok[0m
[32mINFO - heap psram: used 11784 B, free 2085368 B, peak 20616 B; reserved 11792 / 1900544 B, peak 20624 B[0m
[32mINFO - display: partial refresh 448x24 at (8, 24) in 650 ms (partial count 19)[0m
[32mINFO - reader-sd resume step=212 state=NeedIndex resumed=true retained_window=false outside_step_us=653769 outside_step_known=true previous_step_complete=true[0m
[32mINFO - cjk-sd op=stage gap_after_log_us=660979 opens=1 reads=67 bytes=9460 open_us=129 read_us=59502 max_read_us=3769 wall_us=60843 scalars=431 lookups=36[0m
[32mINFO - reader-sd step=212 outcome=slice state=NeedIndex wall_us=67935 text_us=253 layout_us=66193 visible_us=0 pause_us=211 logging_us=1048 other_us=230 text_calls=1 layout_calls=1 visible_calls=0[0m
[32mINFO - reader-sd resume step=213 state=NeedIndex resumed=true retained_window=false outside_step_us=165 outside_step_known=true previous_step_complete=true[0m
[32mINFO - cjk-sd op=stage gap_after_log_us=7027 opens=1 reads=67 bytes=7370 open_us=72 read_us=60492 max_read_us=1972 wall_us=61447 scalars=431 lookups=26[0m
[32mINFO - reader-sd step=213 outcome=slice state=NeedIndex wall_us=68903 text_us=148 layout_us=66663 visible_us=0 pause_us=657 logging_us=1259 other_us=176 text_calls=1 layout_calls=1 visible_calls=0[0m
[32mINFO - reader-sd resume step=214 state=NeedIndex resumed=true retained_window=false outside_step_us=135 outside_step_known=true previous_step_complete=true[0m
[32mINFO - cjk-sd op=stage gap_after_log_us=7690 opens=1 reads=70 bytes=7942 open_us=76 read_us=63616 max_read_us=3769 wall_us=64717 scalars=431 lookups=32[0m
[32mINFO - reader-sd step=214 outcome=slice state=NeedIndex wall_us=71845 text_us=165 layout_us=69972 visible_us=0 pause_us=190 logging_us=1343 other_us=175 text_calls=1 layout_calls=1 visible_calls=0[0m
[32mINFO - reader-sd resume step=215 state=NeedIndex resumed=true retained_window=false outside_step_us=138 outside_step_known=true previous_step_complete=true[0m
[32mINFO - cjk-sd op=stage gap_after_log_us=6999 opens=1 reads=66 bytes=8316 open_us=64 read_us=60565 max_read_us=2015 wall_us=61561 scalars=431 lookups=33[0m
[32mINFO - reader-sd step=215 outcome=slice state=NeedIndex wall_us=69023 text_us=139 layout_us=66808 visible_us=0 pause_us=812 logging_us=1093 other_us=171 text_calls=1 layout_calls=1 visible_calls=0[0m
[32mINFO - reader-sd resume step=216 state=NeedIndex resumed=true retained_window=false outside_step_us=214 outside_step_known=true previous_step_complete=true[0m
[32mINFO - cjk-sd op=stage gap_after_log_us=7817 opens=1 reads=60 bytes=7106 open_us=79 read_us=61769 max_read_us=2035 wall_us=62797 scalars=431 lookups=28[0m
[32mINFO - reader-sd step=216 outcome=slice state=NeedIndex wall_us=69638 text_us=171 layout_us=68074 visible_us=0 pause_us=200 logging_us=1024 other_us=169 text_calls=1 layout_calls=1 visible_calls=0[0m
[32mINFO - reader-sd resume step=217 state=NeedIndex resumed=true retained_window=false outside_step_us=147 outside_step_known=true previous_step_complete=true[0m
[32mINFO - cjk-sd op=stage gap_after_log_us=7010 opens=1 reads=79 bytes=9108 open_us=59 read_us=60944 max_read_us=2016 wall_us=62039 scalars=431 lookups=34[0m
[32mINFO - reader-sd step=217 outcome=slice state=NeedIndex wall_us=69523 text_us=146 layout_us=67286 visible_us=0 pause_us=644 logging_us=1268 other_us=179 text_calls=1 layout_calls=1 visible_calls=0[0m
[32mINFO - reader-sd resume step=218 state=NeedIndex resumed=true retained_window=false outside_step_us=128 outside_step_known=true previous_step_complete=true[0m
[32mINFO - cjk-sd op=stage gap_after_log_us=7376 opens=1 reads=66 bytes=5566 open_us=75 read_us=62343 max_read_us=2015 wall_us=63305 scalars=431 lookups=18[0m
[32mINFO - reader-sd step=218 outcome=slice state=NeedIndex wall_us=70166 text_us=157 layout_us=68576 visible_us=0 pause_us=195 logging_us=1064 other_us=174 text_calls=1 layout_calls=1 visible_calls=0[0m
[32mINFO - reader-sd resume step=219 state=NeedIndex resumed=true retained_window=false outside_step_us=141 outside_step_known=true previous_step_complete=true[0m
[32mINFO - cjk-sd op=stage gap_after_log_us=7002 opens=1 reads=68 bytes=6798 open_us=59 read_us=59744 max_read_us=2980 wall_us=60695 scalars=431 lookups=26[0m
[32mINFO - reader-sd step=219 outcome=slice state=NeedIndex wall_us=68203 text_us=134 layout_us=65949 visible_us=0 pause_us=638 logging_us=1314 other_us=168 text_calls=1 layout_calls=1 visible_calls=0[0m
[32mINFO - reader-sd resume step=220 state=NeedIndex resumed=true retained_window=false outside_step_us=127 outside_step_known=true previous_step_complete=true[0m
[32mINFO - cjk-sd op=stage gap_after_log_us=7515 opens=1 reads=73 bytes=8074 open_us=75 read_us=60820 max_read_us=3056 wall_us=61919 scalars=431 lookups=29[0m
[32mINFO - reader-sd step=220 outcome=slice state=NeedIndex wall_us=69055 text_us=169 layout_us=67185 visible_us=0 pause_us=195 logging_us=1332 other_us=174 text_calls=1 layout_calls=1 visible_calls=0[0m
[32mINFO - reader-sd resume step=221 state=NeedIndex resumed=true retained_window=false outside_step_us=141 outside_step_known=true previous_step_complete=true[0m
[32mINFO - cjk-sd op=stage gap_after_log_us=7196 opens=1 reads=61 bytes=5654 open_us=68 read_us=60627 max_read_us=2019 wall_us=61544 scalars=431 lookups=21[0m
[32mINFO - reader-sd step=221 outcome=slice state=NeedIndex wall_us=68905 text_us=146 layout_us=66793 visible_us=0 pause_us=648 logging_us=1143 other_us=175 text_calls=1 layout_calls=1 visible_calls=0[0m
[32mINFO - reader-sd resume step=222 state=NeedIndex resumed=true retained_window=false outside_step_us=131 outside_step_known=true previous_step_complete=true[0m
[32mINFO - cjk-sd op=stage gap_after_log_us=7502 opens=1 reads=64 bytes=7810 open_us=75 read_us=59813 max_read_us=3012 wall_us=60896 scalars=431 lookups=29[0m
[32mINFO - reader-sd step=222 outcome=slice state=NeedIndex wall_us=67697 text_us=159 layout_us=66172 visible_us=0 pause_us=195 logging_us=997 other_us=174 text_calls=1 layout_calls=1 visible_calls=0[0m
[32mINFO - reader-sd resume step=223 state=NeedIndex resumed=true retained_window=false outside_step_us=137 outside_step_known=true previous_step_complete=true[0m
[32mINFO - cjk-sd op=stage gap_after_log_us=7002 opens=1 reads=68 bytes=7128 open_us=68 read_us=60019 max_read_us=3798 wall_us=61014 scalars=431 lookups=29[0m
[32mINFO - reader-sd step=223 outcome=slice state=NeedIndex wall_us=68500 text_us=136 layout_us=66273 visible_us=0 pause_us=638 logging_us=1284 other_us=169 text_calls=1 layout_calls=1 visible_calls=0[0m
[32mINFO - reader-sd resume step=224 state=NeedIndex resumed=true retained_window=false outside_step_us=134 outside_step_known=true previous_step_complete=true[0m
[32mINFO - cjk-sd op=stage gap_after_log_us=7401 opens=2 reads=77 bytes=7524 open_us=89 read_us=70976 max_read_us=2013 wall_us=72352 scalars=431 lookups=28[0m
[32mINFO - reader-sd step=224 outcome=slice state=NeedIndex wall_us=79395 text_us=169 layout_us=77617 visible_us=0 pause_us=203 logging_us=1231 other_us=175 text_calls=1 layout_calls=1 visible_calls=0[0m
[32mINFO - reader-sd resume step=225 state=NeedIndex resumed=true retained_window=false outside_step_us=141 outside_step_known=true previous_step_complete=true[0m
[32mINFO - cjk-sd op=stage gap_after_log_us=7066 opens=1 reads=18 bytes=902 open_us=66 read_us=23965 max_read_us=1998 wall_us=24487 scalars=431 lookups=2[0m
[32mINFO - cjk-sd op=bank gap_after_log_us=34 opens=1 reads=1 bytes=44 open_us=73 read_us=1050 max_read_us=1050 wall_us=1223 scalars=0 lookups=0[0m
[32mINFO - cjk-sd op=bank gap_after_log_us=48 opens=1 reads=1 bytes=44 open_us=24 read_us=996 max_read_us=996 wall_us=1045 scalars=0 lookups=0[0m
[32mINFO - cjk-sd op=stage gap_after_log_us=6860 opens=0 reads=0 bytes=0 open_us=0 read_us=0 max_read_us=0 wall_us=125 scalars=390 lookups=0[0m
[32mINFO - cjk-sd op=stage gap_after_log_us=5718 opens=0 reads=0 bytes=0 open_us=0 read_us=0 max_read_us=0 wall_us=114 scalars=344 lookups=0[0m
[32mINFO - cjk-sd op=stage gap_after_log_us=5101 opens=0 reads=0 bytes=0 open_us=0 read_us=0 max_read_us=0 wall_us=114 scalars=265 lookups=0[0m
[32mINFO - cjk-sd op=stage gap_after_log_us=3941 opens=0 reads=0 bytes=0 open_us=0 read_us=0 max_read_us=0 wall_us=114 scalars=209 lookups=0[0m
[32mINFO - cjk-sd op=stage gap_after_log_us=3171 opens=0 reads=0 bytes=0 open_us=0 read_us=0 max_read_us=0 wall_us=113 scalars=156 lookups=0[0m
[32mINFO - cjk-sd op=stage gap_after_log_us=2372 opens=0 reads=0 bytes=0 open_us=0 read_us=0 max_read_us=0 wall_us=114 scalars=71 lookups=0[0m
[32mINFO - chapter pre-indexed: 7 pages[0m
[32mINFO - reader-sd step=225 outcome=pending state=NeedPage wall_us=67239 text_us=435 layout_us=60961 visible_us=0 pause_us=0 logging_us=5441 other_us=402 text_calls=7 layout_calls=7 visible_calls=0[0m
[32mINFO - stats: heap 33/158K peak 42K | stack free 67K hwm 17K | bat 98% 4.1V | up 0:14 | SD:ok[0m
[32mINFO - heap psram: used 11784 B, free 2085368 B, peak 20616 B; reserved 11792 / 1900544 B, peak 20624 B[0m
[32mINFO - display: partial refresh 448x24 at (8, 24) in 650 ms (partial count 20)[0m
[32mINFO - reader-sd resume step=226 state=NeedPage resumed=true retained_window=false outside_step_us=653946 outside_step_known=true previous_step_complete=true[0m
[32mINFO - cjk-sd op=stage gap_after_log_us=662440 opens=0 reads=0 bytes=0 open_us=0 read_us=0 max_read_us=0 wall_us=173 scalars=431 lookups=0[0m
[32mINFO - cjk-sd op=stage gap_after_log_us=6692 opens=0 reads=0 bytes=0 open_us=0 read_us=0 max_read_us=0 wall_us=114 scalars=390 lookups=0[0m
[32mINFO - cjk-sd op=prepare gap_after_log_us=2869 opens=1 reads=41 bytes=2364 open_us=188 read_us=47888 max_read_us=2891 wall_us=50132 scalars=120 lookups=0[0m
[32mINFO - reader-sd step=226 outcome=slice state=NeedPage wall_us=68629 text_us=328 layout_us=14136 visible_us=51032 pause_us=271 logging_us=2539 other_us=323 text_calls=2 layout_calls=2 visible_calls=1[0m
[32mINFO - battery: cell 4148 mV, 96% (periodic)[0m
[32mINFO - reader-sd resume step=227 state=NeedPage resumed=true retained_window=false outside_step_us=31176 outside_step_known=true previous_step_complete=true[0m
[32mINFO - cjk-sd op=stage gap_after_log_us=37995 opens=0 reads=0 bytes=0 open_us=0 read_us=0 max_read_us=0 wall_us=150 scalars=390 lookups=0[0m
[32mINFO - cjk-sd op=prepare gap_after_log_us=3390 opens=1 reads=44 bytes=2795 open_us=165 read_us=55158 max_read_us=2813 wall_us=56664 scalars=120 lookups=0[0m
[32mINFO - reader-sd step=227 outcome=slice state=NeedPage wall_us=68308 text_us=249 layout_us=7257 visible_us=57547 pause_us=845 logging_us=2073 other_us=337 text_calls=1 layout_calls=1 visible_calls=1[0m
[32mINFO - reader-sd resume step=228 state=NeedPage resumed=true retained_window=false outside_step_us=214 outside_step_known=true previous_step_complete=true[0m
[32mINFO - cjk-sd op=stage gap_after_log_us=7226 opens=0 reads=0 bytes=0 open_us=0 read_us=0 max_read_us=0 wall_us=128 scalars=390 lookups=0[0m
[32mINFO - cjk-sd op=prepare gap_after_log_us=3362 opens=1 reads=38 bytes=2265 open_us=156 read_us=45816 max_read_us=2811 wall_us=47460 scalars=120 lookups=0[0m
[32mINFO - reader-sd step=228 outcome=ready state=Ready wall_us=57884 text_us=199 layout_us=7084 visible_us=48433 pause_us=0 logging_us=1839 other_us=329 text_calls=1 layout_calls=1 visible_calls=1[0m
[32mINFO - stats: heap 36/158K peak 42K | stack free 67K hwm 17K | bat 96% 4.1V | up 0:14 | SD:ok[0m
[32mINFO - heap psram: used 19076 B, free 2078076 B, peak 20616 B; reserved 19088 / 1900544 B, peak 20624 B[0m
[32mINFO - display: partial refresh 480x794 at (0, 6) in 830 ms (partial count 21)[0m
[32mINFO - stats: heap 36/158K peak 42K | stack free 67K hwm 17K | bat 96% 4.1V | up 0:14 | SD:ok[0m
[32mINFO - heap psram: used 19076 B, free 2078076 B, peak 20616 B; reserved 19088 / 1900544 B, peak 20624 B[0m
[32mINFO - stats: heap 36/158K peak 42K | stack free 67K hwm 17K | bat 96% 4.1V | up 0:14 | SD:ok[0m
[32mINFO - heap psram: used 19076 B, free 2078076 B, peak 20616 B; reserved 19088 / 1900544 B, peak 20624 B[0m
[32mINFO - stats: heap 36/158K peak 42K | stack free 67K hwm 17K | bat 96% 4.1V | up 0:14 | SD:ok[0m
[32mINFO - heap psram: used 19076 B, free 2078076 B, peak 20616 B; reserved 19088 / 1900544 B, peak 20624 B[0m
[32mINFO - stats: heap 36/158K peak 42K | stack free 67K hwm 17K | bat 96% 4.1V | up 0:14 | SD:ok[0m
[32mINFO - heap psram: used 19076 B, free 2078076 B, peak 20616 B; reserved 19088 / 1900544 B, peak 20624 B[0m
[32mINFO - stats: heap 36/158K peak 42K | stack free 67K hwm 17K | bat 96% 4.1V | up 0:14 | SD:ok[0m
[32mINFO - heap psram: used 19076 B, free 2078076 B, peak 20616 B; reserved 19088 / 1900544 B, peak 20624 B[0m
[32mINFO - stats: heap 36/158K peak 42K | stack free 67K hwm 17K | bat 96% 4.1V | up 0:14 | SD:ok[0m
[32mINFO - heap psram: used 19076 B, free 2078076 B, peak 20616 B; reserved 19088 / 1900544 B, peak 20624 B[0m
[32mINFO - battery: cell 4172 mV, 98% (periodic)[0m
[32mINFO - stats: heap 36/158K peak 42K | stack free 67K hwm 17K | bat 98% 4.1V | up 0:14 | SD:ok[0m
[32mINFO - heap psram: used 19076 B, free 2078076 B, peak 20616 B; reserved 19088 / 1900544 B, peak 20624 B[0m
[32mINFO - stats: heap 36/158K peak 42K | stack free 67K hwm 17K | bat 98% 4.1V | up 0:14 | SD:ok[0m
[32mINFO - heap psram: used 19076 B, free 2078076 B, peak 20616 B; reserved 19088 / 1900544 B, peak 20624 B[0m
[32mINFO - stats: heap 36/158K peak 42K | stack free 67K hwm 17K | bat 98% 4.1V | up 0:14 | SD:ok[0m
[32mINFO - heap psram: used 19076 B, free 2078076 B, peak 20616 B; reserved 19088 / 1900544 B, peak 20624 B[0m
[32mINFO - stats: heap 36/158K peak 42K | stack free 67K hwm 17K | bat 98% 4.1V | up 0:14 | SD:ok[0m
[32mINFO - heap psram: used 19076 B, free 2078076 B, peak 20616 B; reserved 19088 / 1900544 B, peak 20624 B[0m
[32mINFO - stats: heap 36/158K peak 42K | stack free 67K hwm 17K | bat 98% 4.1V | up 0:15 | SD:ok[0m
[32mINFO - heap psram: used 19076 B, free 2078076 B, peak 20616 B; reserved 19088 / 1900544 B, peak 20624 B[0m
[32mINFO - stats: heap 36/158K peak 42K | stack free 67K hwm 17K | bat 98% 4.1V | up 0:15 | SD:ok[0m
[32mINFO - heap psram: used 19076 B, free 2078076 B, peak 20616 B; reserved 19088 / 1900544 B, peak 20624 B[0m
[32mINFO - battery: cell 4170 mV, 97% (periodic)[0m
[32mINFO - stats: heap 36/158K peak 42K | stack free 67K hwm 17K | bat 97% 4.1V | up 0:15 | SD:ok[0m
[32mINFO - heap psram: used 19076 B, free 2078076 B, peak 20616 B; reserved 19088 / 1900544 B, peak 20624 B[0m
[32mINFO - stats: heap 36/158K peak 42K | stack free 67K hwm 17K | bat 97% 4.1V | up 0:15 | SD:ok[0m
[32mINFO - heap psram: used 19076 B, free 2078076 B, peak 20616 B; reserved 19088 / 1900544 B, peak 20624 B[0m
[32mINFO - stats: heap 36/158K peak 42K | stack free 67K hwm 17K | bat 97% 4.1V | up 0:15 | SD:ok[0m
[32mINFO - heap psram: used 19076 B, free 2078076 B, peak 20616 B; reserved 19088 / 1900544 B, peak 20624 B[0m
[32mINFO - stats: heap 36/158K peak 42K | stack free 67K hwm 17K | bat 97% 4.1V | up 0:15 | SD:ok[0m
[32mINFO - heap psram: used 19076 B, free 2078076 B, peak 20616 B; reserved 19088 / 1900544 B, peak 20624 B[0m
[32mINFO - stats: heap 36/158K peak 42K | stack free 67K hwm 17K | bat 97% 4.1V | up 0:15 | SD:ok[0m
[32mINFO - heap psram: used 19076 B, free 2078076 B, peak 20616 B; reserved 19088 / 1900544 B, peak 20624 B[0m
[32mINFO - stats: heap 36/158K peak 42K | stack free 67K hwm 17K | bat 97% 4.1V | up 0:15 | SD:ok[0m
[32mINFO - heap psram: used 19076 B, free 2078076 B, peak 20616 B; reserved 19088 / 1900544 B, peak 20624 B[0m
[32mINFO - battery: cell 4138 mV, 95% (periodic)[0m
[32mINFO - stats: heap 36/158K peak 42K | stack free 67K hwm 17K | bat 95% 4.1V | up 0:15 | SD:ok[0m
[32mINFO - heap psram: used 19076 B, free 2078076 B, peak 20616 B; reserved 19088 / 1900544 B, peak 20624 B[0m
[32mINFO - stats: heap 36/158K peak 42K | stack free 67K hwm 17K | bat 95% 4.1V | up 0:15 | SD:ok[0m
[32mINFO - heap psram: used 19076 B, free 2078076 B, peak 20616 B; reserved 19088 / 1900544 B, peak 20624 B[0m
[32mINFO - stats: heap 36/158K peak 42K | stack free 67K hwm 17K | bat 95% 4.1V | up 0:15 | SD:ok[0m
[32mINFO - heap psram: used 19076 B, free 2078076 B, peak 20616 B; reserved 19088 / 1900544 B, peak 20624 B[0m
[32mINFO - stats: heap 36/158K peak 42K | stack free 67K hwm 17K | bat 95% 4.1V | up 0:15 | SD:ok[0m
[32mINFO - heap psram: used 19076 B, free 2078076 B, peak 20616 B; reserved 19088 / 1900544 B, peak 20624 B[0m
[32mINFO - stats: heap 36/158K peak 42K | stack free 67K hwm 17K | bat 95% 4.1V | up 0:16 | SD:ok[0m
[32mINFO - heap psram: used 19076 B, free 2078076 B, peak 20616 B; reserved 19088 / 1900544 B, peak 20624 B[0m
[32mINFO - stats: heap 36/158K peak 42K | stack free 67K hwm 17K | bat 95% 4.1V | up 0:16 | SD:ok[0m
[32mINFO - heap psram: used 19076 B, free 2078076 B, peak 20616 B; reserved 19088 / 1900544 B, peak 20624 B[0m
[32mINFO - battery: cell 4072 mV, 90% (periodic)[0m
[32mINFO - stats: heap 36/158K peak 42K | stack free 67K hwm 17K | bat 90% 4.0V | up 0:16 | SD:ok[0m
[32mINFO - heap psram: used 19076 B, free 2078076 B, peak 20616 B; reserved 19088 / 1900544 B, peak 20624 B[0m
[32mINFO - stats: heap 36/158K peak 42K | stack free 67K hwm 17K | bat 90% 4.0V | up 0:16 | SD:ok[0m
[32mINFO - heap psram: used 19076 B, free 2078076 B, peak 20616 B; reserved 19088 / 1900544 B, peak 20624 B[0m
[32mINFO - stats: heap 36/158K peak 42K | stack free 67K hwm 17K | bat 90% 4.0V | up 0:16 | SD:ok[0m
[32mINFO - heap psram: used 19076 B, free 2078076 B, peak 20616 B; reserved 19088 / 1900544 B, peak 20624 B[0m
[32mINFO - stats: heap 36/158K peak 42K | stack free 67K hwm 17K | bat 90% 4.0V | up 0:16 | SD:ok[0m
[32mINFO - heap psram: used 19076 B, free 2078076 B, peak 20616 B; reserved 19088 / 1900544 B, peak 20624 B[0m
[32mINFO - stats: heap 36/158K peak 42K | stack free 67K hwm 17K | bat 90% 4.0V | up 0:16 | SD:ok[0m
[32mINFO - heap psram: used 19076 B, free 2078076 B, peak 20616 B; reserved 19088 / 1900544 B, peak 20624 B[0m
[32mINFO - stats: heap 36/158K peak 42K | stack free 67K hwm 17K | bat 90% 4.0V | up 0:16 | SD:ok[0m
[32mINFO - heap psram: used 19076 B, free 2078076 B, peak 20616 B; reserved 19088 / 1900544 B, peak 20624 B[0m
[32mINFO - battery: cell 4134 mV, 95% (periodic)[0m
[32mINFO - stats: heap 36/158K peak 42K | stack free 67K hwm 17K | bat 95% 4.1V | up 0:16 | SD:ok[0m
[32mINFO - heap psram: used 19076 B, free 2078076 B, peak 20616 B; reserved 19088 / 1900544 B, peak 20624 B[0m
[32mINFO - stats: heap 36/158K peak 42K | stack free 67K hwm 17K | bat 95% 4.1V | up 0:16 | SD:ok[0m
[32mINFO - heap psram: used 19076 B, free 2078076 B, peak 20616 B; reserved 19088 / 1900544 B, peak 20624 B[0m
[32mINFO - stats: heap 36/158K peak 42K | stack free 67K hwm 17K | bat 95% 4.1V | up 0:16 | SD:ok[0m
[32mINFO - heap psram: used 19076 B, free 2078076 B, peak 20616 B; reserved 19088 / 1900544 B, peak 20624 B[0m
[32mINFO - stats: heap 36/158K peak 42K | stack free 67K hwm 17K | bat 95% 4.1V | up 0:16 | SD:ok[0m
[32mINFO - heap psram: used 19076 B, free 2078076 B, peak 20616 B; reserved 19088 / 1900544 B, peak 20624 B[0m
[32mINFO - stats: heap 36/158K peak 42K | stack free 67K hwm 17K | bat 95% 4.1V | up 0:17 | SD:ok[0m
[32mINFO - heap psram: used 19076 B, free 2078076 B, peak 20616 B; reserved 19088 / 1900544 B, peak 20624 B[0m
[32mINFO - stats: heap 36/158K peak 42K | stack free 67K hwm 17K | bat 95% 4.1V | up 0:17 | SD:ok[0m
[32mINFO - heap psram: used 19076 B, free 2078076 B, peak 20616 B; reserved 19088 / 1900544 B, peak 20624 B[0m
[32mINFO - battery: cell 4150 mV, 96% (periodic)[0m
[32mINFO - stats: heap 36/158K peak 42K | stack free 67K hwm 17K | bat 96% 4.1V | up 0:17 | SD:ok[0m
[32mINFO - heap psram: used 19076 B, free 2078076 B, peak 20616 B; reserved 19088 / 1900544 B, peak 20624 B[0m
[32mINFO - stats: heap 36/158K peak 42K | stack free 67K hwm 17K | bat 96% 4.1V | up 0:17 | SD:ok[0m
[32mINFO - heap psram: used 19076 B, free 2078076 B, peak 20616 B; reserved 19088 / 1900544 B, peak 20624 B[0m
[32mINFO - stats: heap 36/158K peak 42K | stack free 67K hwm 17K | bat 96% 4.1V | up 0:17 | SD:ok[0m
[32mINFO - heap psram: used 19076 B, free 2078076 B, peak 20616 B; reserved 19088 / 1900544 B, peak 20624 B[0m
[32mINFO - stats: heap 36/158K peak 42K | stack free 67K hwm 17K | bat 96% 4.1V | up 0:17 | SD:ok[0m
[32mINFO - heap psram: used 19076 B, free 2078076 B, peak 20616 B; reserved 19088 / 1900544 B, peak 20624 B[0m
[32mINFO - stats: heap 36/158K peak 42K | stack free 67K hwm 17K | bat 96% 4.1V | up 0:17 | SD:ok[0m
[32mINFO - heap psram: used 19076 B, free 2078076 B, peak 20616 B; reserved 19088 / 1900544 B, peak 20624 B[0m
[32mINFO - stats: heap 36/158K peak 42K | stack free 67K hwm 17K | bat 96% 4.1V | up 0:17 | SD:ok[0m
[32mINFO - heap psram: used 19076 B, free 2078076 B, peak 20616 B; reserved 19088 / 1900544 B, peak 20624 B[0m
[32mINFO - battery: cell 4072 mV, 90% (periodic)[0m
[32mINFO - stats: heap 36/158K peak 42K | stack free 67K hwm 17K | bat 90% 4.0V | up 0:17 | SD:ok[0m
[32mINFO - heap psram: used 19076 B, free 2078076 B, peak 20616 B; reserved 19088 / 1900544 B, peak 20624 B[0m
[32mINFO - stats: heap 36/158K peak 42K | stack free 67K hwm 17K | bat 90% 4.0V | up 0:17 | SD:ok[0m
[32mINFO - heap psram: used 19076 B, free 2078076 B, peak 20616 B; reserved 19088 / 1900544 B, peak 20624 B[0m
[32mINFO - stats: heap 36/158K peak 42K | stack free 67K hwm 17K | bat 90% 4.0V | up 0:17 | SD:ok[0m
[32mINFO - heap psram: used 19076 B, free 2078076 B, peak 20616 B; reserved 19088 / 1900544 B, peak 20624 B[0m
[32mINFO - stats: heap 36/158K peak 42K | stack free 67K hwm 17K | bat 90% 4.0V | up 0:17 | SD:ok[0m
[32mINFO - heap psram: used 19076 B, free 2078076 B, peak 20616 B; reserved 19088 / 1900544 B, peak 20624 B[0m
