# {"capture_started_utc": "2026-10-09T12:12:09.033064+00:00", "wrapper_pid": 204192, "monitor_pid": 204193, "raw_log": "/home/raiven/dev/pulp-os/specs/hardware-records/sd-read-latency-t8-20261009T121209Z.raw.log", "timed_log": "/home/raiven/dev/pulp-os/specs/hardware-records/sd-read-latency-t8-20261009T121209Z.timed.log", "command": ["espflash", "monitor", "--chip", "esp32c61", "--port", "/dev/ttyACM0", "--non-interactive", "--skip-update-check"], "reset_requested": true, "time_basis": "host line arrival UTC and monotonic; not GPIO event or device emission timestamps"}
2026-10-09T12:12:09.036+00:00 monotonic_ns=12667958881739 [2026-10-09T12:12:09Z INFO ] Serial port: '/dev/ttyACM0'
2026-10-09T12:12:09.036+00:00 monotonic_ns=12667958983419 [2026-10-09T12:12:09Z INFO ] Connecting...
2026-10-09T12:12:09.351+00:00 monotonic_ns=12668273624208 [2026-10-09T12:12:09Z INFO ] Using flash stub
2026-10-09T12:12:09.666+00:00 monotonic_ns=12668588665648 ESP-ROM:esp32c61-eco4-20250829
2026-10-09T12:12:09.666+00:00 monotonic_ns=12668588717958 Build:Aug 29 2025
2026-10-09T12:12:09.666+00:00 monotonic_ns=12668588801118 rst:0x15 (USB_UART_HPSYS),boot:0xa (SPI_FAST_FLASH_BOOT)
2026-10-09T12:12:09.666+00:00 monotonic_ns=12668588850228 SPI mode:DIO, clock div:1
2026-10-09T12:12:09.666+00:00 monotonic_ns=12668588898978 load:0x40845b90,len:0x11e0
2026-10-09T12:12:09.666+00:00 monotonic_ns=12668588973428 load:0x4083bd70,len:0xad4
2026-10-09T12:12:09.666+00:00 monotonic_ns=12668589031008 load:0x4083ea70,len:0x3008
2026-10-09T12:12:09.666+00:00 monotonic_ns=12668589061168 entry 0x4083bd70
2026-10-09T12:12:09.754+00:00 monotonic_ns=12668677049821 INFO - Detected PSRAM chip id = e3b4135a5d0d
2026-10-09T12:12:09.755+00:00 monotonic_ns=12668677380252 INFO - Detected PSRAM chip density = 2
2026-10-09T12:12:09.755+00:00 monotonic_ns=12668677589762 INFO - PSRAM size is 8388608
2026-10-09T12:12:09.755+00:00 monotonic_ns=12668677753592 INFO - PSRAM size: 8 MB
2026-10-09T12:12:09.756+00:00 monotonic_ns=12668678772303 INFO - psram: 2097152 B at 0x420d0000, heap registered
2026-10-09T12:12:09.756+00:00 monotonic_ns=12668678967334 INFO - psram: ready
2026-10-09T12:12:09.757+00:00 monotonic_ns=12668679369224 INFO - memory Internal: pool 0 / 162304 B
2026-10-09T12:12:09.757+00:00 monotonic_ns=12668679565194 INFO - memory Psram: pool 0 / 1900544 B
2026-10-09T12:12:09.757+00:00 monotonic_ns=12668679854075 INFO - memory class chapter-text Psram: reserved 0 / 262144 B, peak 0 B
2026-10-09T12:12:09.758+00:00 monotonic_ns=12668680328835 INFO - memory class image-data   Psram: reserved 0 / 524288 B, peak 0 B
2026-10-09T12:12:09.758+00:00 monotonic_ns=12668680605246 INFO - memory class page-table   Psram: reserved 0 / 65536 B, peak 0 B
2026-10-09T12:12:09.758+00:00 monotonic_ns=12668680920776 INFO - memory class zip-toc      Psram: reserved 0 / 262144 B, peak 0 B
2026-10-09T12:12:09.759+00:00 monotonic_ns=12668681400856 INFO - memory class font-glyphs  Psram: reserved 0 / 262144 B, peak 0 B
2026-10-09T12:12:09.759+00:00 monotonic_ns=12668681647457 INFO - memory class net-scratch  Psram: reserved 0 / 32768 B, peak 0 B
2026-10-09T12:12:09.759+00:00 monotonic_ns=12668681955847 INFO - heap internal: used 0 B, free 162304 B; psram heap: used 0 B, free 2097152 B
2026-10-09T12:12:09.760+00:00 monotonic_ns=12668682524508 INFO - heap psram: used 0 B, free 2097152 B, peak 0 B; reserved 0 / 1900544 B, peak 0 B
2026-10-09T12:12:09.800+00:00 monotonic_ns=12668722801345 INFO - gpio27 power-cycled, state=PowerCycled
2026-10-09T12:12:09.801+00:00 monotonic_ns=12668723351166 INFO - pulp-os c61: esp32c61 rv32imac, rtos + embassy up, wake PowerOn
2026-10-09T12:12:09.802+00:00 monotonic_ns=12668724619237 INFO - spi2: sck=GPIO22 mosi=GPIO23 miso=GPIO24, epd_cs=GPIO25 sd_cs=GPIO26, dma ch0 4096B tx+rx, 400 kHz
2026-10-09T12:12:09.986+00:00 monotonic_ns=12668908470173 INFO - sd: 63864569856 bytes (60906 MB), attempt 1
2026-10-09T12:12:10.038+00:00 monotonic_ns=12668961228775 INFO - SD card: filesystem mounted
2026-10-09T12:12:10.039+00:00 monotonic_ns=12668961330555 INFO - SD: ok
2026-10-09T12:12:10.039+00:00 monotonic_ns=12668961540225 INFO - spi2: 400 kHz -> 10000 kHz
2026-10-09T12:12:10.039+00:00 monotonic_ns=12668961690235 INFO - sd: fat32 mounted
2026-10-09T12:12:10.139+00:00 monotonic_ns=12669062158463 INFO - battery: cell 4672 mV, 100%
2026-10-09T12:12:10.266+00:00 monotonic_ns=12669188596541 INFO - bookmarks: loaded 6 slots from SD
2026-10-09T12:12:10.642+00:00 monotonic_ns=12669564448962 INFO - settings: loaded from SETTINGS.TXT
2026-10-09T12:12:10.642+00:00 monotonic_ns=12669564845943 INFO - font: size_idx=2 line_h=31 (native 31 x 100%) ascent=25 max_lines=24 margin=8
2026-10-09T12:12:10.643+00:00 monotonic_ns=12669565363133 INFO - font: size_idx=2 line_h=49 (native 31 x 160%) ascent=25 max_lines=15 margin=40
2026-10-09T12:12:10.770+00:00 monotonic_ns=12669692417362 INFO - stats: heap 0/158K peak 0K | stack free 67K hwm 8K | bat 100% 4.6V | up 0:00 | SD:ok
2026-10-09T12:12:10.770+00:00 monotonic_ns=12669692700102 INFO - heap psram: used 0 B, free 2097152 B, peak 0 B; reserved 0 / 1900544 B, peak 0 B
2026-10-09T12:12:10.770+00:00 monotonic_ns=12669692931883 INFO - boot: session restore (cause PowerOn, slot B seq 8)
2026-10-09T12:12:10.833+00:00 monotonic_ns=12669755844657 INFO - session: restored nav stack depth=3 active=Reader
2026-10-09T12:12:10.833+00:00 monotonic_ns=12669755985057 INFO - home: restore_state state=Menu selected=1
2026-10-09T12:12:10.834+00:00 monotonic_ns=12669756297957 INFO - files: restore_state scroll=0 selected=0 total=8
2026-10-09T12:12:10.834+00:00 monotonic_ns=12669756555257 INFO - reader: restore_state file=ASSEMB~1.EPU ch=3 off=0
2026-10-09T12:12:10.834+00:00 monotonic_ns=12669756874778 INFO - font: size_idx=2 line_h=49 (native 31 x 160%) ascent=25 max_lines=15 margin=40
2026-10-09T12:12:10.835+00:00 monotonic_ns=12669757394188 INFO - font: size_idx=2 line_h=49 (native 31 x 160%) ascent=25 max_lines=15 margin=40
2026-10-09T12:12:10.835+00:00 monotonic_ns=12669757759429 INFO - [work] reset -> gen 1
2026-10-09T12:12:10.836+00:00 monotonic_ns=12669758375259 INFO - font: size_idx=2 line_h=49 (native 31 x 160%) ascent=25 max_lines=15 margin=40
2026-10-09T12:12:10.836+00:00 monotonic_ns=12669758488210 INFO - reader: opening ASSEMB~1.EPU
2026-10-09T12:12:10.847+00:00 monotonic_ns=12669769972153 INFO - cjk-sd op=stage gap_after_log_us=1280959 opens=0 reads=0 bytes=0 open_us=0 read_us=0 max_read_us=0 wall_us=45 scalars=0 lookups=0
2026-10-09T12:12:10.848+00:00 monotonic_ns=12669770656574 INFO - cjk-sd op=prepare gap_after_log_us=55 opens=0 reads=0 bytes=0 open_us=0 read_us=0 max_read_us=0 wall_us=67 scalars=0 lookups=0
2026-10-09T12:12:10.849+00:00 monotonic_ns=12669771416245 INFO - cjk-sd op=stage gap_after_log_us=111 opens=0 reads=0 bytes=0 open_us=0 read_us=0 max_read_us=0 wall_us=2 scalars=0 lookups=0
2026-10-09T12:12:10.849+00:00 monotonic_ns=12669771829105 INFO - cjk-sd op=prepare gap_after_log_us=5 opens=0 reads=0 bytes=0 open_us=0 read_us=0 max_read_us=0 wall_us=3 scalars=0 lookups=0
2026-10-09T12:12:14.730+00:00 monotonic_ns=12673652350166 INFO - ui ready.
2026-10-09T12:12:14.730+00:00 monotonic_ns=12673652517826 INFO - kernel ready.
2026-10-09T12:12:14.730+00:00 monotonic_ns=12673652994827 INFO - [work] worker ready
2026-10-09T12:12:14.741+00:00 monotonic_ns=12673663443359 INFO - reader-sd resume step=1 state=NeedBookmark resumed=false retained_window=false outside_step_us=0 outside_step_known=false previous_step_complete=true
2026-10-09T12:12:15.014+00:00 monotonic_ns=12673937077930 INFO - epub: CD at offset 281729 size 1868 (283619 file bytes)
2026-10-09T12:12:15.083+00:00 monotonic_ns=12674005549080 INFO - epub: 28 entries in ZIP
2026-10-09T12:12:15.084+00:00 monotonic_ns=12674006367531 INFO - reader-sd step=1 outcome=pending state=NeedOpf wall_us=342723 text_us=0 layout_us=0 visible_us=0 pause_us=0 logging_us=613 other_us=342110 text_calls=0 layout_calls=0 visible_calls=0
2026-10-09T12:12:15.085+00:00 monotonic_ns=12674007825923 INFO - stats: heap 1/158K peak 1K | stack free 67K hwm 8K | bat 100% 4.6V | up 0:00 | SD:ok
2026-10-09T12:12:15.086+00:00 monotonic_ns=12674008337113 INFO - heap psram: used 0 B, free 2097152 B, peak 1868 B; reserved 0 / 1900544 B, peak 1872 B
2026-10-09T12:12:15.735+00:00 monotonic_ns=12674657524845 INFO - display: partial refresh 448x24 at (8, 24) in 648 ms (partial count 1)
2026-10-09T12:12:15.736+00:00 monotonic_ns=12674658285905 INFO - reader-sd resume step=2 state=NeedOpf resumed=false retained_window=false outside_step_us=651386 outside_step_known=true previous_step_complete=true
2026-10-09T12:12:15.800+00:00 monotonic_ns=12674723180292 INFO - zip: deflate stream 174 -> 257 bytes
2026-10-09T12:12:15.868+00:00 monotonic_ns=12674790397780 INFO - epub: OPF at OEBPS/content.opf
2026-10-09T12:12:15.932+00:00 monotonic_ns=12674854995436 INFO - zip: deflate stream 1047 -> 4106 bytes
2026-10-09T12:12:16.009+00:00 monotonic_ns=12674931867666 INFO - epub: TOC source = EPUB3 nav (zip #22)
2026-10-09T12:12:16.010+00:00 monotonic_ns=12674932386187 INFO - epub: "集合體" by 娜塔夏‧ 布朗（Natasha Brown） -- 17 chapters
2026-10-09T12:12:16.145+00:00 monotonic_ns=12675067904986 INFO - reader-sd step=2 outcome=pending state=NeedToc wall_us=409279 text_us=0 layout_us=0 visible_us=0 pause_us=0 logging_us=573 other_us=408706 text_calls=0 layout_calls=0 visible_calls=0
2026-10-09T12:12:16.147+00:00 monotonic_ns=12675069509748 INFO - stats: heap 1/158K peak 9K | stack free 67K hwm 8K | bat 100% 4.6V | up 0:00 | SD:ok
2026-10-09T12:12:16.147+00:00 monotonic_ns=12675069862778 INFO - heap psram: used 0 B, free 2097152 B, peak 10500 B; reserved 0 / 1900544 B, peak 10512 B
2026-10-09T12:12:16.370+00:00 monotonic_ns=12675292831159 INFO - cjk-sd op=stage gap_after_log_us=5298731 opens=1 reads=25 bytes=2090 open_us=189685 read_us=31137 max_read_us=2033 wall_us=221552 scalars=3 lookups=3
2026-10-09T12:12:16.378+00:00 monotonic_ns=12675300733619 INFO - cjk-sd op=prepare gap_after_log_us=176 opens=1 reads=4 bytes=138 open_us=152 read_us=6235 max_read_us=2025 wall_us=7193 scalars=3 lookups=0
2026-10-09T12:12:17.029+00:00 monotonic_ns=12675951309922 INFO - display: partial refresh 448x24 at (8, 24) in 650 ms (partial count 2)
2026-10-09T12:12:17.030+00:00 monotonic_ns=12675952617763 INFO - reader-sd resume step=3 state=NeedToc resumed=false retained_window=false outside_step_us=884260 outside_step_known=true previous_step_complete=true
2026-10-09T12:12:17.096+00:00 monotonic_ns=12676018693471 INFO - zip: deflate stream 703 -> 1533 bytes
2026-10-09T12:12:17.168+00:00 monotonic_ns=12676090509045 INFO - epub: TOC has 9 entries
2026-10-09T12:12:17.169+00:00 monotonic_ns=12676091454896 INFO - reader-sd step=3 outcome=pending state=NeedCache wall_us=138471 text_us=0 layout_us=0 visible_us=0 pause_us=0 logging_us=497 other_us=137974 text_calls=0 layout_calls=0 visible_calls=0
2026-10-09T12:12:17.170+00:00 monotonic_ns=12676092995348 INFO - stats: heap 15/158K peak 17K | stack free 67K hwm 8K | bat 100% 4.6V | up 0:00 | SD:ok
2026-10-09T12:12:17.171+00:00 monotonic_ns=12676093514229 INFO - heap psram: used 96 B, free 2097056 B, peak 10596 B; reserved 96 / 1900544 B, peak 10608 B
2026-10-09T12:12:17.822+00:00 monotonic_ns=12676744589342 INFO - display: partial refresh 448x24 at (8, 24) in 650 ms (partial count 3)
2026-10-09T12:12:17.823+00:00 monotonic_ns=12676745442793 INFO - reader-sd resume step=4 state=NeedCache resumed=false retained_window=false outside_step_us=653388 outside_step_known=true previous_step_complete=true
2026-10-09T12:12:18.199+00:00 monotonic_ns=12677121559594 INFO - epub: v3 cache hit (17 chapters)
2026-10-09T12:12:18.200+00:00 monotonic_ns=12677122303575 INFO - reader-sd step=4 outcome=pending state=NeedIndex wall_us=376715 text_us=0 layout_us=0 visible_us=0 pause_us=0 logging_us=574 other_us=376141 text_calls=0 layout_calls=0 visible_calls=0
2026-10-09T12:12:18.201+00:00 monotonic_ns=12677123685227 INFO - stats: heap 15/158K peak 17K | stack free 67K hwm 8K | bat 100% 4.6V | up 0:00 | SD:ok
2026-10-09T12:12:18.201+00:00 monotonic_ns=12677124012257 INFO - heap psram: used 96 B, free 2097056 B, peak 10596 B; reserved 96 / 1900544 B, peak 10608 B
2026-10-09T12:12:18.852+00:00 monotonic_ns=12677774879820 INFO - display: partial refresh 448x24 at (8, 24) in 650 ms (partial count 4)
2026-10-09T12:12:18.854+00:00 monotonic_ns=12677776282892 INFO - reader-sd resume step=5 state=NeedIndex resumed=false retained_window=false outside_step_us=653345 outside_step_known=true previous_step_complete=true
2026-10-09T12:12:18.854+00:00 monotonic_ns=12677776712432 INFO - epub: index chapter 4/17 (0 bytes cached text)
2026-10-09T12:12:18.855+00:00 monotonic_ns=12677777554673 INFO - reader-sd step=5 outcome=pending state=NeedPage wall_us=1098 text_us=0 layout_us=0 visible_us=0 pause_us=0 logging_us=619 other_us=479 text_calls=0 layout_calls=0 visible_calls=0
2026-10-09T12:12:18.856+00:00 monotonic_ns=12677778880465 INFO - stats: heap 15/158K peak 17K | stack free 67K hwm 8K | bat 100% 4.6V | up 0:00 | SD:ok
2026-10-09T12:12:18.857+00:00 monotonic_ns=12677779379265 INFO - heap psram: used 96 B, free 2097056 B, peak 10596 B; reserved 96 / 1900544 B, peak 10608 B
2026-10-09T12:12:19.508+00:00 monotonic_ns=12678430876880 INFO - display: partial refresh 448x24 at (8, 24) in 651 ms (partial count 5)
2026-10-09T12:12:19.509+00:00 monotonic_ns=12678431612470 INFO - reader-sd resume step=6 state=NeedPage resumed=false retained_window=false outside_step_us=653474 outside_step_known=true previous_step_complete=true
2026-10-09T12:12:19.905+00:00 monotonic_ns=12678827443325 INFO - cjk: lookup 1/751 glyphs, about 153042 ms left
2026-10-09T12:12:19.905+00:00 monotonic_ns=12678827872175 INFO - cjk-sd op=stage gap_after_log_us=3321803 opens=1 reads=12 bytes=528 open_us=189463 read_us=13922 max_read_us=2037 wall_us=204871 scalars=751 lookups=1
2026-10-09T12:12:19.906+00:00 monotonic_ns=12678828767126 INFO - reader-sd step=6 outcome=slice state=NeedPage wall_us=397163 text_us=141488 layout_us=254252 visible_us=0 pause_us=133 logging_us=1031 other_us=259 text_calls=1 layout_calls=1 visible_calls=0
2026-10-09T12:12:19.908+00:00 monotonic_ns=12678830391908 INFO - stats: heap 35/158K peak 41K | stack free 67K hwm 10K | bat 100% 4.6V | up 0:00 | SD:ok
2026-10-09T12:12:19.908+00:00 monotonic_ns=12678830750928 INFO - heap psram: used 96 B, free 2097056 B, peak 10596 B; reserved 96 / 1900544 B, peak 10608 B
2026-10-09T12:12:20.560+00:00 monotonic_ns=12679482652353 INFO - display: partial refresh 448x24 at (8, 24) in 651 ms (partial count 6)
2026-10-09T12:12:20.561+00:00 monotonic_ns=12679483863344 INFO - reader-sd resume step=7 state=NeedPage resumed=true retained_window=true outside_step_us=654643 outside_step_known=true previous_step_complete=true
2026-10-09T12:12:20.635+00:00 monotonic_ns=12679558180271 INFO - cjk-sd op=stage gap_after_log_us=668937 opens=1 reads=68 bytes=10208 open_us=120 read_us=59211 max_read_us=2013 wall_us=60627 scalars=751 lookups=41
2026-10-09T12:12:20.637+00:00 monotonic_ns=12679559384883 INFO - reader-sd step=7 outcome=slice state=NeedPage wall_us=75174 text_us=56 layout_us=73429 visible_us=0 pause_us=389 logging_us=1052 other_us=248 text_calls=1 layout_calls=1 visible_calls=0
2026-10-09T12:12:20.637+00:00 monotonic_ns=12679559946633 INFO - reader-sd resume step=8 state=NeedPage resumed=true retained_window=true outside_step_us=153 outside_step_known=true previous_step_complete=true
2026-10-09T12:12:20.715+00:00 monotonic_ns=12679637508584 INFO - cjk-sd op=stage gap_after_log_us=14573 opens=1 reads=75 bytes=10274 open_us=39 read_us=62936 max_read_us=2994 wall_us=64092 scalars=751 lookups=41
2026-10-09T12:12:20.716+00:00 monotonic_ns=12679638759526 INFO - reader-sd step=8 outcome=slice state=NeedPage wall_us=78646 text_us=44 layout_us=76720 visible_us=0 pause_us=614 logging_us=1124 other_us=144 text_calls=1 layout_calls=1 visible_calls=0
2026-10-09T12:12:20.717+00:00 monotonic_ns=12679639466367 INFO - reader-sd resume step=9 state=NeedPage resumed=true retained_window=true outside_step_us=127 outside_step_known=true previous_step_complete=true
2026-10-09T12:12:20.793+00:00 monotonic_ns=12679715629196 INFO - cjk-sd op=stage gap_after_log_us=14736 opens=1 reads=72 bytes=11726 open_us=58 read_us=61338 max_read_us=3795 wall_us=62631 scalars=751 lookups=46
2026-10-09T12:12:20.794+00:00 monotonic_ns=12679716627647 INFO - reader-sd step=9 outcome=slice state=NeedPage wall_us=76996 text_us=32 layout_us=75279 visible_us=0 pause_us=208 logging_us=1315 other_us=162 text_calls=1 layout_calls=1 visible_calls=0
2026-10-09T12:12:20.795+00:00 monotonic_ns=12679717287428 INFO - reader-sd resume step=10 state=NeedPage resumed=true retained_window=true outside_step_us=119 outside_step_known=true previous_step_complete=true
2026-10-09T12:12:20.870+00:00 monotonic_ns=12679792299726 INFO - cjk-sd op=stage gap_after_log_us=14407 opens=1 reads=69 bytes=8536 open_us=38 read_us=60507 max_read_us=1992 wall_us=61545 scalars=751 lookups=33
2026-10-09T12:12:20.871+00:00 monotonic_ns=12679793719118 INFO - reader-sd step=10 outcome=slice state=NeedPage wall_us=76209 text_us=32 layout_us=74149 visible_us=0 pause_us=604 logging_us=1291 other_us=133 text_calls=1 layout_calls=1 visible_calls=0
2026-10-09T12:12:20.872+00:00 monotonic_ns=12679794398539 INFO - reader-sd resume step=11 state=NeedPage resumed=true retained_window=true outside_step_us=131 outside_step_known=true previous_step_complete=true
2026-10-09T12:12:20.946+00:00 monotonic_ns=12679868526245 INFO - cjk-sd op=stage gap_after_log_us=14871 opens=1 reads=64 bytes=7546 open_us=55 read_us=59528 max_read_us=1978 wall_us=60591 scalars=751 lookups=30
2026-10-09T12:12:20.947+00:00 monotonic_ns=12679869521996 INFO - reader-sd step=11 outcome=slice state=NeedPage wall_us=74962 text_us=24 layout_us=73247 visible_us=0 pause_us=204 logging_us=1325 other_us=162 text_calls=1 layout_calls=1 visible_calls=0
2026-10-09T12:12:20.947+00:00 monotonic_ns=12679870029677 INFO - reader-sd resume step=12 state=NeedPage resumed=true retained_window=true outside_step_us=111 outside_step_known=true previous_step_complete=true
2026-10-09T12:12:21.021+00:00 monotonic_ns=12679943873784 INFO - cjk-sd op=stage gap_after_log_us=14263 opens=1 reads=59 bytes=9020 open_us=37 read_us=59520 max_read_us=1987 wall_us=60553 scalars=751 lookups=37
2026-10-09T12:12:21.023+00:00 monotonic_ns=12679945266695 INFO - reader-sd step=12 outcome=slice state=NeedPage wall_us=74895 text_us=24 layout_us=73209 visible_us=0 pause_us=596 logging_us=931 other_us=135 text_calls=1 layout_calls=1 visible_calls=0
2026-10-09T12:12:21.023+00:00 monotonic_ns=12679945793916 INFO - reader-sd resume step=13 state=NeedPage resumed=true retained_window=true outside_step_us=134 outside_step_known=true previous_step_complete=true
2026-10-09T12:12:21.098+00:00 monotonic_ns=12680021024334 INFO - cjk-sd op=stage gap_after_log_us=14750 opens=1 reads=66 bytes=8822 open_us=55 read_us=60644 max_read_us=3765 wall_us=61801 scalars=751 lookups=35
2026-10-09T12:12:21.099+00:00 monotonic_ns=12680021838575 INFO - reader-sd step=13 outcome=slice state=NeedPage wall_us=75859 text_us=32 layout_us=74495 visible_us=0 pause_us=200 logging_us=970 other_us=162 text_calls=1 layout_calls=1 visible_calls=0
2026-10-09T12:12:21.100+00:00 monotonic_ns=12680022510506 INFO - reader-sd resume step=14 state=NeedPage resumed=true retained_window=true outside_step_us=119 outside_step_known=true previous_step_complete=true
2026-10-09T12:12:21.176+00:00 monotonic_ns=12680098743455 INFO - cjk-sd op=stage gap_after_log_us=14282 opens=1 reads=69 bytes=9966 open_us=38 read_us=61789 max_read_us=2945 wall_us=62883 scalars=751 lookups=41
2026-10-09T12:12:21.177+00:00 monotonic_ns=12680099980397 INFO - reader-sd step=14 outcome=slice state=NeedPage wall_us=77457 text_us=32 layout_us=75559 visible_us=0 pause_us=599 logging_us=1133 other_us=134 text_calls=1 layout_calls=1 visible_calls=0
2026-10-09T12:12:21.178+00:00 monotonic_ns=12680100643318 INFO - reader-sd resume step=15 state=NeedPage resumed=true retained_window=true outside_step_us=127 outside_step_known=true previous_step_complete=true
2026-10-09T12:12:21.252+00:00 monotonic_ns=12680174727404 INFO - cjk-sd op=stage gap_after_log_us=14661 opens=1 reads=57 bytes=7986 open_us=58 read_us=59617 max_read_us=2036 wall_us=60692 scalars=751 lookups=30
2026-10-09T12:12:21.253+00:00 monotonic_ns=12680175779405 INFO - reader-sd step=15 outcome=slice state=NeedPage wall_us=74936 text_us=24 layout_us=73394 visible_us=0 pause_us=204 logging_us=1151 other_us=163 text_calls=1 layout_calls=1 visible_calls=0
2026-10-09T12:12:21.254+00:00 monotonic_ns=12680176466776 INFO - reader-sd resume step=16 state=NeedPage resumed=true retained_window=true outside_step_us=123 outside_step_known=true previous_step_complete=true
2026-10-09T12:12:21.330+00:00 monotonic_ns=12680252740386 INFO - cjk-sd op=stage gap_after_log_us=14484 opens=1 reads=71 bytes=8514 open_us=34 read_us=61682 max_read_us=2009 wall_us=62742 scalars=751 lookups=32
2026-10-09T12:12:21.331+00:00 monotonic_ns=12680253940047 INFO - reader-sd step=16 outcome=slice state=NeedPage wall_us=77505 text_us=24 layout_us=75430 visible_us=0 pause_us=600 logging_us=1318 other_us=133 text_calls=1 layout_calls=1 visible_calls=0
2026-10-09T12:12:21.332+00:00 monotonic_ns=12680254568288 INFO - reader-sd resume step=17 state=NeedPage resumed=true retained_window=true outside_step_us=127 outside_step_known=true previous_step_complete=true
2026-10-09T12:12:21.406+00:00 monotonic_ns=12680328733995 INFO - cjk-sd op=stage gap_after_log_us=14659 opens=1 reads=75 bytes=8800 open_us=63 read_us=59566 max_read_us=3888 wall_us=60758 scalars=751 lookups=33
2026-10-09T12:12:21.407+00:00 monotonic_ns=12680329777766 INFO - reader-sd step=17 outcome=slice state=NeedPage wall_us=74936 text_us=32 layout_us=73451 visible_us=0 pause_us=200 logging_us=1089 other_us=164 text_calls=1 layout_calls=1 visible_calls=0
2026-10-09T12:12:21.408+00:00 monotonic_ns=12680330462147 INFO - reader-sd resume step=18 state=NeedPage resumed=true retained_window=true outside_step_us=123 outside_step_known=true previous_step_complete=true
2026-10-09T12:12:21.482+00:00 monotonic_ns=12680404570904 INFO - cjk-sd op=stage gap_after_log_us=14492 opens=1 reads=68 bytes=7260 open_us=34 read_us=59581 max_read_us=2018 wall_us=60584 scalars=751 lookups=26
2026-10-09T12:12:21.483+00:00 monotonic_ns=12680405830296 INFO - reader-sd step=18 outcome=slice state=NeedPage wall_us=75351 text_us=32 layout_us=73262 visible_us=0 pause_us=612 logging_us=1311 other_us=134 text_calls=1 layout_calls=1 visible_calls=0
2026-10-09T12:12:21.484+00:00 monotonic_ns=12680406516806 INFO - reader-sd resume step=19 state=NeedPage resumed=true retained_window=true outside_step_us=127 outside_step_known=true previous_step_complete=true
2026-10-09T12:12:21.558+00:00 monotonic_ns=12680480852393 INFO - cjk-sd op=stage gap_after_log_us=14740 opens=1 reads=72 bytes=9394 open_us=59 read_us=59701 max_read_us=2014 wall_us=60923 scalars=751 lookups=38
2026-10-09T12:12:21.559+00:00 monotonic_ns=12680481746824 INFO - reader-sd step=19 outcome=slice state=NeedPage wall_us=75182 text_us=24 layout_us=73625 visible_us=0 pause_us=200 logging_us=1171 other_us=162 text_calls=1 layout_calls=1 visible_calls=0
2026-10-09T12:12:21.560+00:00 monotonic_ns=12680482469105 INFO - reader-sd resume step=20 state=NeedPage resumed=true retained_window=true outside_step_us=122 outside_step_known=true previous_step_complete=true
2026-10-09T12:12:21.635+00:00 monotonic_ns=12680557628623 INFO - cjk-sd op=stage gap_after_log_us=14391 opens=1 reads=69 bytes=7810 open_us=38 read_us=60650 max_read_us=2014 wall_us=61666 scalars=751 lookups=29
2026-10-09T12:12:21.636+00:00 monotonic_ns=12680558883045 INFO - reader-sd step=20 outcome=slice state=NeedPage wall_us=76399 text_us=24 layout_us=74351 visible_us=0 pause_us=600 logging_us=1290 other_us=134 text_calls=1 layout_calls=1 visible_calls=0
2026-10-09T12:12:21.637+00:00 monotonic_ns=12680559559356 INFO - reader-sd resume step=21 state=NeedPage resumed=true retained_window=true outside_step_us=131 outside_step_known=true previous_step_complete=true
2026-10-09T12:12:21.712+00:00 monotonic_ns=12680635013374 INFO - cjk-sd op=stage gap_after_log_us=14767 opens=1 reads=76 bytes=9768 open_us=51 read_us=60798 max_read_us=2005 wall_us=62043 scalars=751 lookups=37
2026-10-09T12:12:21.713+00:00 monotonic_ns=12680635920875 INFO - reader-sd step=21 outcome=slice state=NeedPage wall_us=76275 text_us=33 layout_us=74737 visible_us=0 pause_us=204 logging_us=1140 other_us=161 text_calls=1 layout_calls=1 visible_calls=0
2026-10-09T12:12:21.714+00:00 monotonic_ns=12680636528936 INFO - reader-sd resume step=22 state=NeedPage resumed=true retained_window=true outside_step_us=115 outside_step_known=true previous_step_complete=true
2026-10-09T12:12:21.796+00:00 monotonic_ns=12680718864153 INFO - cjk-sd op=stage gap_after_log_us=14283 opens=1 reads=78 bytes=8536 open_us=38 read_us=67866 max_read_us=2975 wall_us=68992 scalars=751 lookups=31
2026-10-09T12:12:21.798+00:00 monotonic_ns=12680720303804 INFO - reader-sd step=22 outcome=slice state=NeedPage wall_us=83551 text_us=33 layout_us=81668 visible_us=0 pause_us=603 logging_us=1113 other_us=134 text_calls=1 layout_calls=1 visible_calls=0
2026-10-09T12:12:21.798+00:00 monotonic_ns=12680720670305 INFO - reader-sd resume step=23 state=NeedPage resumed=true retained_window=true outside_step_us=134 outside_step_known=true previous_step_complete=true
2026-10-09T12:12:21.873+00:00 monotonic_ns=12680795985373 INFO - cjk-sd op=stage gap_after_log_us=14627 opens=1 reads=66 bytes=10120 open_us=58 read_us=60707 max_read_us=2966 wall_us=61941 scalars=751 lookups=41
2026-10-09T12:12:21.874+00:00 monotonic_ns=12680796844594 INFO - reader-sd step=23 outcome=slice state=NeedPage wall_us=76006 text_us=24 layout_us=74643 visible_us=0 pause_us=199 logging_us=976 other_us=164 text_calls=1 layout_calls=1 visible_calls=0
2026-10-09T12:12:21.875+00:00 monotonic_ns=12680797510035 INFO - reader-sd resume step=24 state=NeedPage resumed=true retained_window=true outside_step_us=115 outside_step_known=true previous_step_complete=true
2026-10-09T12:12:21.953+00:00 monotonic_ns=12680875432546 INFO - cjk-sd op=stage gap_after_log_us=14276 opens=1 reads=69 bytes=8580 open_us=34 read_us=63300 max_read_us=3800 wall_us=64408 scalars=751 lookups=35
2026-10-09T12:12:21.954+00:00 monotonic_ns=12680876767958 INFO - reader-sd step=24 outcome=slice state=NeedPage wall_us=79121 text_us=24 layout_us=77092 visible_us=0 pause_us=600 logging_us=1271 other_us=134 text_calls=1 layout_calls=1 visible_calls=0
2026-10-09T12:12:21.955+00:00 monotonic_ns=12680877464998 INFO - reader-sd resume step=25 state=NeedPage resumed=true retained_window=true outside_step_us=131 outside_step_known=true previous_step_complete=true
2026-10-09T12:12:22.030+00:00 monotonic_ns=12680952341586 INFO - cjk-sd op=stage gap_after_log_us=14867 opens=1 reads=71 bytes=8536 open_us=59 read_us=60099 max_read_us=3877 wall_us=61284 scalars=751 lookups=35
2026-10-09T12:12:22.031+00:00 monotonic_ns=12680953347507 INFO - reader-sd step=25 outcome=slice state=NeedPage wall_us=75682 text_us=32 layout_us=73976 visible_us=0 pause_us=204 logging_us=1307 other_us=163 text_calls=1 layout_calls=1 visible_calls=0
2026-10-09T12:12:22.031+00:00 monotonic_ns=12680953827148 INFO - reader-sd resume step=26 state=NeedPage resumed=true retained_window=true outside_step_us=115 outside_step_known=true previous_step_complete=true
2026-10-09T12:12:22.106+00:00 monotonic_ns=12681028391696 INFO - cjk-sd op=stage gap_after_log_us=14303 opens=1 reads=71 bytes=9614 open_us=38 read_us=59893 max_read_us=2014 wall_us=61037 scalars=751 lookups=38
2026-10-09T12:12:22.107+00:00 monotonic_ns=12681029788757 INFO - reader-sd step=26 outcome=slice state=NeedPage wall_us=75601 text_us=32 layout_us=73713 visible_us=0 pause_us=608 logging_us=1115 other_us=133 text_calls=1 layout_calls=1 visible_calls=0
2026-10-09T12:12:22.108+00:00 monotonic_ns=12681030477128 INFO - reader-sd resume step=27 state=NeedPage resumed=true retained_window=true outside_step_us=131 outside_step_known=true previous_step_complete=true
2026-10-09T12:12:22.357+00:00 monotonic_ns=12681279815830 INFO - cjk-sd op=stage gap_after_log_us=14908 opens=2 reads=50 bytes=5500 open_us=189291 read_us=45364 max_read_us=2971 wall_us=235892 scalars=751 lookups=20
2026-10-09T12:12:22.358+00:00 monotonic_ns=12681280798492 INFO - reader-sd step=27 outcome=slice state=NeedPage wall_us=250217 text_us=25 layout_us=248594 visible_us=0 pause_us=232 logging_us=1196 other_us=170 text_calls=1 layout_calls=1 visible_calls=0
2026-10-09T12:12:22.359+00:00 monotonic_ns=12681281524513 INFO - reader-sd resume step=28 state=NeedPage resumed=true retained_window=true outside_step_us=137 outside_step_known=true previous_step_complete=true
2026-10-09T12:12:22.434+00:00 monotonic_ns=12681356875761 INFO - cjk-sd op=stage gap_after_log_us=14563 opens=1 reads=57 bytes=3784 open_us=65 read_us=61031 max_read_us=3802 wall_us=61906 scalars=751 lookups=11
2026-10-09T12:12:22.436+00:00 monotonic_ns=12681358406782 INFO - reader-sd step=28 outcome=slice state=NeedPage wall_us=76710 text_us=46 layout_us=74661 visible_us=0 pause_us=681 logging_us=1161 other_us=161 text_calls=1 layout_calls=1 visible_calls=0
2026-10-09T12:12:22.436+00:00 monotonic_ns=12681358913233 INFO - reader-sd resume step=29 state=NeedPage resumed=true retained_window=true outside_step_us=127 outside_step_known=true previous_step_complete=true
2026-10-09T12:12:22.508+00:00 monotonic_ns=12681430751307 INFO - cjk-sd op=stage gap_after_log_us=14859 opens=1 reads=61 bytes=3234 open_us=56 read_us=57372 max_read_us=1985 wall_us=58243 scalars=751 lookups=10
2026-10-09T12:12:22.510+00:00 monotonic_ns=12681432635500 INFO - cjk-sd op=bank gap_after_log_us=34 opens=1 reads=1 bytes=44 open_us=74 read_us=1086 max_read_us=1086 wall_us=1259 scalars=0 lookups=0
2026-10-09T12:12:22.512+00:00 monotonic_ns=12681434468392 INFO - cjk-sd op=bank gap_after_log_us=63 opens=1 reads=1 bytes=44 open_us=21 read_us=1011 max_read_us=1011 wall_us=1062 scalars=0 lookups=0
2026-10-09T12:12:22.521+00:00 monotonic_ns=12681443806623 INFO - cjk-sd op=prepare gap_after_log_us=3111 opens=1 reads=2 bytes=51 open_us=173 read_us=3717 max_read_us=2059 wall_us=5419 scalars=93 lookups=0
2026-10-09T12:12:22.522+00:00 monotonic_ns=12681444802914 INFO - reader-sd step=29 outcome=slice state=NeedPage wall_us=85667 text_us=52 layout_us=75473 visible_us=6287 pause_us=268 logging_us=3291 other_us=296 text_calls=2 layout_calls=1 visible_calls=1
2026-10-09T12:12:22.523+00:00 monotonic_ns=12681445602805 INFO - reader-sd resume step=30 state=NeedPage resumed=true retained_window=false outside_step_us=226 outside_step_known=true previous_step_complete=true
2026-10-09T12:12:22.678+00:00 monotonic_ns=12681600860927 INFO - cjk-sd op=stage gap_after_log_us=156167 opens=0 reads=0 bytes=0 open_us=0 read_us=0 max_read_us=0 wall_us=267 scalars=751 lookups=0
2026-10-09T12:12:22.739+00:00 monotonic_ns=12681661790258 INFO - cjk-sd op=prepare gap_after_log_us=2946 opens=1 reads=51 bytes=3017 open_us=164 read_us=55657 max_read_us=2887 wall_us=57192 scalars=93 lookups=0
2026-10-09T12:12:22.741+00:00 monotonic_ns=12681663477370 INFO - reader-sd step=30 outcome=slice state=NeedPage wall_us=217691 text_us=141435 layout_us=15148 visible_us=58022 pause_us=810 logging_us=1969 other_us=307 text_calls=2 layout_calls=1 visible_calls=1
2026-10-09T12:12:22.742+00:00 monotonic_ns=12681664265851 INFO - reader-sd resume step=31 state=NeedPage resumed=true retained_window=false outside_step_us=200 outside_step_known=true previous_step_complete=true
2026-10-09T12:12:22.897+00:00 monotonic_ns=12681819754374 INFO - cjk-sd op=stage gap_after_log_us=156926 opens=0 reads=0 bytes=0 open_us=0 read_us=0 max_read_us=0 wall_us=249 scalars=751 lookups=0
2026-10-09T12:12:22.958+00:00 monotonic_ns=12681880676035 INFO - cjk-sd op=prepare gap_after_log_us=2926 opens=1 reads=40 bytes=2522 open_us=189 read_us=55595 max_read_us=2883 wall_us=57263 scalars=93 lookups=0
2026-10-09T12:12:22.959+00:00 monotonic_ns=12681881805196 INFO - reader-sd step=31 outcome=slice state=NeedPage wall_us=217514 text_us=141539 layout_us=15097 visible_us=58067 pause_us=458 logging_us=2088 other_us=265 text_calls=2 layout_calls=1 visible_calls=1
2026-10-09T12:12:22.960+00:00 monotonic_ns=12681882581187 INFO - reader-sd resume step=32 state=NeedPage resumed=true retained_window=false outside_step_us=187 outside_step_known=true previous_step_complete=true
2026-10-09T12:12:23.115+00:00 monotonic_ns=12682037602429 INFO - cjk-sd op=stage gap_after_log_us=156008 opens=0 reads=0 bytes=0 open_us=0 read_us=0 max_read_us=0 wall_us=244 scalars=751 lookups=0
2026-10-09T12:12:23.135+00:00 monotonic_ns=12682057905333 INFO - cjk-sd op=prepare gap_after_log_us=2917 opens=2 reads=8 bytes=548 open_us=202 read_us=15307 max_read_us=2886 wall_us=16826 scalars=96 lookups=0
2026-10-09T12:12:23.136+00:00 monotonic_ns=12682058747354 INFO - reader-sd step=32 outcome=ready state=Ready wall_us=176079 text_us=141188 layout_us=15052 visible_us=17653 pause_us=0 logging_us=1858 other_us=328 text_calls=2 layout_calls=1 visible_calls=1
2026-10-09T12:12:23.138+00:00 monotonic_ns=12682060393036 INFO - stats: heap 41/158K peak 42K | stack free 67K hwm 10K | bat 100% 4.6V | up 0:00 | SD:ok
2026-10-09T12:12:23.138+00:00 monotonic_ns=12682060768826 INFO - heap psram: used 6016 B, free 2091136 B, peak 10596 B; reserved 6032 / 1900544 B, peak 10608 B
2026-10-09T12:12:23.957+00:00 monotonic_ns=12682879472876 INFO - display: partial refresh 480x794 at (0, 6) in 818 ms (partial count 7)
2026-10-09T12:12:25.641+00:00 monotonic_ns=12684563929871 INFO - stats: heap 41/158K peak 42K | stack free 67K hwm 10K | bat 100% 4.6V | up 0:00 | SD:ok
2026-10-09T12:12:25.642+00:00 monotonic_ns=12684564356502 INFO - heap psram: used 6016 B, free 2091136 B, peak 10596 B; reserved 6032 / 1900544 B, peak 10608 B
2026-10-09T12:12:30.641+00:00 monotonic_ns=12689563852735 INFO - stats: heap 41/158K peak 42K | stack free 67K hwm 10K | bat 100% 4.6V | up 0:00 | SD:ok
2026-10-09T12:12:30.642+00:00 monotonic_ns=12689564328706 INFO - heap psram: used 6016 B, free 2091136 B, peak 10596 B; reserved 6032 / 1900544 B, peak 10608 B
2026-10-09T12:12:35.641+00:00 monotonic_ns=12694563848638 INFO - stats: heap 41/158K peak 42K | stack free 67K hwm 10K | bat 100% 4.6V | up 0:00 | SD:ok
2026-10-09T12:12:35.642+00:00 monotonic_ns=12694564353069 INFO - heap psram: used 6016 B, free 2091136 B, peak 10596 B; reserved 6032 / 1900544 B, peak 10608 B
2026-10-09T12:12:40.171+00:00 monotonic_ns=12699093510090 INFO - battery: cell 4150 mV, 96% (periodic)
2026-10-09T12:12:40.641+00:00 monotonic_ns=12699563871212 INFO - stats: heap 41/158K peak 42K | stack free 67K hwm 10K | bat 96% 4.1V | up 0:00 | SD:ok
2026-10-09T12:12:40.642+00:00 monotonic_ns=12699564302282 INFO - heap psram: used 6016 B, free 2091136 B, peak 10596 B; reserved 6032 / 1900544 B, peak 10608 B
2026-10-09T12:12:45.641+00:00 monotonic_ns=12704563912305 INFO - stats: heap 41/158K peak 42K | stack free 67K hwm 10K | bat 96% 4.1V | up 0:00 | SD:ok
2026-10-09T12:12:45.642+00:00 monotonic_ns=12704564349865 INFO - heap psram: used 6016 B, free 2091136 B, peak 10596 B; reserved 6032 / 1900544 B, peak 10608 B
2026-10-09T12:12:50.641+00:00 monotonic_ns=12709563910128 INFO - stats: heap 41/158K peak 42K | stack free 67K hwm 10K | bat 96% 4.1V | up 0:00 | SD:ok
2026-10-09T12:12:50.642+00:00 monotonic_ns=12709564338919 INFO - heap psram: used 6016 B, free 2091136 B, peak 10596 B; reserved 6032 / 1900544 B, peak 10608 B
2026-10-09T12:12:55.641+00:00 monotonic_ns=12714563944732 INFO - stats: heap 41/158K peak 42K | stack free 67K hwm 10K | bat 96% 4.1V | up 0:00 | SD:ok
2026-10-09T12:12:55.642+00:00 monotonic_ns=12714564374682 INFO - heap psram: used 6016 B, free 2091136 B, peak 10596 B; reserved 6032 / 1900544 B, peak 10608 B
2026-10-09T12:13:00.641+00:00 monotonic_ns=12719563982545 INFO - stats: heap 41/158K peak 42K | stack free 67K hwm 10K | bat 96% 4.1V | up 0:00 | SD:ok
2026-10-09T12:13:00.642+00:00 monotonic_ns=12719564373825 INFO - heap psram: used 6016 B, free 2091136 B, peak 10596 B; reserved 6032 / 1900544 B, peak 10608 B
2026-10-09T12:13:05.641+00:00 monotonic_ns=12724563977588 INFO - stats: heap 41/158K peak 42K | stack free 67K hwm 10K | bat 96% 4.1V | up 0:00 | SD:ok
2026-10-09T12:13:05.642+00:00 monotonic_ns=12724564424779 INFO - heap psram: used 6016 B, free 2091136 B, peak 10596 B; reserved 6032 / 1900544 B, peak 10608 B
2026-10-09T12:13:10.171+00:00 monotonic_ns=12729093563810 INFO - battery: cell 4136 mV, 95% (periodic)
2026-10-09T12:13:10.641+00:00 monotonic_ns=12729563996432 INFO - stats: heap 41/158K peak 42K | stack free 67K hwm 10K | bat 95% 4.1V | up 0:01 | SD:ok
2026-10-09T12:13:10.642+00:00 monotonic_ns=12729564424333 INFO - heap psram: used 6016 B, free 2091136 B, peak 10596 B; reserved 6032 / 1900544 B, peak 10608 B
2026-10-09T12:13:15.641+00:00 monotonic_ns=12734564042245 INFO - stats: heap 41/158K peak 42K | stack free 67K hwm 10K | bat 95% 4.1V | up 0:01 | SD:ok
2026-10-09T12:13:15.642+00:00 monotonic_ns=12734564457446 INFO - heap psram: used 6016 B, free 2091136 B, peak 10596 B; reserved 6032 / 1900544 B, peak 10608 B
2026-10-09T12:13:20.641+00:00 monotonic_ns=12739564054529 INFO - stats: heap 41/158K peak 42K | stack free 67K hwm 10K | bat 95% 4.1V | up 0:01 | SD:ok
2026-10-09T12:13:20.642+00:00 monotonic_ns=12739564463479 INFO - heap psram: used 6016 B, free 2091136 B, peak 10596 B; reserved 6032 / 1900544 B, peak 10608 B
2026-10-09T12:13:25.641+00:00 monotonic_ns=12744564076642 INFO - stats: heap 41/158K peak 42K | stack free 67K hwm 10K | bat 95% 4.1V | up 0:01 | SD:ok
2026-10-09T12:13:25.642+00:00 monotonic_ns=12744564513843 INFO - heap psram: used 6016 B, free 2091136 B, peak 10596 B; reserved 6032 / 1900544 B, peak 10608 B
2026-10-09T12:13:30.641+00:00 monotonic_ns=12749564112555 INFO - stats: heap 41/158K peak 42K | stack free 67K hwm 10K | bat 95% 4.1V | up 0:01 | SD:ok
2026-10-09T12:13:30.642+00:00 monotonic_ns=12749564514936 INFO - heap psram: used 6016 B, free 2091136 B, peak 10596 B; reserved 6032 / 1900544 B, peak 10608 B
2026-10-09T12:13:35.641+00:00 monotonic_ns=12754564073279 INFO - stats: heap 41/158K peak 42K | stack free 67K hwm 10K | bat 95% 4.1V | up 0:01 | SD:ok
2026-10-09T12:13:35.642+00:00 monotonic_ns=12754564525039 INFO - heap psram: used 6016 B, free 2091136 B, peak 10596 B; reserved 6032 / 1900544 B, peak 10608 B
2026-10-09T12:13:40.171+00:00 monotonic_ns=12759093701671 INFO - battery: cell 4122 mV, 94% (periodic)
2026-10-09T12:13:40.641+00:00 monotonic_ns=12759564129672 INFO - stats: heap 41/158K peak 42K | stack free 67K hwm 10K | bat 94% 4.1V | up 0:01 | SD:ok
2026-10-09T12:13:40.642+00:00 monotonic_ns=12759564574033 INFO - heap psram: used 6016 B, free 2091136 B, peak 10596 B; reserved 6032 / 1900544 B, peak 10608 B
2026-10-09T12:13:45.641+00:00 monotonic_ns=12764564152385 INFO - stats: heap 41/158K peak 42K | stack free 67K hwm 10K | bat 94% 4.1V | up 0:01 | SD:ok
2026-10-09T12:13:45.642+00:00 monotonic_ns=12764564602726 INFO - heap psram: used 6016 B, free 2091136 B, peak 10596 B; reserved 6032 / 1900544 B, peak 10608 B
2026-10-09T12:13:50.641+00:00 monotonic_ns=12769564159609 INFO - stats: heap 41/158K peak 42K | stack free 67K hwm 10K | bat 94% 4.1V | up 0:01 | SD:ok
2026-10-09T12:13:50.642+00:00 monotonic_ns=12769564592270 INFO - heap psram: used 6016 B, free 2091136 B, peak 10596 B; reserved 6032 / 1900544 B, peak 10608 B
2026-10-09T12:13:55.641+00:00 monotonic_ns=12774564203022 INFO - stats: heap 41/158K peak 42K | stack free 67K hwm 10K | bat 94% 4.1V | up 0:01 | SD:ok
2026-10-09T12:13:55.642+00:00 monotonic_ns=12774564654033 INFO - heap psram: used 6016 B, free 2091136 B, peak 10596 B; reserved 6032 / 1900544 B, peak 10608 B
2026-10-09T12:14:00.641+00:00 monotonic_ns=12779564216026 INFO - stats: heap 41/158K peak 42K | stack free 67K hwm 10K | bat 94% 4.1V | up 0:01 | SD:ok
2026-10-09T12:14:00.642+00:00 monotonic_ns=12779564647566 INFO - heap psram: used 6016 B, free 2091136 B, peak 10596 B; reserved 6032 / 1900544 B, peak 10608 B
2026-10-09T12:14:05.641+00:00 monotonic_ns=12784564279799 INFO - stats: heap 41/158K peak 42K | stack free 67K hwm 10K | bat 94% 4.1V | up 0:01 | SD:ok
2026-10-09T12:14:05.642+00:00 monotonic_ns=12784564680900 INFO - heap psram: used 6016 B, free 2091136 B, peak 10596 B; reserved 6032 / 1900544 B, peak 10608 B
2026-10-09T12:14:10.171+00:00 monotonic_ns=12789093850501 INFO - battery: cell 4096 mV, 92% (periodic)
2026-10-09T12:14:10.642+00:00 monotonic_ns=12789564396253 INFO - stats: heap 41/158K peak 42K | stack free 67K hwm 10K | bat 92% 4.0V | up 0:02 | SD:ok
2026-10-09T12:14:10.642+00:00 monotonic_ns=12789564721633 INFO - heap psram: used 6016 B, free 2091136 B, peak 10596 B; reserved 6032 / 1900544 B, peak 10608 B
2026-10-09T12:14:15.642+00:00 monotonic_ns=12794564466786 INFO - stats: heap 41/158K peak 42K | stack free 67K hwm 10K | bat 92% 4.0V | up 0:02 | SD:ok
2026-10-09T12:14:15.642+00:00 monotonic_ns=12794564718386 INFO - heap psram: used 6016 B, free 2091136 B, peak 10596 B; reserved 6032 / 1900544 B, peak 10608 B
2026-10-09T12:14:20.642+00:00 monotonic_ns=12799564486909 INFO - stats: heap 41/158K peak 42K | stack free 67K hwm 10K | bat 92% 4.0V | up 0:02 | SD:ok
2026-10-09T12:14:20.642+00:00 monotonic_ns=12799564763100 INFO - heap psram: used 6016 B, free 2091136 B, peak 10596 B; reserved 6032 / 1900544 B, peak 10608 B
2026-10-09T12:14:25.642+00:00 monotonic_ns=12804564473163 INFO - stats: heap 41/158K peak 42K | stack free 67K hwm 10K | bat 92% 4.0V | up 0:02 | SD:ok
2026-10-09T12:14:25.642+00:00 monotonic_ns=12804564775013 INFO - heap psram: used 6016 B, free 2091136 B, peak 10596 B; reserved 6032 / 1900544 B, peak 10608 B
2026-10-09T12:14:30.642+00:00 monotonic_ns=12809564496486 INFO - stats: heap 41/158K peak 42K | stack free 67K hwm 10K | bat 92% 4.0V | up 0:02 | SD:ok
2026-10-09T12:14:30.642+00:00 monotonic_ns=12809564765546 INFO - heap psram: used 6016 B, free 2091136 B, peak 10596 B; reserved 6032 / 1900544 B, peak 10608 B
2026-10-09T12:14:35.642+00:00 monotonic_ns=12814564554830 INFO - stats: heap 41/158K peak 42K | stack free 67K hwm 10K | bat 92% 4.0V | up 0:02 | SD:ok
2026-10-09T12:14:35.642+00:00 monotonic_ns=12814564821980 INFO - heap psram: used 6016 B, free 2091136 B, peak 10596 B; reserved 6032 / 1900544 B, peak 10608 B
2026-10-09T12:14:40.171+00:00 monotonic_ns=12819093933611 INFO - battery: cell 4104 mV, 93% (periodic)
2026-10-09T12:14:40.642+00:00 monotonic_ns=12819564560273 INFO - stats: heap 41/158K peak 42K | stack free 67K hwm 10K | bat 93% 4.1V | up 0:02 | SD:ok
2026-10-09T12:14:40.642+00:00 monotonic_ns=12819564827563 INFO - heap psram: used 6016 B, free 2091136 B, peak 10596 B; reserved 6032 / 1900544 B, peak 10608 B
2026-10-09T12:14:45.642+00:00 monotonic_ns=12824564566236 INFO - stats: heap 41/158K peak 42K | stack free 67K hwm 10K | bat 93% 4.1V | up 0:02 | SD:ok
2026-10-09T12:14:45.642+00:00 monotonic_ns=12824564837417 INFO - heap psram: used 6016 B, free 2091136 B, peak 10596 B; reserved 6032 / 1900544 B, peak 10608 B
2026-10-09T12:14:50.642+00:00 monotonic_ns=12829564605920 INFO - stats: heap 41/158K peak 42K | stack free 67K hwm 10K | bat 93% 4.1V | up 0:02 | SD:ok
2026-10-09T12:14:50.642+00:00 monotonic_ns=12829564876390 INFO - heap psram: used 6016 B, free 2091136 B, peak 10596 B; reserved 6032 / 1900544 B, peak 10608 B
2026-10-09T12:14:55.642+00:00 monotonic_ns=12834564619053 INFO - stats: heap 41/158K peak 42K | stack free 67K hwm 10K | bat 93% 4.1V | up 0:02 | SD:ok
2026-10-09T12:14:55.642+00:00 monotonic_ns=12834564884223 INFO - heap psram: used 6016 B, free 2091136 B, peak 10596 B; reserved 6032 / 1900544 B, peak 10608 B
2026-10-09T12:15:00.642+00:00 monotonic_ns=12839564658396 INFO - stats: heap 41/158K peak 42K | stack free 67K hwm 10K | bat 93% 4.1V | up 0:02 | SD:ok
2026-10-09T12:15:00.642+00:00 monotonic_ns=12839564891997 INFO - heap psram: used 6016 B, free 2091136 B, peak 10596 B; reserved 6032 / 1900544 B, peak 10608 B
2026-10-09T12:15:05.642+00:00 monotonic_ns=12844564669350 INFO - stats: heap 41/158K peak 42K | stack free 67K hwm 10K | bat 93% 4.1V | up 0:02 | SD:ok
2026-10-09T12:15:05.642+00:00 monotonic_ns=12844564932720 INFO - heap psram: used 6016 B, free 2091136 B, peak 10596 B; reserved 6032 / 1900544 B, peak 10608 B
2026-10-09T12:15:08.982+00:00 monotonic_ns=12847904595177 INFO - app: Reader -> Files
2026-10-09T12:15:08.982+00:00 monotonic_ns=12847905007527 INFO - bookmark: cached off=0 ch=3 gen=18 for "ASSEMB~1.EPU"
2026-10-09T12:15:08.982+00:00 monotonic_ns=12847905188647 INFO - [work] reset -> gen 2
2026-10-09T12:15:08.983+00:00 monotonic_ns=12847905879478 INFO - font: size_idx=2 line_h=49 (native 31 x 160%) ascent=25 max_lines=15 margin=40
2026-10-09T12:15:08.983+00:00 monotonic_ns=12847906227588 INFO - font: size_idx=2 line_h=49 (native 31 x 160%) ascent=25 max_lines=15 margin=40
2026-10-09T12:15:09.176+00:00 monotonic_ns=12848098993965 INFO - stats: heap 1/158K peak 42K | stack free 67K hwm 13K | bat 93% 4.1V | up 0:02 | SD:ok
2026-10-09T12:15:09.176+00:00 monotonic_ns=12848099223565 INFO - heap psram: used 0 B, free 2097152 B, peak 10596 B; reserved 0 / 1900544 B, peak 10608 B
2026-10-09T12:15:09.400+00:00 monotonic_ns=12848323055627 INFO - cjk-sd op=stage gap_after_log_us=166041383 opens=1 reads=25 bytes=2090 open_us=189735 read_us=31872 max_read_us=2081 wall_us=222292 scalars=3 lookups=3
2026-10-09T12:15:09.410+00:00 monotonic_ns=12848332926219 INFO - cjk-sd op=prepare gap_after_log_us=161 opens=1 reads=4 bytes=360 open_us=141 read_us=8284 max_read_us=2879 wall_us=9242 scalars=3 lookups=0
2026-10-09T12:15:10.205+00:00 monotonic_ns=12849128142111 INFO - display: partial refresh 480x800 at (0, 0) in 795 ms (partial count 8)
2026-10-09T12:15:10.206+00:00 monotonic_ns=12849129182292 INFO - titles: scan complete
2026-10-09T12:15:10.237+00:00 monotonic_ns=12849160081569 INFO - battery: cell 4066 mV, 90% (periodic)
2026-10-09T12:15:10.642+00:00 monotonic_ns=12849564766243 INFO - stats: heap 2/158K peak 42K | stack free 67K hwm 17K | bat 90% 4.0V | up 0:03 | SD:ok
2026-10-09T12:15:10.642+00:00 monotonic_ns=12849565076153 INFO - heap psram: used 316 B, free 2096836 B, peak 10596 B; reserved 320 / 1900544 B, peak 10608 B
2026-10-09T12:15:13.163+00:00 monotonic_ns=12852086140480 INFO - stats: heap 2/158K peak 42K | stack free 67K hwm 17K | bat 90% 4.0V | up 0:03 | SD:ok
2026-10-09T12:15:13.164+00:00 monotonic_ns=12852086563191 INFO - heap psram: used 316 B, free 2096836 B, peak 10596 B; reserved 320 / 1900544 B, peak 10608 B
2026-10-09T12:15:13.837+00:00 monotonic_ns=12852759803520 INFO - display: partial refresh 448x167 at (16, 8) in 673 ms (partial count 9)
2026-10-09T12:15:14.215+00:00 monotonic_ns=12853137532793 INFO - stats: heap 2/158K peak 42K | stack free 67K hwm 17K | bat 90% 4.0V | up 0:03 | SD:ok
2026-10-09T12:15:14.215+00:00 monotonic_ns=12853137834793 INFO - heap psram: used 316 B, free 2096836 B, peak 10596 B; reserved 320 / 1900544 B, peak 10608 B
2026-10-09T12:15:14.899+00:00 monotonic_ns=12853821826525 INFO - display: partial refresh 448x223 at (16, 8) in 683 ms (partial count 10)
2026-10-09T12:15:15.266+00:00 monotonic_ns=12854189215736 INFO - stats: heap 2/158K peak 42K | stack free 67K hwm 17K | bat 90% 4.0V | up 0:03 | SD:ok
2026-10-09T12:15:15.267+00:00 monotonic_ns=12854189712567 INFO - heap psram: used 316 B, free 2096836 B, peak 10596 B; reserved 320 / 1900544 B, peak 10608 B
2026-10-09T12:15:15.961+00:00 monotonic_ns=12854883524991 INFO - display: partial refresh 448x279 at (16, 8) in 693 ms (partial count 11)
2026-10-09T12:15:15.963+00:00 monotonic_ns=12854885483323 INFO - stats: heap 2/158K peak 42K | stack free 67K hwm 17K | bat 90% 4.0V | up 0:03 | SD:ok
2026-10-09T12:15:15.963+00:00 monotonic_ns=12854885793763 INFO - heap psram: used 316 B, free 2096836 B, peak 10596 B; reserved 320 / 1900544 B, peak 10608 B
2026-10-09T12:15:16.165+00:00 monotonic_ns=12855088215611 INFO - stats: heap 2/158K peak 42K | stack free 67K hwm 17K | bat 90% 4.0V | up 0:03 | SD:ok
2026-10-09T12:15:16.166+00:00 monotonic_ns=12855088641451 INFO - heap psram: used 316 B, free 2096836 B, peak 10596 B; reserved 320 / 1900544 B, peak 10608 B
2026-10-09T12:15:16.870+00:00 monotonic_ns=12855793104127 INFO - display: partial refresh 448x335 at (16, 8) in 704 ms (partial count 12)
2026-10-09T12:15:17.327+00:00 monotonic_ns=12856250069443 INFO - stats: heap 2/158K peak 42K | stack free 67K hwm 17K | bat 90% 4.0V | up 0:03 | SD:ok
2026-10-09T12:15:17.328+00:00 monotonic_ns=12856250517693 INFO - heap psram: used 316 B, free 2096836 B, peak 10596 B; reserved 320 / 1900544 B, peak 10608 B
2026-10-09T12:15:18.043+00:00 monotonic_ns=12856965846122 INFO - display: partial refresh 448x391 at (16, 8) in 715 ms (partial count 13)
2026-10-09T12:15:18.421+00:00 monotonic_ns=12857343567885 INFO - stats: heap 2/158K peak 42K | stack free 67K hwm 17K | bat 90% 4.0V | up 0:03 | SD:ok
2026-10-09T12:15:18.421+00:00 monotonic_ns=12857343926945 INFO - heap psram: used 316 B, free 2096836 B, peak 10596 B; reserved 320 / 1900544 B, peak 10608 B
2026-10-09T12:15:19.147+00:00 monotonic_ns=12858069840897 INFO - display: partial refresh 448x447 at (16, 8) in 724 ms (partial count 14)
2026-10-09T12:15:20.386+00:00 monotonic_ns=12859308604630 INFO - app: Files -> Reader
2026-10-09T12:15:20.386+00:00 monotonic_ns=12859309182210 INFO - font: size_idx=2 line_h=49 (native 31 x 160%) ascent=25 max_lines=15 margin=40
2026-10-09T12:15:20.387+00:00 monotonic_ns=12859309701321 INFO - font: size_idx=2 line_h=49 (native 31 x 160%) ascent=25 max_lines=15 margin=40
2026-10-09T12:15:20.387+00:00 monotonic_ns=12859309950641 INFO - [work] reset -> gen 3
2026-10-09T12:15:20.388+00:00 monotonic_ns=12859310563232 INFO - font: size_idx=2 line_h=49 (native 31 x 160%) ascent=25 max_lines=15 margin=40
2026-10-09T12:15:20.388+00:00 monotonic_ns=12859310640522 INFO - reader: opening ZH2.TXT
2026-10-09T12:15:20.388+00:00 monotonic_ns=12859311144532 INFO - reader-sd resume step=33 state=NeedBookmark resumed=false retained_window=false outside_step_us=177251225 outside_step_known=true previous_step_complete=true
2026-10-09T12:15:20.389+00:00 monotonic_ns=12859311626773 INFO - bookmark: restoring off=759 ch=0 for ZH2.TXT
2026-10-09T12:15:20.593+00:00 monotonic_ns=12859515716862 INFO - reader: opened ZH2.TXT (1189 bytes)
2026-10-09T12:15:20.805+00:00 monotonic_ns=12859727575111 INFO - cjk: lookup 1/247 glyphs, about 50372 ms left
2026-10-09T12:15:20.805+00:00 monotonic_ns=12859728056981 INFO - cjk-sd op=stage gap_after_log_us=11189183 opens=1 reads=12 bytes=528 open_us=190130 read_us=14015 max_read_us=2059 wall_us=205416 scalars=247 lookups=1
2026-10-09T12:15:20.806+00:00 monotonic_ns=12859728986722 INFO - reader-sd step=33 outcome=slice state=NeedPage wall_us=417634 text_us=66203 layout_us=211848 visible_us=0 pause_us=159 logging_us=903 other_us=138521 text_calls=1 layout_calls=1 visible_calls=0
2026-10-09T12:15:20.808+00:00 monotonic_ns=12859730514744 INFO - stats: heap 10/158K peak 42K | stack free 67K hwm 17K | bat 90% 4.0V | up 0:03 | SD:ok
2026-10-09T12:15:20.808+00:00 monotonic_ns=12859730869985 INFO - heap psram: used 0 B, free 2097152 B, peak 10596 B; reserved 0 / 1900544 B, peak 10608 B
2026-10-09T12:15:20.809+00:00 monotonic_ns=12859731675946 INFO - cjk-sd op=stage gap_after_log_us=3000 opens=0 reads=0 bytes=0 open_us=0 read_us=0 max_read_us=0 wall_us=4 scalars=0 lookups=0
2026-10-09T12:15:20.809+00:00 monotonic_ns=12859732244796 INFO - cjk-sd op=prepare gap_after_log_us=44 opens=0 reads=0 bytes=0 open_us=0 read_us=0 max_read_us=0 wall_us=68 scalars=0 lookups=0
2026-10-09T12:15:24.704+00:00 monotonic_ns=12863627035373 INFO - reader-sd resume step=34 state=NeedPage resumed=true retained_window=true outside_step_us=3897438 outside_step_known=true previous_step_complete=true
2026-10-09T12:15:24.768+00:00 monotonic_ns=12863691136619 INFO - cjk-sd op=stage gap_after_log_us=3896805 opens=1 reads=63 bytes=7260 open_us=120 read_us=60290 max_read_us=2075 wall_us=61438 scalars=247 lookups=27
2026-10-09T12:15:24.769+00:00 monotonic_ns=12863691980510 INFO - reader-sd step=34 outcome=slice state=NeedPage wall_us=64972 text_us=62 layout_us=63333 visible_us=0 pause_us=203 logging_us=1140 other_us=234 text_calls=1 layout_calls=1 visible_calls=0
2026-10-09T12:15:24.907+00:00 monotonic_ns=12863829670851 INFO - bookmarks: flushed 6 slots to SD
2026-10-09T12:15:24.908+00:00 monotonic_ns=12863830964163 INFO - stats: heap 10/158K peak 42K | stack free 67K hwm 17K | bat 90% 4.0V | up 0:03 | SD:ok
2026-10-09T12:15:24.909+00:00 monotonic_ns=12863831477563 INFO - heap psram: used 0 B, free 2097152 B, peak 10596 B; reserved 0 / 1900544 B, peak 10608 B
2026-10-09T12:15:24.909+00:00 monotonic_ns=12863832167074 INFO - reader-sd resume step=35 state=NeedPage resumed=true retained_window=true outside_step_us=139637 outside_step_known=true previous_step_complete=true
2026-10-09T12:15:24.973+00:00 monotonic_ns=12863895856239 INFO - cjk: lookup 55/247 glyphs, about 435 ms left
2026-10-09T12:15:24.974+00:00 monotonic_ns=12863896485710 INFO - cjk-sd op=stage gap_after_log_us=143084 opens=1 reads=66 bytes=7216 open_us=99 read_us=60290 max_read_us=2022 wall_us=61699 scalars=247 lookups=27
2026-10-09T12:15:24.975+00:00 monotonic_ns=12863898053941 INFO - reader-sd step=35 outcome=slice state=NeedPage wall_us=65798 text_us=101 layout_us=63603 visible_us=0 pause_us=803 logging_us=1084 other_us=207 text_calls=1 layout_calls=1 visible_calls=0
2026-10-09T12:15:24.976+00:00 monotonic_ns=12863898833772 INFO - reader-sd resume step=36 state=NeedPage resumed=true retained_window=true outside_step_us=243 outside_step_known=true previous_step_complete=true
2026-10-09T12:15:25.040+00:00 monotonic_ns=12863962971548 INFO - cjk-sd op=stage gap_after_log_us=4209 opens=1 reads=69 bytes=6556 open_us=75 read_us=60658 max_read_us=1965 wall_us=61635 scalars=247 lookups=24
2026-10-09T12:15:25.041+00:00 monotonic_ns=12863964068039 INFO - reader-sd step=36 outcome=slice state=NeedPage wall_us=65133 text_us=28 layout_us=63441 visible_us=0 pause_us=378 logging_us=1125 other_us=161 text_calls=1 layout_calls=1 visible_calls=0
2026-10-09T12:15:25.042+00:00 monotonic_ns=12863964730930 INFO - reader-sd resume step=37 state=NeedPage resumed=true retained_window=true outside_step_us=138 outside_step_known=true previous_step_complete=true
2026-10-09T12:15:25.105+00:00 monotonic_ns=12864027505893 INFO - cjk-sd op=stage gap_after_log_us=3640 opens=1 reads=66 bytes=7546 open_us=41 read_us=59272 max_read_us=3772 wall_us=60195 scalars=247 lookups=29
2026-10-09T12:15:25.106+00:00 monotonic_ns=12864028979935 INFO - reader-sd step=37 outcome=slice state=NeedPage wall_us=64076 text_us=32 layout_us=62005 visible_us=0 pause_us=616 logging_us=1282 other_us=141 text_calls=1 layout_calls=1 visible_calls=0
2026-10-09T12:15:25.107+00:00 monotonic_ns=12864029688616 INFO - reader-sd resume step=38 state=NeedPage resumed=true retained_window=true outside_step_us=142 outside_step_known=true previous_step_complete=true
2026-10-09T12:15:25.170+00:00 monotonic_ns=12864092933450 INFO - cjk-sd op=stage gap_after_log_us=4061 opens=1 reads=67 bytes=6336 open_us=60 read_us=59677 max_read_us=2068 wall_us=60607 scalars=247 lookups=26
2026-10-09T12:15:25.171+00:00 monotonic_ns=12864093881111 INFO - reader-sd step=38 outcome=slice state=NeedPage wall_us=64059 text_us=28 layout_us=62401 visible_us=0 pause_us=175 logging_us=1300 other_us=155 text_calls=1 layout_calls=1 visible_calls=0
2026-10-09T12:15:25.172+00:00 monotonic_ns=12864094622702 INFO - reader-sd resume step=39 state=NeedPage resumed=true retained_window=true outside_step_us=131 outside_step_known=true previous_step_complete=true
2026-10-09T12:15:25.240+00:00 monotonic_ns=12864163129502 INFO - cjk-sd op=stage gap_after_log_us=3564 opens=1 reads=67 bytes=5368 open_us=42 read_us=65212 max_read_us=2018 wall_us=66016 scalars=247 lookups=18
2026-10-09T12:15:25.242+00:00 monotonic_ns=12864164499254 INFO - reader-sd step=39 outcome=slice state=NeedPage wall_us=69725 text_us=31 layout_us=67822 visible_us=0 pause_us=620 logging_us=1112 other_us=140 text_calls=1 layout_calls=1 visible_calls=0
2026-10-09T12:15:25.242+00:00 monotonic_ns=12864165018355 INFO - reader-sd resume step=40 state=NeedPage resumed=true retained_window=true outside_step_us=135 outside_step_known=true previous_step_complete=true
2026-10-09T12:15:25.306+00:00 monotonic_ns=12864229130170 INFO - cjk-sd op=stage gap_after_log_us=3876 opens=1 reads=65 bytes=4906 open_us=62 read_us=60777 max_read_us=2022 wall_us=61619 scalars=247 lookups=17
2026-10-09T12:15:25.307+00:00 monotonic_ns=12864230048511 INFO - reader-sd step=40 outcome=slice state=NeedPage wall_us=64724 text_us=27 layout_us=63415 visible_us=0 pause_us=175 logging_us=952 other_us=155 text_calls=1 layout_calls=1 visible_calls=0
2026-10-09T12:15:25.308+00:00 monotonic_ns=12864230700051 INFO - reader-sd resume step=41 state=NeedPage resumed=true retained_window=true outside_step_us=123 outside_step_known=true previous_step_complete=true
2026-10-09T12:15:25.375+00:00 monotonic_ns=12864297969960 INFO - cjk-sd op=stage gap_after_log_us=3470 opens=1 reads=68 bytes=5962 open_us=42 read_us=63915 max_read_us=2023 wall_us=64757 scalars=247 lookups=21
2026-10-09T12:15:25.376+00:00 monotonic_ns=12864299245042 INFO - reader-sd step=41 outcome=slice state=NeedPage wall_us=68541 text_us=31 layout_us=66565 visible_us=0 pause_us=620 logging_us=1187 other_us=138 text_calls=1 layout_calls=1 visible_calls=0
2026-10-09T12:15:25.377+00:00 monotonic_ns=12864299890903 INFO - reader-sd resume step=42 state=NeedPage resumed=true retained_window=true outside_step_us=134 outside_step_known=true previous_step_complete=true
2026-10-09T12:15:25.441+00:00 monotonic_ns=12864363937448 INFO - cjk-sd op=stage gap_after_log_us=3765 opens=1 reads=69 bytes=6050 open_us=50 read_us=60464 max_read_us=1963 wall_us=61429 scalars=247 lookups=22
2026-10-09T12:15:25.442+00:00 monotonic_ns=12864364859329 INFO - reader-sd step=42 outcome=slice state=NeedPage wall_us=64764 text_us=28 layout_us=63226 visible_us=0 pause_us=167 logging_us=1193 other_us=150 text_calls=1 layout_calls=1 visible_calls=0
2026-10-09T12:15:25.443+00:00 monotonic_ns=12864365501500 INFO - reader-sd resume step=43 state=NeedPage resumed=true retained_window=true outside_step_us=127 outside_step_known=true previous_step_complete=true
2026-10-09T12:15:25.510+00:00 monotonic_ns=12864433258389 INFO - cjk-sd op=stage gap_after_log_us=3529 opens=1 reads=67 bytes=6424 open_us=41 read_us=64431 max_read_us=3810 wall_us=65306 scalars=247 lookups=26
2026-10-09T12:15:25.512+00:00 monotonic_ns=12864434735601 INFO - reader-sd step=43 outcome=slice state=NeedPage wall_us=68979 text_us=31 layout_us=67114 visible_us=0 pause_us=616 logging_us=1080 other_us=138 text_calls=1 layout_calls=1 visible_calls=0
2026-10-09T12:15:25.512+00:00 monotonic_ns=12864435244252 INFO - reader-sd resume step=44 state=NeedPage resumed=true retained_window=true outside_step_us=130 outside_step_known=true previous_step_complete=true
2026-10-09T12:15:25.545+00:00 monotonic_ns=12864467652500 INFO - cjk-sd op=stage gap_after_log_us=3844 opens=1 reads=30 bytes=2574 open_us=57 read_us=29138 max_read_us=2010 wall_us=29769 scalars=247 lookups=9
2026-10-09T12:15:25.547+00:00 monotonic_ns=12864469509562 INFO - cjk-sd op=bank gap_after_log_us=34 opens=1 reads=1 bytes=44 open_us=72 read_us=1047 max_read_us=1047 wall_us=1229 scalars=0 lookups=0
2026-10-09T12:15:25.618+00:00 monotonic_ns=12864541047256 INFO - cjk-sd op=stage gap_after_log_us=70604 opens=0 reads=0 bytes=0 open_us=0 read_us=0 max_read_us=0 wall_us=143 scalars=114 lookups=0
2026-10-09T12:15:25.627+00:00 monotonic_ns=12864550124336 INFO - cjk-sd op=prepare gap_after_log_us=2634 opens=1 reads=2 bytes=50 open_us=191 read_us=3935 max_read_us=2063 wall_us=5786 scalars=114 lookups=0
2026-10-09T12:15:25.628+00:00 monotonic_ns=12864551213038 INFO - reader-sd step=44 outcome=slice state=NeedPage wall_us=115703 text_us=66353 layout_us=38959 visible_us=6517 pause_us=276 logging_us=3187 other_us=411 text_calls=4 layout_calls=2 visible_calls=1
2026-10-09T12:15:25.629+00:00 monotonic_ns=12864551844208 INFO - reader-sd resume step=45 state=NeedPage resumed=true retained_window=false outside_step_us=232 outside_step_known=true previous_step_complete=true
2026-10-09T12:15:25.696+00:00 monotonic_ns=12864619131497 INFO - cjk-sd op=stage gap_after_log_us=68309 opens=0 reads=0 bytes=0 open_us=0 read_us=0 max_read_us=0 wall_us=118 scalars=114 lookups=0
2026-10-09T12:15:25.757+00:00 monotonic_ns=12864680009288 INFO - cjk-sd op=prepare gap_after_log_us=2873 opens=1 reads=50 bytes=3035 open_us=172 read_us=55822 max_read_us=2090 wall_us=57229 scalars=114 lookups=0
2026-10-09T12:15:25.759+00:00 monotonic_ns=12864681684560 INFO - reader-sd step=45 outcome=slice state=NeedPage wall_us=129503 text_us=65612 layout_us=3086 visible_us=57927 pause_us=801 logging_us=1782 other_us=295 text_calls=2 layout_calls=1 visible_calls=1
2026-10-09T12:15:25.759+00:00 monotonic_ns=12864682245661 INFO - reader-sd resume step=46 state=NeedPage resumed=true retained_window=false outside_step_us=169 outside_step_known=true previous_step_complete=true
2026-10-09T12:15:25.827+00:00 monotonic_ns=12864749700910 INFO - cjk-sd op=stage gap_after_log_us=68821 opens=0 reads=0 bytes=0 open_us=0 read_us=0 max_read_us=0 wall_us=107 scalars=114 lookups=0
2026-10-09T12:15:25.888+00:00 monotonic_ns=12864810654912 INFO - cjk-sd op=prepare gap_after_log_us=2748 opens=1 reads=43 bytes=2719 open_us=194 read_us=55832 max_read_us=2878 wall_us=57420 scalars=114 lookups=0
2026-10-09T12:15:25.889+00:00 monotonic_ns=12864812012023 INFO - reader-sd step=46 outcome=slice state=NeedPage wall_us=129356 text_us=65611 layout_us=2995 visible_us=58104 pause_us=440 logging_us=1962 other_us=244 text_calls=2 layout_calls=1 visible_calls=1
2026-10-09T12:15:25.891+00:00 monotonic_ns=12864813532435 INFO - stats: heap 13/158K peak 42K | stack free 67K hwm 17K | bat 90% 4.0V | up 0:03 | SD:ok
2026-10-09T12:15:25.891+00:00 monotonic_ns=12864813888705 INFO - heap psram: used 15156 B, free 2081996 B, peak 15156 B; reserved 15168 / 1900544 B, peak 15168 B
2026-10-09T12:15:25.892+00:00 monotonic_ns=12864814550616 INFO - reader-sd resume step=47 state=NeedPage resumed=true retained_window=false outside_step_us=1985 outside_step_known=true previous_step_complete=true
2026-10-09T12:15:25.959+00:00 monotonic_ns=12864881783675 INFO - cjk-sd op=stage gap_after_log_us=70223 opens=0 reads=0 bytes=0 open_us=0 read_us=0 max_read_us=0 wall_us=107 scalars=114 lookups=0
2026-10-09T12:15:25.990+00:00 monotonic_ns=12864912950342 INFO - cjk-sd op=prepare gap_after_log_us=2825 opens=1 reads=23 bytes=1333 open_us=156 read_us=26277 max_read_us=2121 wall_us=27591 scalars=114 lookups=0
2026-10-09T12:15:25.991+00:00 monotonic_ns=12864913896203 INFO - reader-sd step=47 outcome=ready state=Ready wall_us=99126 text_us=65405 layout_us=3000 visible_us=28288 pause_us=0 logging_us=2112 other_us=321 text_calls=2 layout_calls=1 visible_calls=1
2026-10-09T12:15:25.992+00:00 monotonic_ns=12864915242574 INFO - stats: heap 13/158K peak 42K | stack free 67K hwm 17K | bat 90% 4.0V | up 0:03 | SD:ok
2026-10-09T12:15:25.993+00:00 monotonic_ns=12864915723625 INFO - heap psram: used 15156 B, free 2081996 B, peak 15156 B; reserved 15168 / 1900544 B, peak 15168 B
2026-10-09T12:15:26.809+00:00 monotonic_ns=12865732221443 INFO - display: partial refresh 480x794 at (0, 6) in 816 ms (partial count 1)
2026-10-09T12:15:27.968+00:00 monotonic_ns=12866890495901 INFO - app: Reader -> Files
2026-10-09T12:15:27.968+00:00 monotonic_ns=12866890777601 INFO - bookmark: cached off=759 ch=0 gen=16 for "ZH2.TXT"
2026-10-09T12:15:27.969+00:00 monotonic_ns=12866891648522 INFO - font: size_idx=2 line_h=49 (native 31 x 160%) ascent=25 max_lines=15 margin=40
2026-10-09T12:15:27.969+00:00 monotonic_ns=12866891977602 INFO - font: size_idx=2 line_h=49 (native 31 x 160%) ascent=25 max_lines=15 margin=40
2026-10-09T12:15:27.971+00:00 monotonic_ns=12866893531784 INFO - stats: heap 1/158K peak 42K | stack free 67K hwm 17K | bat 90% 4.0V | up 0:03 | SD:ok
2026-10-09T12:15:27.971+00:00 monotonic_ns=12866893893325 INFO - heap psram: used 8192 B, free 2088960 B, peak 15156 B; reserved 8192 / 1900544 B, peak 15168 B
2026-10-09T12:15:28.006+00:00 monotonic_ns=12866929031356 INFO - cjk-sd op=stage gap_after_log_us=1981651 opens=1 reads=25 bytes=2090 open_us=166 read_us=32910 max_read_us=2227 wall_us=33764 scalars=3 lookups=3
2026-10-09T12:15:28.016+00:00 monotonic_ns=12866938931238 INFO - cjk-sd op=prepare gap_after_log_us=156 opens=1 reads=4 bytes=360 open_us=136 read_us=8188 max_read_us=2879 wall_us=9157 scalars=3 lookups=0
2026-10-09T12:15:28.812+00:00 monotonic_ns=12867734851621 INFO - display: partial refresh 480x800 at (0, 0) in 796 ms (partial count 2)
2026-10-09T12:15:30.642+00:00 monotonic_ns=12869564872277 INFO - stats: heap 2/158K peak 42K | stack free 67K hwm 17K | bat 90% 4.0V | up 0:03 | SD:ok
2026-10-09T12:15:30.642+00:00 monotonic_ns=12869565146907 INFO - heap psram: used 8508 B, free 2088644 B, peak 15156 B; reserved 8512 / 1900544 B, peak 15168 B
2026-10-09T12:15:33.463+00:00 monotonic_ns=12872385308604 INFO - app: Files -> Reader
2026-10-09T12:15:33.463+00:00 monotonic_ns=12872385871965 INFO - font: size_idx=2 line_h=49 (native 31 x 160%) ascent=25 max_lines=15 margin=40
2026-10-09T12:15:33.463+00:00 monotonic_ns=12872386214915 INFO - font: size_idx=2 line_h=49 (native 31 x 160%) ascent=25 max_lines=15 margin=40
2026-10-09T12:15:33.464+00:00 monotonic_ns=12872386568886 INFO - [work] reset -> gen 4
2026-10-09T12:15:33.464+00:00 monotonic_ns=12872386970286 INFO - font: size_idx=2 line_h=49 (native 31 x 160%) ascent=25 max_lines=15 margin=40
2026-10-09T12:15:33.464+00:00 monotonic_ns=12872387080626 INFO - reader: opening ZH2.TXT
2026-10-09T12:15:33.465+00:00 monotonic_ns=12872387778727 INFO - reader-sd resume step=48 state=NeedBookmark resumed=false retained_window=false outside_step_us=7473275 outside_step_known=true previous_step_complete=true
2026-10-09T12:15:33.465+00:00 monotonic_ns=12872388079747 INFO - bookmark: restoring off=759 ch=0 for ZH2.TXT
2026-10-09T12:15:33.669+00:00 monotonic_ns=12872591548016 INFO - reader: opened ZH2.TXT (1189 bytes)
2026-10-09T12:15:33.736+00:00 monotonic_ns=12872659027535 INFO - cjk: lookup 24/247 glyphs, about 562 ms left
2026-10-09T12:15:33.737+00:00 monotonic_ns=12872659671396 INFO - cjk-sd op=stage gap_after_log_us=5659057 opens=1 reads=61 bytes=6556 open_us=152 read_us=59361 max_read_us=2041 wall_us=61006 scalars=247 lookups=24
2026-10-09T12:15:33.738+00:00 monotonic_ns=12872661242258 INFO - reader-sd step=48 outcome=slice state=NeedPage wall_us=273421 text_us=65988 layout_us=67445 visible_us=0 pause_us=780 logging_us=1269 other_us=137939 text_calls=1 layout_calls=1 visible_calls=0
2026-10-09T12:15:33.740+00:00 monotonic_ns=12872662736200 INFO - stats: heap 10/158K peak 42K | stack free 67K hwm 17K | bat 90% 4.0V | up 0:03 | SD:ok
2026-10-09T12:15:33.740+00:00 monotonic_ns=12872663047220 INFO - heap psram: used 8192 B, free 2088960 B, peak 15156 B; reserved 8192 / 1900544 B, peak 15168 B
2026-10-09T12:15:33.741+00:00 monotonic_ns=12872663888411 INFO - cjk-sd op=stage gap_after_log_us=3588 opens=0 reads=0 bytes=0 open_us=0 read_us=0 max_read_us=0 wall_us=3 scalars=0 lookups=0
2026-10-09T12:15:33.742+00:00 monotonic_ns=12872664617372 INFO - cjk-sd op=prepare gap_after_log_us=49 opens=0 reads=0 bytes=0 open_us=0 read_us=0 max_read_us=0 wall_us=68 scalars=0 lookups=0
2026-10-09T12:15:37.628+00:00 monotonic_ns=12876550926419 INFO - reader-sd resume step=49 state=NeedPage resumed=true retained_window=true outside_step_us=3888976 outside_step_known=true previous_step_complete=true
2026-10-09T12:15:37.692+00:00 monotonic_ns=12876614998164 INFO - cjk-sd op=stage gap_after_log_us=3888278 opens=1 reads=67 bytes=7656 open_us=109 read_us=60134 max_read_us=2007 wall_us=61290 scalars=247 lookups=29
2026-10-09T12:15:37.693+00:00 monotonic_ns=12876616020636 INFO - reader-sd step=49 outcome=slice state=NeedPage wall_us=65046 text_us=49 layout_us=63193 visible_us=0 pause_us=134 logging_us=1407 other_us=263 text_calls=1 layout_calls=1 visible_calls=0
2026-10-09T12:15:37.695+00:00 monotonic_ns=12876617549117 INFO - stats: heap 10/158K peak 42K | stack free 67K hwm 17K | bat 90% 4.0V | up 0:03 | SD:ok
2026-10-09T12:15:37.695+00:00 monotonic_ns=12876617903568 INFO - heap psram: used 8192 B, free 2088960 B, peak 15156 B; reserved 8192 / 1900544 B, peak 15168 B
2026-10-09T12:15:38.346+00:00 monotonic_ns=12877269214141 INFO - display: partial refresh 448x24 at (8, 24) in 651 ms (partial count 1)
2026-10-09T12:15:38.348+00:00 monotonic_ns=12877270824823 INFO - reader-sd resume step=50 state=NeedPage resumed=true retained_window=true outside_step_us=654232 outside_step_known=true previous_step_complete=true
2026-10-09T12:15:38.412+00:00 monotonic_ns=12877334642128 INFO - cjk: lookup 75/247 glyphs, about 477 ms left
2026-10-09T12:15:38.412+00:00 monotonic_ns=12877335097149 INFO - cjk-sd op=stage gap_after_log_us=657921 opens=1 reads=67 bytes=6072 open_us=133 read_us=60083 max_read_us=1993 wall_us=61742 scalars=247 lookups=22
2026-10-09T12:15:38.413+00:00 monotonic_ns=12877336042820 INFO - reader-sd step=50 outcome=slice state=NeedPage wall_us=65202 text_us=61 layout_us=63627 visible_us=0 pause_us=225 logging_us=1054 other_us=235 text_calls=1 layout_calls=1 visible_calls=0
2026-10-09T12:15:38.415+00:00 monotonic_ns=12877337503642 INFO - stats: heap 10/158K peak 42K | stack free 67K hwm 17K | bat 90% 4.0V | up 0:03 | SD:ok
2026-10-09T12:15:38.415+00:00 monotonic_ns=12877337820132 INFO - heap psram: used 8192 B, free 2088960 B, peak 15156 B; reserved 8192 / 1900544 B, peak 15168 B
2026-10-09T12:15:38.416+00:00 monotonic_ns=12877338364253 INFO - reader-sd resume step=51 state=NeedPage resumed=true retained_window=true outside_step_us=1878 outside_step_known=true previous_step_complete=true
2026-10-09T12:15:38.482+00:00 monotonic_ns=12877404668421 INFO - cjk-sd op=stage gap_after_log_us=5106 opens=1 reads=63 bytes=6842 open_us=50 read_us=62761 max_read_us=3761 wall_us=63678 scalars=247 lookups=25
2026-10-09T12:15:38.483+00:00 monotonic_ns=12877406006122 INFO - reader-sd step=51 outcome=slice state=NeedPage wall_us=67488 text_us=46 layout_us=65485 visible_us=0 pause_us=676 logging_us=1127 other_us=154 text_calls=1 layout_calls=1 visible_calls=0
2026-10-09T12:15:38.484+00:00 monotonic_ns=12877406736303 INFO - reader-sd resume step=52 state=NeedPage resumed=true retained_window=true outside_step_us=142 outside_step_known=true previous_step_complete=true
2026-10-09T12:15:38.548+00:00 monotonic_ns=12877471098928 INFO - cjk-sd op=stage gap_after_log_us=3996 opens=1 reads=70 bytes=7040 open_us=58 read_us=60879 max_read_us=2011 wall_us=61841 scalars=247 lookups=28
2026-10-09T12:15:38.549+00:00 monotonic_ns=12877472071349 INFO - reader-sd step=52 outcome=slice state=NeedPage wall_us=65349 text_us=28 layout_us=63655 visible_us=0 pause_us=333 logging_us=1176 other_us=157 text_calls=1 layout_calls=1 visible_calls=0
2026-10-09T12:15:38.550+00:00 monotonic_ns=12877472781550 INFO - reader-sd resume step=53 state=NeedPage resumed=true retained_window=true outside_step_us=151 outside_step_known=true previous_step_complete=true
2026-10-09T12:15:38.613+00:00 monotonic_ns=12877535541484 INFO - cjk-sd op=stage gap_after_log_us=3605 opens=1 reads=61 bytes=4818 open_us=36 read_us=59320 max_read_us=2010 wall_us=60085 scalars=247 lookups=17
2026-10-09T12:15:38.614+00:00 monotonic_ns=12877536910465 INFO - reader-sd step=53 outcome=slice state=NeedPage wall_us=63980 text_us=31 layout_us=61892 visible_us=0 pause_us=604 logging_us=1316 other_us=137 text_calls=1 layout_calls=1 visible_calls=0
2026-10-09T12:15:38.615+00:00 monotonic_ns=12877537639156 INFO - reader-sd resume step=54 state=NeedPage resumed=true retained_window=true outside_step_us=128 outside_step_known=true previous_step_complete=true
2026-10-09T12:15:38.680+00:00 monotonic_ns=12877602941083 INFO - cjk-sd op=stage gap_after_log_us=4024 opens=1 reads=67 bytes=5126 open_us=62 read_us=61744 max_read_us=3008 wall_us=62626 scalars=247 lookups=19
2026-10-09T12:15:38.681+00:00 monotonic_ns=12877603898574 INFO - reader-sd step=54 outcome=slice state=NeedPage wall_us=66129 text_us=31 layout_us=64426 visible_us=0 pause_us=179 logging_us=1334 other_us=159 text_calls=1 layout_calls=1 visible_calls=0
2026-10-09T12:15:38.682+00:00 monotonic_ns=12877604583935 INFO - reader-sd resume step=55 state=NeedPage resumed=true retained_window=true outside_step_us=131 outside_step_known=true previous_step_complete=true
2026-10-09T12:15:38.749+00:00 monotonic_ns=12877671558623 INFO - cjk-sd op=stage gap_after_log_us=3568 opens=1 reads=70 bytes=6006 open_us=40 read_us=63488 max_read_us=2008 wall_us=64343 scalars=247 lookups=21
2026-10-09T12:15:38.750+00:00 monotonic_ns=12877673054985 INFO - reader-sd step=55 outcome=slice state=NeedPage wall_us=68195 text_us=31 layout_us=66152 visible_us=0 pause_us=608 logging_us=1266 other_us=138 text_calls=1 layout_calls=1 visible_calls=0
2026-10-09T12:15:38.751+00:00 monotonic_ns=12877673688486 INFO - reader-sd resume step=56 state=NeedPage resumed=true retained_window=true outside_step_us=127 outside_step_known=true previous_step_complete=true
2026-10-09T12:15:38.814+00:00 monotonic_ns=12877736808360 INFO - cjk-sd op=stage gap_after_log_us=4042 opens=1 reads=65 bytes=5566 open_us=57 read_us=59576 max_read_us=1980 wall_us=60468 scalars=247 lookups=20
2026-10-09T12:15:38.815+00:00 monotonic_ns=12877737790211 INFO - reader-sd step=56 outcome=slice state=NeedPage wall_us=63973 text_us=31 layout_us=62274 visible_us=0 pause_us=179 logging_us=1330 other_us=159 text_calls=1 layout_calls=1 visible_calls=0
2026-10-09T12:15:38.816+00:00 monotonic_ns=12877738498632 INFO - reader-sd resume step=57 state=NeedPage resumed=true retained_window=true outside_step_us=134 outside_step_known=true previous_step_complete=true
2026-10-09T12:15:38.879+00:00 monotonic_ns=12877801416946 INFO - cjk-sd op=stage gap_after_log_us=3578 opens=1 reads=63 bytes=6314 open_us=40 read_us=59488 max_read_us=3751 wall_us=60342 scalars=247 lookups=25
2026-10-09T12:15:38.880+00:00 monotonic_ns=12877802718917 INFO - reader-sd step=57 outcome=slice state=NeedPage wall_us=64063 text_us=32 layout_us=62154 visible_us=0 pause_us=608 logging_us=1133 other_us=136 text_calls=1 layout_calls=1 visible_calls=0
2026-10-09T12:15:38.880+00:00 monotonic_ns=12877803233838 INFO - reader-sd resume step=58 state=NeedPage resumed=true retained_window=true outside_step_us=131 outside_step_known=true previous_step_complete=true
2026-10-09T12:15:38.935+00:00 monotonic_ns=12877857977542 INFO - cjk-sd op=stage gap_after_log_us=3840 opens=1 reads=54 bytes=4686 open_us=57 read_us=51383 max_read_us=2013 wall_us=52187 scalars=247 lookups=17
2026-10-09T12:15:38.937+00:00 monotonic_ns=12877859867284 INFO - cjk-sd op=bank gap_after_log_us=34 opens=1 reads=1 bytes=44 open_us=73 read_us=1035 max_read_us=1035 wall_us=1217 scalars=0 lookups=0
2026-10-09T12:15:39.007+00:00 monotonic_ns=12877929986006 INFO - cjk-sd op=stage gap_after_log_us=69316 opens=0 reads=0 bytes=0 open_us=0 read_us=0 max_read_us=0 wall_us=111 scalars=114 lookups=0
2026-10-09T12:15:39.016+00:00 monotonic_ns=12877938788447 INFO - cjk-sd op=prepare gap_after_log_us=2425 opens=1 reads=2 bytes=50 open_us=156 read_us=3810 max_read_us=2039 wall_us=5556 scalars=114 lookups=0
2026-10-09T12:15:39.017+00:00 monotonic_ns=12877940005748 INFO - reader-sd step=58 outcome=slice state=NeedPage wall_us=136380 text_us=65184 layout_us=61115 visible_us=6267 pause_us=279 logging_us=3211 other_us=324 text_calls=4 layout_calls=2 visible_calls=1
2026-10-09T12:15:39.018+00:00 monotonic_ns=12877940811329 INFO - reader-sd resume step=59 state=NeedPage resumed=true retained_window=false outside_step_us=217 outside_step_known=true previous_step_complete=true
2026-10-09T12:15:39.085+00:00 monotonic_ns=12878007956178 INFO - cjk-sd op=stage gap_after_log_us=68314 opens=0 reads=0 bytes=0 open_us=0 read_us=0 max_read_us=0 wall_us=132 scalars=114 lookups=0
2026-10-09T12:15:39.146+00:00 monotonic_ns=12878068821169 INFO - cjk-sd op=prepare gap_after_log_us=2829 opens=1 reads=50 bytes=3035 open_us=161 read_us=55768 max_read_us=2046 wall_us=57182 scalars=114 lookups=0
2026-10-09T12:15:39.148+00:00 monotonic_ns=12878070498271 INFO - reader-sd step=59 outcome=slice state=NeedPage wall_us=129529 text_us=65323 layout_us=3071 visible_us=57879 pause_us=841 logging_us=2129 other_us=286 text_calls=2 layout_calls=1 visible_calls=1
2026-10-09T12:15:39.148+00:00 monotonic_ns=12878071095512 INFO - reader-sd resume step=60 state=NeedPage resumed=true retained_window=false outside_step_us=193 outside_step_known=true previous_step_complete=true
2026-10-09T12:15:39.215+00:00 monotonic_ns=12878138218521 INFO - cjk-sd op=stage gap_after_log_us=68701 opens=0 reads=0 bytes=0 open_us=0 read_us=0 max_read_us=0 wall_us=107 scalars=114 lookups=0
2026-10-09T12:15:39.276+00:00 monotonic_ns=12878199034502 INFO - cjk-sd op=prepare gap_after_log_us=2777 opens=1 reads=43 bytes=2719 open_us=174 read_us=55791 max_read_us=2884 wall_us=57372 scalars=114 lookups=0
2026-10-09T12:15:39.277+00:00 monotonic_ns=12878200022743 INFO - reader-sd step=60 outcome=slice state=NeedPage wall_us=128654 text_us=65484 layout_us=2986 visible_us=58053 pause_us=241 logging_us=1642 other_us=248 text_calls=2 layout_calls=1 visible_calls=1
2026-10-09T12:15:39.278+00:00 monotonic_ns=12878200780704 INFO - reader-sd resume step=61 state=NeedPage resumed=true retained_window=false outside_step_us=186 outside_step_known=true previous_step_complete=true
2026-10-09T12:15:39.345+00:00 monotonic_ns=12878267725772 INFO - cjk-sd op=stage gap_after_log_us=67852 opens=0 reads=0 bytes=0 open_us=0 read_us=0 max_read_us=0 wall_us=105 scalars=114 lookups=0
2026-10-09T12:15:39.376+00:00 monotonic_ns=12878298841219 INFO - cjk-sd op=prepare gap_after_log_us=2780 opens=1 reads=23 bytes=1333 open_us=150 read_us=26305 max_read_us=2102 wall_us=27597 scalars=114 lookups=0
2026-10-09T12:15:39.377+00:00 monotonic_ns=12878299823730 INFO - reader-sd step=61 outcome=ready state=Ready wall_us=98782 text_us=65142 layout_us=2958 visible_us=28291 pause_us=0 logging_us=2078 other_us=313 text_calls=2 layout_calls=1 visible_calls=1
2026-10-09T12:15:39.378+00:00 monotonic_ns=12878301106932 INFO - stats: heap 13/158K peak 42K | stack free 67K hwm 17K | bat 90% 4.0V | up 0:03 | SD:ok
2026-10-09T12:15:39.379+00:00 monotonic_ns=12878301601792 INFO - heap psram: used 15156 B, free 2081996 B, peak 15156 B; reserved 15168 / 1900544 B, peak 15168 B
2026-10-09T12:15:40.195+00:00 monotonic_ns=12879118158870 INFO - display: partial refresh 480x794 at (0, 6) in 816 ms (partial count 2)
2026-10-09T12:15:40.242+00:00 monotonic_ns=12879164387564 INFO - battery: cell 4178 mV, 98% (periodic)
2026-10-09T12:15:40.642+00:00 monotonic_ns=12879564836143 INFO - stats: heap 13/158K peak 42K | stack free 67K hwm 17K | bat 98% 4.1V | up 0:03 | SD:ok
2026-10-09T12:15:40.642+00:00 monotonic_ns=12879565107344 INFO - heap psram: used 15156 B, free 2081996 B, peak 15156 B; reserved 15168 / 1900544 B, peak 15168 B
2026-10-09T12:15:45.642+00:00 monotonic_ns=12884564759117 INFO - stats: heap 13/158K peak 42K | stack free 67K hwm 17K | bat 98% 4.1V | up 0:03 | SD:ok
2026-10-09T12:15:45.642+00:00 monotonic_ns=12884565036127 INFO - heap psram: used 15156 B, free 2081996 B, peak 15156 B; reserved 15168 / 1900544 B, peak 15168 B
2026-10-09T12:15:50.642+00:00 monotonic_ns=12889564801860 INFO - stats: heap 13/158K peak 42K | stack free 67K hwm 17K | bat 98% 4.1V | up 0:03 | SD:ok
2026-10-09T12:15:50.642+00:00 monotonic_ns=12889565053880 INFO - heap psram: used 15156 B, free 2081996 B, peak 15156 B; reserved 15168 / 1900544 B, peak 15168 B
2026-10-09T12:15:53.099+00:00 monotonic_ns=12892021791871 INFO - bookmarks: flushed 6 slots to SD
2026-10-09T12:15:55.642+00:00 monotonic_ns=12894564935854 INFO - stats: heap 13/158K peak 42K | stack free 67K hwm 17K | bat 98% 4.1V | up 0:03 | SD:ok
2026-10-09T12:15:55.642+00:00 monotonic_ns=12894565204264 INFO - heap psram: used 15156 B, free 2081996 B, peak 15156 B; reserved 15168 / 1900544 B, peak 15168 B
2026-10-09T12:16:00.642+00:00 monotonic_ns=12899564836807 INFO - stats: heap 13/158K peak 42K | stack free 67K hwm 17K | bat 98% 4.1V | up 0:03 | SD:ok
2026-10-09T12:16:00.642+00:00 monotonic_ns=12899565101287 INFO - heap psram: used 15156 B, free 2081996 B, peak 15156 B; reserved 15168 / 1900544 B, peak 15168 B
2026-10-09T12:16:05.642+00:00 monotonic_ns=12904564845690 INFO - stats: heap 13/158K peak 42K | stack free 67K hwm 17K | bat 98% 4.1V | up 0:03 | SD:ok
2026-10-09T12:16:05.642+00:00 monotonic_ns=12904565098281 INFO - heap psram: used 15156 B, free 2081996 B, peak 15156 B; reserved 15168 / 1900544 B, peak 15168 B
2026-10-09T12:16:10.242+00:00 monotonic_ns=12909164590244 INFO - battery: cell 4102 mV, 93% (periodic)
2026-10-09T12:16:10.642+00:00 monotonic_ns=12909564878144 INFO - stats: heap 13/158K peak 42K | stack free 67K hwm 17K | bat 93% 4.1V | up 0:04 | SD:ok
2026-10-09T12:16:10.642+00:00 monotonic_ns=12909565113064 INFO - heap psram: used 15156 B, free 2081996 B, peak 15156 B; reserved 15168 / 1900544 B, peak 15168 B
2026-10-09T12:16:15.642+00:00 monotonic_ns=12914564905657 INFO - stats: heap 13/158K peak 42K | stack free 67K hwm 17K | bat 93% 4.1V | up 0:04 | SD:ok
2026-10-09T12:16:15.642+00:00 monotonic_ns=12914565172717 INFO - heap psram: used 15156 B, free 2081996 B, peak 15156 B; reserved 15168 / 1900544 B, peak 15168 B
2026-10-09T12:16:20.642+00:00 monotonic_ns=12919564924510 INFO - stats: heap 13/158K peak 42K | stack free 67K hwm 17K | bat 93% 4.1V | up 0:04 | SD:ok
2026-10-09T12:16:20.642+00:00 monotonic_ns=12919565235061 INFO - heap psram: used 15156 B, free 2081996 B, peak 15156 B; reserved 15168 / 1900544 B, peak 15168 B
2026-10-09T12:16:25.642+00:00 monotonic_ns=12924564930264 INFO - stats: heap 13/158K peak 42K | stack free 67K hwm 17K | bat 93% 4.1V | up 0:04 | SD:ok
2026-10-09T12:16:25.642+00:00 monotonic_ns=12924565214234 INFO - heap psram: used 15156 B, free 2081996 B, peak 15156 B; reserved 15168 / 1900544 B, peak 15168 B
2026-10-09T12:16:30.642+00:00 monotonic_ns=12929564938097 INFO - stats: heap 13/158K peak 42K | stack free 67K hwm 17K | bat 93% 4.1V | up 0:04 | SD:ok
2026-10-09T12:16:30.642+00:00 monotonic_ns=12929565218887 INFO - heap psram: used 15156 B, free 2081996 B, peak 15156 B; reserved 15168 / 1900544 B, peak 15168 B
2026-10-09T12:16:35.642+00:00 monotonic_ns=12934564965721 INFO - stats: heap 13/158K peak 42K | stack free 67K hwm 17K | bat 93% 4.1V | up 0:04 | SD:ok
2026-10-09T12:16:35.642+00:00 monotonic_ns=12934565252691 INFO - heap psram: used 15156 B, free 2081996 B, peak 15156 B; reserved 15168 / 1900544 B, peak 15168 B
2026-10-09T12:16:40.242+00:00 monotonic_ns=12939164629395 INFO - battery: cell 4078 mV, 91% (periodic)
2026-10-09T12:16:40.642+00:00 monotonic_ns=12939564980514 INFO - stats: heap 13/158K peak 42K | stack free 67K hwm 17K | bat 91% 4.0V | up 0:04 | SD:ok
2026-10-09T12:16:40.642+00:00 monotonic_ns=12939565244274 INFO - heap psram: used 15156 B, free 2081996 B, peak 15156 B; reserved 15168 / 1900544 B, peak 15168 B
2026-10-09T12:16:45.642+00:00 monotonic_ns=12944565024127 INFO - stats: heap 13/158K peak 42K | stack free 67K hwm 17K | bat 91% 4.0V | up 0:04 | SD:ok
2026-10-09T12:16:45.643+00:00 monotonic_ns=12944565332298 INFO - heap psram: used 15156 B, free 2081996 B, peak 15156 B; reserved 15168 / 1900544 B, peak 15168 B
2026-10-09T12:16:50.642+00:00 monotonic_ns=12949565048361 INFO - stats: heap 13/158K peak 42K | stack free 67K hwm 17K | bat 91% 4.0V | up 0:04 | SD:ok
2026-10-09T12:16:50.643+00:00 monotonic_ns=12949565269271 INFO - heap psram: used 15156 B, free 2081996 B, peak 15156 B; reserved 15168 / 1900544 B, peak 15168 B
2026-10-09T12:16:55.642+00:00 monotonic_ns=12954565045964 INFO - stats: heap 13/158K peak 42K | stack free 67K hwm 17K | bat 91% 4.0V | up 0:04 | SD:ok
2026-10-09T12:16:55.643+00:00 monotonic_ns=12954565268194 INFO - heap psram: used 15156 B, free 2081996 B, peak 15156 B; reserved 15168 / 1900544 B, peak 15168 B
2026-10-09T12:17:00.642+00:00 monotonic_ns=12959565093227 INFO - stats: heap 13/158K peak 42K | stack free 67K hwm 17K | bat 91% 4.0V | up 0:04 | SD:ok
2026-10-09T12:17:00.643+00:00 monotonic_ns=12959565315748 INFO - heap psram: used 15156 B, free 2081996 B, peak 15156 B; reserved 15168 / 1900544 B, peak 15168 B
2026-10-09T12:17:05.642+00:00 monotonic_ns=12964565069541 INFO - stats: heap 13/158K peak 42K | stack free 67K hwm 17K | bat 91% 4.0V | up 0:04 | SD:ok
2026-10-09T12:17:05.643+00:00 monotonic_ns=12964565365271 INFO - heap psram: used 15156 B, free 2081996 B, peak 15156 B; reserved 15168 / 1900544 B, peak 15168 B
2026-10-09T12:17:10.242+00:00 monotonic_ns=12969164779445 INFO - battery: cell 4112 mV, 93% (periodic)
2026-10-09T12:17:10.642+00:00 monotonic_ns=12969565058824 INFO - stats: heap 13/158K peak 42K | stack free 67K hwm 17K | bat 93% 4.1V | up 0:05 | SD:ok
2026-10-09T12:17:10.643+00:00 monotonic_ns=12969565291914 INFO - heap psram: used 15156 B, free 2081996 B, peak 15156 B; reserved 15168 / 1900544 B, peak 15168 B
2026-10-09T12:17:15.642+00:00 monotonic_ns=12974565094418 INFO - stats: heap 13/158K peak 42K | stack free 67K hwm 17K | bat 93% 4.1V | up 0:05 | SD:ok
2026-10-09T12:17:15.643+00:00 monotonic_ns=12974565375098 INFO - heap psram: used 15156 B, free 2081996 B, peak 15156 B; reserved 15168 / 1900544 B, peak 15168 B
2026-10-09T12:17:20.642+00:00 monotonic_ns=12979565073731 INFO - stats: heap 13/158K peak 42K | stack free 67K hwm 17K | bat 93% 4.1V | up 0:05 | SD:ok
2026-10-09T12:17:20.643+00:00 monotonic_ns=12979565332981 INFO - heap psram: used 15156 B, free 2081996 B, peak 15156 B; reserved 15168 / 1900544 B, peak 15168 B
2026-10-09T12:17:25.642+00:00 monotonic_ns=12984565081534 INFO - stats: heap 13/158K peak 42K | stack free 67K hwm 17K | bat 93% 4.1V | up 0:05 | SD:ok
2026-10-09T12:17:25.643+00:00 monotonic_ns=12984565370655 INFO - heap psram: used 15156 B, free 2081996 B, peak 15156 B; reserved 15168 / 1900544 B, peak 15168 B
2026-10-09T12:17:30.642+00:00 monotonic_ns=12989565090698 INFO - stats: heap 13/158K peak 42K | stack free 67K hwm 17K | bat 93% 4.1V | up 0:05 | SD:ok
2026-10-09T12:17:30.643+00:00 monotonic_ns=12989565350838 INFO - heap psram: used 15156 B, free 2081996 B, peak 15156 B; reserved 15168 / 1900544 B, peak 15168 B
2026-10-09T12:17:35.642+00:00 monotonic_ns=12994565092361 INFO - stats: heap 13/158K peak 42K | stack free 67K hwm 17K | bat 93% 4.1V | up 0:05 | SD:ok
2026-10-09T12:17:35.643+00:00 monotonic_ns=12994565356581 INFO - heap psram: used 15156 B, free 2081996 B, peak 15156 B; reserved 15168 / 1900544 B, peak 15168 B
2026-10-09T12:17:40.242+00:00 monotonic_ns=12999164818765 INFO - battery: cell 4098 mV, 92% (periodic)
2026-10-09T12:17:40.642+00:00 monotonic_ns=12999565102114 INFO - stats: heap 13/158K peak 42K | stack free 67K hwm 17K | bat 92% 4.0V | up 0:05 | SD:ok
2026-10-09T12:17:40.643+00:00 monotonic_ns=12999565355675 INFO - heap psram: used 15156 B, free 2081996 B, peak 15156 B; reserved 15168 / 1900544 B, peak 15168 B
2026-10-09T12:17:45.642+00:00 monotonic_ns=13004565111258 INFO - stats: heap 13/158K peak 42K | stack free 67K hwm 17K | bat 92% 4.0V | up 0:05 | SD:ok
2026-10-09T12:17:45.643+00:00 monotonic_ns=13004565361838 INFO - heap psram: used 15156 B, free 2081996 B, peak 15156 B; reserved 15168 / 1900544 B, peak 15168 B
2026-10-09T12:17:50.642+00:00 monotonic_ns=13009565120651 INFO - stats: heap 13/158K peak 42K | stack free 67K hwm 17K | bat 92% 4.0V | up 0:05 | SD:ok
2026-10-09T12:17:50.643+00:00 monotonic_ns=13009565390431 INFO - heap psram: used 15156 B, free 2081996 B, peak 15156 B; reserved 15168 / 1900544 B, peak 15168 B
2026-10-09T12:17:55.642+00:00 monotonic_ns=13014565124355 INFO - stats: heap 13/158K peak 42K | stack free 67K hwm 17K | bat 92% 4.0V | up 0:05 | SD:ok
2026-10-09T12:17:55.643+00:00 monotonic_ns=13014565421735 INFO - heap psram: used 15156 B, free 2081996 B, peak 15156 B; reserved 15168 / 1900544 B, peak 15168 B
2026-10-09T12:18:00.642+00:00 monotonic_ns=13019565143678 INFO - stats: heap 13/158K peak 42K | stack free 67K hwm 17K | bat 92% 4.0V | up 0:05 | SD:ok
2026-10-09T12:18:00.643+00:00 monotonic_ns=13019565406738 INFO - heap psram: used 15156 B, free 2081996 B, peak 15156 B; reserved 15168 / 1900544 B, peak 15168 B
2026-10-09T12:18:05.642+00:00 monotonic_ns=13024565164731 INFO - stats: heap 13/158K peak 42K | stack free 67K hwm 17K | bat 92% 4.0V | up 0:05 | SD:ok
2026-10-09T12:18:05.643+00:00 monotonic_ns=13024565433442 INFO - heap psram: used 15156 B, free 2081996 B, peak 15156 B; reserved 15168 / 1900544 B, peak 15168 B
2026-10-09T12:18:10.242+00:00 monotonic_ns=13029164851345 INFO - battery: cell 4080 mV, 91% (periodic)
2026-10-09T12:18:10.642+00:00 monotonic_ns=13029565183025 INFO - stats: heap 13/158K peak 42K | stack free 67K hwm 17K | bat 91% 4.0V | up 0:06 | SD:ok
2026-10-09T12:18:10.643+00:00 monotonic_ns=13029565454635 INFO - heap psram: used 15156 B, free 2081996 B, peak 15156 B; reserved 15168 / 1900544 B, peak 15168 B
2026-10-09T12:18:15.642+00:00 monotonic_ns=13034565210718 INFO - stats: heap 13/158K peak 42K | stack free 67K hwm 17K | bat 91% 4.0V | up 0:06 | SD:ok
2026-10-09T12:18:15.643+00:00 monotonic_ns=13034565669259 INFO - heap psram: used 15156 B, free 2081996 B, peak 15156 B; reserved 15168 / 1900544 B, peak 15168 B
2026-10-09T12:18:20.642+00:00 monotonic_ns=13039565229681 INFO - stats: heap 13/158K peak 42K | stack free 67K hwm 17K | bat 91% 4.0V | up 0:06 | SD:ok
2026-10-09T12:18:20.643+00:00 monotonic_ns=13039565686562 INFO - heap psram: used 15156 B, free 2081996 B, peak 15156 B; reserved 15168 / 1900544 B, peak 15168 B
2026-10-09T12:18:25.642+00:00 monotonic_ns=13044565279495 INFO - stats: heap 13/158K peak 42K | stack free 67K hwm 17K | bat 91% 4.0V | up 0:06 | SD:ok
2026-10-09T12:18:25.643+00:00 monotonic_ns=13044565709625 INFO - heap psram: used 15156 B, free 2081996 B, peak 15156 B; reserved 15168 / 1900544 B, peak 15168 B
2026-10-09T12:18:30.642+00:00 monotonic_ns=13049565281608 INFO - stats: heap 13/158K peak 42K | stack free 67K hwm 17K | bat 91% 4.0V | up 0:06 | SD:ok
2026-10-09T12:18:30.643+00:00 monotonic_ns=13049565740788 INFO - heap psram: used 15156 B, free 2081996 B, peak 15156 B; reserved 15168 / 1900544 B, peak 15168 B
2026-10-09T12:18:35.643+00:00 monotonic_ns=13054565285591 INFO - stats: heap 13/158K peak 42K | stack free 67K hwm 17K | bat 91% 4.0V | up 0:06 | SD:ok
2026-10-09T12:18:35.643+00:00 monotonic_ns=13054565713352 INFO - heap psram: used 15156 B, free 2081996 B, peak 15156 B; reserved 15168 / 1900544 B, peak 15168 B
2026-10-09T12:18:40.242+00:00 monotonic_ns=13059164953156 INFO - battery: cell 4160 mV, 97% (periodic)
2026-10-09T12:18:40.643+00:00 monotonic_ns=13059565315215 INFO - stats: heap 13/158K peak 42K | stack free 67K hwm 17K | bat 97% 4.1V | up 0:06 | SD:ok
2026-10-09T12:18:40.643+00:00 monotonic_ns=13059565728496 INFO - heap psram: used 15156 B, free 2081996 B, peak 15156 B; reserved 15168 / 1900544 B, peak 15168 B
2026-10-09T12:18:45.643+00:00 monotonic_ns=13064565363558 INFO - stats: heap 13/158K peak 42K | stack free 67K hwm 17K | bat 97% 4.1V | up 0:06 | SD:ok
2026-10-09T12:18:45.643+00:00 monotonic_ns=13064565775699 INFO - heap psram: used 15156 B, free 2081996 B, peak 15156 B; reserved 15168 / 1900544 B, peak 15168 B
2026-10-09T12:18:50.643+00:00 monotonic_ns=13069565352442 INFO - stats: heap 13/158K peak 42K | stack free 67K hwm 17K | bat 97% 4.1V | up 0:06 | SD:ok
2026-10-09T12:18:50.643+00:00 monotonic_ns=13069565802092 INFO - heap psram: used 15156 B, free 2081996 B, peak 15156 B; reserved 15168 / 1900544 B, peak 15168 B
2026-10-09T12:18:55.643+00:00 monotonic_ns=13074565378335 INFO - stats: heap 13/158K peak 42K | stack free 67K hwm 17K | bat 97% 4.1V | up 0:06 | SD:ok
2026-10-09T12:18:55.643+00:00 monotonic_ns=13074565803026 INFO - heap psram: used 15156 B, free 2081996 B, peak 15156 B; reserved 15168 / 1900544 B, peak 15168 B
2026-10-09T12:19:00.643+00:00 monotonic_ns=13079565394878 INFO - stats: heap 13/158K peak 42K | stack free 67K hwm 17K | bat 97% 4.1V | up 0:06 | SD:ok
2026-10-09T12:19:00.643+00:00 monotonic_ns=13079565837379 INFO - heap psram: used 15156 B, free 2081996 B, peak 15156 B; reserved 15168 / 1900544 B, peak 15168 B
2026-10-09T12:19:01.368+00:00 monotonic_ns=13080290385588 INFO - app: Reader -> Files
2026-10-09T12:19:01.368+00:00 monotonic_ns=13080290866259 INFO - bookmark: cached off=759 ch=0 gen=17 for "ZH2.TXT"
2026-10-09T12:19:01.369+00:00 monotonic_ns=13080291755280 INFO - font: size_idx=2 line_h=49 (native 31 x 160%) ascent=25 max_lines=15 margin=40
2026-10-09T12:19:01.369+00:00 monotonic_ns=13080292096890 INFO - font: size_idx=2 line_h=49 (native 31 x 160%) ascent=25 max_lines=15 margin=40
2026-10-09T12:19:01.371+00:00 monotonic_ns=13080293347092 INFO - stats: heap 1/158K peak 42K | stack free 67K hwm 17K | bat 97% 4.1V | up 0:06 | SD:ok
2026-10-09T12:19:01.371+00:00 monotonic_ns=13080293810222 INFO - heap psram: used 8192 B, free 2088960 B, peak 15156 B; reserved 8192 / 1900544 B, peak 15168 B
2026-10-09T12:19:01.406+00:00 monotonic_ns=13080329064904 INFO - cjk-sd op=stage gap_after_log_us=201994920 opens=1 reads=25 bytes=2090 open_us=152 read_us=32802 max_read_us=2146 wall_us=33636 scalars=3 lookups=3
2026-10-09T12:19:01.416+00:00 monotonic_ns=13080339045406 INFO - cjk-sd op=prepare gap_after_log_us=156 opens=1 reads=4 bytes=360 open_us=131 read_us=8194 max_read_us=2875 wall_us=9133 scalars=3 lookups=0
2026-10-09T12:19:02.212+00:00 monotonic_ns=13081134297318 INFO - display: partial refresh 480x800 at (0, 0) in 794 ms (partial count 3)
2026-10-09T12:19:02.558+00:00 monotonic_ns=13081480959325 INFO - app: Files -> Home
2026-10-09T12:19:02.559+00:00 monotonic_ns=13081481497285 INFO - font: size_idx=2 line_h=49 (native 31 x 160%) ascent=25 max_lines=15 margin=40
2026-10-09T12:19:02.559+00:00 monotonic_ns=13081482011246 INFO - font: size_idx=2 line_h=49 (native 31 x 160%) ascent=25 max_lines=15 margin=40
2026-10-09T12:19:02.688+00:00 monotonic_ns=13081610304977 INFO - stats: heap 1/158K peak 42K | stack free 67K hwm 17K | bat 97% 4.1V | up 0:06 | SD:ok
2026-10-09T12:19:02.688+00:00 monotonic_ns=13081610749787 INFO - heap psram: used 8192 B, free 2088960 B, peak 15156 B; reserved 8192 / 1900544 B, peak 15168 B
2026-10-09T12:19:02.689+00:00 monotonic_ns=13081611451408 INFO - cjk-sd op=stage gap_after_log_us=1271921 opens=0 reads=0 bytes=0 open_us=0 read_us=0 max_read_us=0 wall_us=36 scalars=0 lookups=0
2026-10-09T12:19:02.689+00:00 monotonic_ns=13081612206399 INFO - cjk-sd op=prepare gap_after_log_us=50 opens=0 reads=0 bytes=0 open_us=0 read_us=0 max_read_us=0 wall_us=63 scalars=0 lookups=0
2026-10-09T12:19:03.464+00:00 monotonic_ns=13082387059737 INFO - display: partial refresh 480x800 at (0, 0) in 774 ms (partial count 4)
2026-10-09T12:19:05.356+00:00 monotonic_ns=13084278971326 INFO - stats: heap 1/158K peak 42K | stack free 67K hwm 17K | bat 97% 4.1V | up 0:06 | SD:ok
2026-10-09T12:19:05.356+00:00 monotonic_ns=13084279240886 INFO - heap psram: used 8192 B, free 2088960 B, peak 15156 B; reserved 8192 / 1900544 B, peak 15168 B
2026-10-09T12:19:06.011+00:00 monotonic_ns=13084934236614 INFO - display: partial refresh 280x118 at (100, 87) in 654 ms (partial count 5)
2026-10-09T12:19:06.013+00:00 monotonic_ns=13084935899566 INFO - stats: heap 1/158K peak 42K | stack free 67K hwm 17K | bat 97% 4.1V | up 0:06 | SD:ok
2026-10-09T12:19:06.013+00:00 monotonic_ns=13084936195477 INFO - heap psram: used 8192 B, free 2088960 B, peak 15156 B; reserved 8192 / 1900544 B, peak 15168 B
2026-10-09T12:19:06.540+00:00 monotonic_ns=13085463265995 INFO - stats: heap 1/158K peak 42K | stack free 67K hwm 17K | bat 97% 4.1V | up 0:06 | SD:ok
2026-10-09T12:19:06.541+00:00 monotonic_ns=13085463701805 INFO - heap psram: used 8192 B, free 2088960 B, peak 15156 B; reserved 8192 / 1900544 B, peak 15168 B
2026-10-09T12:19:07.196+00:00 monotonic_ns=13086119108764 INFO - display: partial refresh 280x118 at (100, 153) in 655 ms (partial count 6)
2026-10-09T12:19:07.665+00:00 monotonic_ns=13086588200164 INFO - stats: heap 1/158K peak 42K | stack free 67K hwm 17K | bat 97% 4.1V | up 0:06 | SD:ok
2026-10-09T12:19:07.666+00:00 monotonic_ns=13086588487664 INFO - heap psram: used 8192 B, free 2088960 B, peak 15156 B; reserved 8192 / 1900544 B, peak 15168 B
2026-10-09T12:19:08.321+00:00 monotonic_ns=13087244082403 INFO - display: partial refresh 280x118 at (100, 219) in 655 ms (partial count 7)
2026-10-09T12:19:09.861+00:00 monotonic_ns=13088783881399 INFO - app: Home -> Settings
2026-10-09T12:19:09.862+00:00 monotonic_ns=13088784340079 INFO - font: size_idx=2 line_h=49 (native 31 x 160%) ascent=25 max_lines=15 margin=40
2026-10-09T12:19:09.862+00:00 monotonic_ns=13088784866130 INFO - font: size_idx=2 line_h=49 (native 31 x 160%) ascent=25 max_lines=15 margin=40
2026-10-09T12:19:09.863+00:00 monotonic_ns=13088786200312 INFO - stats: heap 1/158K peak 42K | stack free 67K hwm 17K | bat 97% 4.1V | up 0:07 | SD:ok
2026-10-09T12:19:09.864+00:00 monotonic_ns=13088786506632 INFO - heap psram: used 8192 B, free 2088960 B, peak 15156 B; reserved 8192 / 1900544 B, peak 15168 B
2026-10-09T12:19:09.865+00:00 monotonic_ns=13088787311383 INFO - cjk-sd op=stage gap_after_log_us=7174655 opens=0 reads=0 bytes=0 open_us=0 read_us=0 max_read_us=0 wall_us=32 scalars=0 lookups=0
2026-10-09T12:19:09.865+00:00 monotonic_ns=13088788015164 INFO - cjk-sd op=prepare gap_after_log_us=40 opens=0 reads=0 bytes=0 open_us=0 read_us=0 max_read_us=0 wall_us=43 scalars=0 lookups=0
2026-10-09T12:19:13.763+00:00 monotonic_ns=13092686193615 INFO - battery: cell 4182 mV, 98% (periodic)
2026-10-09T12:19:13.765+00:00 monotonic_ns=13092687292676 INFO - stats: heap 1/158K peak 42K | stack free 67K hwm 17K | bat 98% 4.1V | up 0:07 | SD:ok
2026-10-09T12:19:13.765+00:00 monotonic_ns=13092687800247 INFO - heap psram: used 8192 B, free 2088960 B, peak 15156 B; reserved 8192 / 1900544 B, peak 15168 B
2026-10-09T12:19:13.780+00:00 monotonic_ns=13092703222535 INFO - stats: heap 1/158K peak 42K | stack free 67K hwm 17K | bat 98% 4.1V | up 0:07 | SD:ok
2026-10-09T12:19:13.781+00:00 monotonic_ns=13092703519365 INFO - heap psram: used 8192 B, free 2088960 B, peak 15156 B; reserved 8192 / 1900544 B, peak 15168 B
2026-10-09T12:19:14.441+00:00 monotonic_ns=13093364172040 INFO - display: partial refresh 448x86 at (16, 67) in 660 ms (partial count 1)
2026-10-09T12:19:14.493+00:00 monotonic_ns=13093416263961 INFO - stats: heap 1/158K peak 42K | stack free 67K hwm 17K | bat 98% 4.1V | up 0:07 | SD:ok
2026-10-09T12:19:14.494+00:00 monotonic_ns=13093416725441 INFO - heap psram: used 8192 B, free 2088960 B, peak 15156 B; reserved 8192 / 1900544 B, peak 15168 B
2026-10-09T12:19:15.153+00:00 monotonic_ns=13094075340294 INFO - display: partial refresh 448x86 at (16, 113) in 658 ms (partial count 2)
2026-10-09T12:19:15.643+00:00 monotonic_ns=13094565523368 INFO - stats: heap 1/158K peak 42K | stack free 67K hwm 17K | bat 98% 4.1V | up 0:07 | SD:ok
2026-10-09T12:19:15.643+00:00 monotonic_ns=13094565975669 INFO - heap psram: used 8192 B, free 2088960 B, peak 15156 B; reserved 8192 / 1900544 B, peak 15168 B
2026-10-09T12:19:16.729+00:00 monotonic_ns=13095652227083 INFO - settings: saved to SETTINGS.TXT
2026-10-09T12:19:16.731+00:00 monotonic_ns=13095653512564 INFO - stats: heap 1/158K peak 42K | stack free 67K hwm 17K | bat 98% 4.1V | up 0:07 | SD:ok
2026-10-09T12:19:16.731+00:00 monotonic_ns=13095654018445 INFO - heap psram: used 8192 B, free 2088960 B, peak 15156 B; reserved 8192 / 1900544 B, peak 15168 B
2026-10-09T12:19:17.380+00:00 monotonic_ns=13096302281755 INFO - display: partial refresh 280x40 at (184, 159) in 647 ms (partial count 3)
2026-10-09T12:19:18.475+00:00 monotonic_ns=13097397528420 INFO - settings: saved to SETTINGS.TXT
2026-10-09T12:19:18.476+00:00 monotonic_ns=13097398955451 INFO - stats: heap 1/158K peak 42K | stack free 67K hwm 17K | bat 98% 4.1V | up 0:07 | SD:ok
2026-10-09T12:19:18.477+00:00 monotonic_ns=13097399271932 INFO - heap psram: used 8192 B, free 2088960 B, peak 15156 B; reserved 8192 / 1900544 B, peak 15168 B
2026-10-09T12:19:19.125+00:00 monotonic_ns=13098047807922 INFO - display: partial refresh 280x40 at (184, 159) in 647 ms (partial count 4)
2026-10-09T12:19:19.451+00:00 monotonic_ns=13098374055425 INFO - app: Settings -> Home
2026-10-09T12:19:19.452+00:00 monotonic_ns=13098374450315 INFO - font: size_idx=0 line_h=35 (native 22 x 160%) ascent=17 max_lines=21 margin=40
2026-10-09T12:19:19.452+00:00 monotonic_ns=13098374987726 INFO - font: size_idx=0 line_h=35 (native 22 x 160%) ascent=17 max_lines=21 margin=40
2026-10-09T12:19:19.580+00:00 monotonic_ns=13098503138186 INFO - stats: heap 1/158K peak 42K | stack free 67K hwm 17K | bat 98% 4.1V | up 0:07 | SD:ok
2026-10-09T12:19:19.581+00:00 monotonic_ns=13098503408386 INFO - heap psram: used 8192 B, free 2088960 B, peak 15156 B; reserved 8192 / 1900544 B, peak 15168 B
2026-10-09T12:19:19.581+00:00 monotonic_ns=13098504170187 INFO - cjk-sd op=stage gap_after_log_us=9715481 opens=0 reads=0 bytes=0 open_us=0 read_us=0 max_read_us=0 wall_us=45 scalars=0 lookups=0
2026-10-09T12:19:19.582+00:00 monotonic_ns=13098504931418 INFO - cjk-sd op=prepare gap_after_log_us=55 opens=0 reads=0 bytes=0 open_us=0 read_us=0 max_read_us=0 wall_us=66 scalars=0 lookups=0
2026-10-09T12:19:20.358+00:00 monotonic_ns=13099280803288 INFO - display: partial refresh 480x800 at (0, 0) in 775 ms (partial count 5)
2026-10-09T12:19:20.643+00:00 monotonic_ns=13099565672612 INFO - stats: heap 1/158K peak 42K | stack free 67K hwm 17K | bat 98% 4.1V | up 0:07 | SD:ok
2026-10-09T12:19:20.643+00:00 monotonic_ns=13099566040053 INFO - heap psram: used 8192 B, free 2088960 B, peak 15156 B; reserved 8192 / 1900544 B, peak 15168 B
2026-10-09T12:19:20.898+00:00 monotonic_ns=13099820925311 INFO - app: Home -> Reader
2026-10-09T12:19:20.899+00:00 monotonic_ns=13099821340552 INFO - font: size_idx=0 line_h=35 (native 22 x 160%) ascent=17 max_lines=21 margin=40
2026-10-09T12:19:20.899+00:00 monotonic_ns=13099821841582 INFO - font: size_idx=0 line_h=35 (native 22 x 160%) ascent=17 max_lines=21 margin=40
2026-10-09T12:19:20.899+00:00 monotonic_ns=13099822121103 INFO - [work] reset -> gen 5
2026-10-09T12:19:20.900+00:00 monotonic_ns=13099822621133 INFO - font: size_idx=0 line_h=35 (native 22 x 160%) ascent=17 max_lines=21 margin=40
2026-10-09T12:19:20.900+00:00 monotonic_ns=13099822840734 INFO - reader: opening ZH2.TXT
2026-10-09T12:19:20.901+00:00 monotonic_ns=13099823371644 INFO - reader-sd resume step=62 state=NeedBookmark resumed=false retained_window=false outside_step_us=221522272 outside_step_known=true previous_step_complete=true
2026-10-09T12:19:20.901+00:00 monotonic_ns=13099823843235 INFO - bookmark: restoring off=759 ch=0 for ZH2.TXT
2026-10-09T12:19:21.105+00:00 monotonic_ns=13100027343243 INFO - reader: opened ZH2.TXT (1189 bytes)
2026-10-09T12:19:21.316+00:00 monotonic_ns=13100238569741 INFO - cjk: lookup 1/247 glyphs, about 50246 ms left
2026-10-09T12:19:21.316+00:00 monotonic_ns=13100239177262 INFO - cjk-sd op=stage gap_after_log_us=1528846 opens=1 reads=12 bytes=528 open_us=189751 read_us=13879 max_read_us=2050 wall_us=204760 scalars=247 lookups=1
2026-10-09T12:19:21.318+00:00 monotonic_ns=13100240270613 INFO - reader-sd step=62 outcome=slice state=NeedPage wall_us=416579 text_us=65788 layout_us=211212 visible_us=0 pause_us=150 logging_us=1087 other_us=138342 text_calls=1 layout_calls=1 visible_calls=0
2026-10-09T12:19:21.319+00:00 monotonic_ns=13100241802455 INFO - stats: heap 10/158K peak 42K | stack free 67K hwm 17K | bat 98% 4.1V | up 0:07 | SD:ok
2026-10-09T12:19:21.319+00:00 monotonic_ns=13100242147845 INFO - heap psram: used 8192 B, free 2088960 B, peak 15156 B; reserved 8192 / 1900544 B, peak 15168 B
2026-10-09T12:19:21.320+00:00 monotonic_ns=13100242963336 INFO - cjk-sd op=stage gap_after_log_us=3152 opens=0 reads=0 bytes=0 open_us=0 read_us=0 max_read_us=0 wall_us=6 scalars=0 lookups=0
2026-10-09T12:19:21.321+00:00 monotonic_ns=13100243485677 INFO - cjk-sd op=prepare gap_after_log_us=51 opens=0 reads=0 bytes=0 open_us=0 read_us=0 max_read_us=0 wall_us=50 scalars=0 lookups=0
2026-10-09T12:19:25.215+00:00 monotonic_ns=13104138260494 INFO - reader-sd resume step=63 state=NeedPage resumed=true retained_window=true outside_step_us=3897221 outside_step_known=true previous_step_complete=true
2026-10-09T12:19:25.280+00:00 monotonic_ns=13104202313189 INFO - cjk-sd op=stage gap_after_log_us=3896717 opens=1 reads=63 bytes=7260 open_us=133 read_us=60261 max_read_us=2056 wall_us=61423 scalars=247 lookups=27
2026-10-09T12:19:25.281+00:00 monotonic_ns=13104203320431 INFO - reader-sd step=63 outcome=slice state=NeedPage wall_us=65053 text_us=60 layout_us=63314 visible_us=0 pause_us=204 logging_us=1233 other_us=242 text_calls=1 layout_calls=1 visible_calls=0
2026-10-09T12:19:25.418+00:00 monotonic_ns=13104340960752 INFO - bookmarks: flushed 6 slots to SD
2026-10-09T12:19:25.419+00:00 monotonic_ns=13104341536582 INFO - reader-sd resume step=64 state=NeedPage resumed=true retained_window=true outside_step_us=137779 outside_step_known=true previous_step_complete=true
2026-10-09T12:19:25.482+00:00 monotonic_ns=13104405069087 INFO - cjk: lookup 55/247 glyphs, about 433 ms left
2026-10-09T12:19:25.483+00:00 monotonic_ns=13104405537138 INFO - cjk-sd op=stage gap_after_log_us=141378 opens=1 reads=66 bytes=7216 open_us=92 read_us=60030 max_read_us=2034 wall_us=61464 scalars=247 lookups=27
2026-10-09T12:19:25.484+00:00 monotonic_ns=13104407264510 INFO - reader-sd step=64 outcome=slice state=NeedPage wall_us=65450 text_us=98 layout_us=63360 visible_us=0 pause_us=857 logging_us=926 other_us=209 text_calls=1 layout_calls=1 visible_calls=0
2026-10-09T12:19:25.485+00:00 monotonic_ns=13104408084401 INFO - reader-sd resume step=65 state=NeedPage resumed=true retained_window=true outside_step_us=218 outside_step_known=true previous_step_complete=true
2026-10-09T12:19:25.549+00:00 monotonic_ns=13104472128736 INFO - cjk-sd op=stage gap_after_log_us=4418 opens=1 reads=69 bytes=6556 open_us=68 read_us=60454 max_read_us=1961 wall_us=61412 scalars=247 lookups=24
2026-10-09T12:19:25.550+00:00 monotonic_ns=13104473104427 INFO - reader-sd step=65 outcome=slice state=NeedPage wall_us=64899 text_us=32 layout_us=63200 visible_us=0 pause_us=196 logging_us=1324 other_us=147 text_calls=1 layout_calls=1 visible_calls=0
2026-10-09T12:19:25.551+00:00 monotonic_ns=13104473782658 INFO - reader-sd resume step=66 state=NeedPage resumed=true retained_window=true outside_step_us=137 outside_step_known=true previous_step_complete=true
2026-10-09T12:19:25.619+00:00 monotonic_ns=13104542192208 INFO - cjk-sd op=stage gap_after_log_us=3588 opens=1 reads=71 bytes=7898 open_us=43 read_us=64793 max_read_us=3695 wall_us=65750 scalars=247 lookups=30
2026-10-09T12:19:25.621+00:00 monotonic_ns=13104543439000 INFO - reader-sd step=66 outcome=slice state=NeedPage wall_us=69664 text_us=27 layout_us=67557 visible_us=0 pause_us=625 logging_us=1317 other_us=138 text_calls=1 layout_calls=1 visible_calls=0
2026-10-09T12:19:25.621+00:00 monotonic_ns=13104544168751 INFO - reader-sd resume step=67 state=NeedPage resumed=true retained_window=true outside_step_us=135 outside_step_known=true previous_step_complete=true
2026-10-09T12:19:25.685+00:00 monotonic_ns=13104607805535 INFO - cjk-sd op=stage gap_after_log_us=3798 opens=1 reads=73 bytes=6908 open_us=51 read_us=60104 max_read_us=2964 wall_us=61077 scalars=247 lookups=28
2026-10-09T12:19:25.686+00:00 monotonic_ns=13104608767886 INFO - reader-sd step=67 outcome=slice state=NeedPage wall_us=64460 text_us=32 layout_us=62852 visible_us=0 pause_us=192 logging_us=1234 other_us=150 text_calls=1 layout_calls=1 visible_calls=0
2026-10-09T12:19:25.687+00:00 monotonic_ns=13104609273857 INFO - reader-sd resume step=68 state=NeedPage resumed=true retained_window=true outside_step_us=131 outside_step_known=true previous_step_complete=true
2026-10-09T12:19:25.753+00:00 monotonic_ns=13104675470624 INFO - cjk-sd op=stage gap_after_log_us=3372 opens=1 reads=64 bytes=5324 open_us=51 read_us=62927 max_read_us=2032 wall_us=63720 scalars=247 lookups=18
2026-10-09T12:19:25.754+00:00 monotonic_ns=13104676970436 INFO - reader-sd step=68 outcome=slice state=NeedPage wall_us=67324 text_us=35 layout_us=65511 visible_us=0 pause_us=694 logging_us=946 other_us=138 text_calls=1 layout_calls=1 visible_calls=0
2026-10-09T12:19:25.756+00:00 monotonic_ns=13104678295628 INFO - stats: heap 10/158K peak 42K | stack free 67K hwm 17K | bat 98% 4.1V | up 0:07 | SD:ok
2026-10-09T12:19:25.756+00:00 monotonic_ns=13104678803558 INFO - heap psram: used 8192 B, free 2088960 B, peak 15156 B; reserved 8192 / 1900544 B, peak 15168 B
2026-10-09T12:19:25.756+00:00 monotonic_ns=13104679237239 INFO - reader-sd resume step=69 state=NeedPage resumed=true retained_window=true outside_step_us=1875 outside_step_known=true previous_step_complete=true
2026-10-09T12:19:25.820+00:00 monotonic_ns=13104742432773 INFO - cjk-sd op=stage gap_after_log_us=5680 opens=1 reads=65 bytes=4686 open_us=68 read_us=59764 max_read_us=2013 wall_us=60627 scalars=247 lookups=17
2026-10-09T12:19:25.821+00:00 monotonic_ns=13104743280604 INFO - reader-sd step=69 outcome=slice state=NeedPage wall_us=63781 text_us=23 layout_us=62428 visible_us=0 pause_us=200 logging_us=964 other_us=166 text_calls=1 layout_calls=1 visible_calls=0
2026-10-09T12:19:25.821+00:00 monotonic_ns=13104744056845 INFO - reader-sd resume step=70 state=NeedPage resumed=true retained_window=true outside_step_us=155 outside_step_known=true previous_step_complete=true
2026-10-09T12:19:25.886+00:00 monotonic_ns=13104809117041 INFO - cjk-sd op=stage gap_after_log_us=3511 opens=1 reads=63 bytes=5610 open_us=54 read_us=61682 max_read_us=2009 wall_us=62518 scalars=247 lookups=19
2026-10-09T12:19:25.888+00:00 monotonic_ns=13104810503513 INFO - reader-sd step=70 outcome=slice state=NeedPage wall_us=66473 text_us=27 layout_us=64318 visible_us=0 pause_us=715 logging_us=1275 other_us=138 text_calls=1 layout_calls=1 visible_calls=0
2026-10-09T12:19:25.888+00:00 monotonic_ns=13104811146213 INFO - reader-sd resume step=71 state=NeedPage resumed=true retained_window=true outside_step_us=138 outside_step_known=true previous_step_complete=true
2026-10-09T12:19:25.951+00:00 monotonic_ns=13104874149727 INFO - cjk-sd op=stage gap_after_log_us=3910 opens=1 reads=69 bytes=6028 open_us=51 read_us=59421 max_read_us=1948 wall_us=60363 scalars=247 lookups=22
2026-10-09T12:19:25.952+00:00 monotonic_ns=13104875090288 INFO - reader-sd step=71 outcome=slice state=NeedPage wall_us=63747 text_us=34 layout_us=62149 visible_us=0 pause_us=192 logging_us=1220 other_us=152 text_calls=1 layout_calls=1 visible_calls=0
2026-10-09T12:19:25.953+00:00 monotonic_ns=13104875757229 INFO - reader-sd resume step=72 state=NeedPage resumed=true retained_window=true outside_step_us=134 outside_step_known=true previous_step_complete=true
2026-10-09T12:19:26.016+00:00 monotonic_ns=13104939247843 INFO - cjk-sd op=stage gap_after_log_us=3573 opens=1 reads=64 bytes=6138 open_us=42 read_us=59972 max_read_us=3722 wall_us=60812 scalars=247 lookups=25
2026-10-09T12:19:26.018+00:00 monotonic_ns=13104940500685 INFO - reader-sd step=72 outcome=slice state=NeedPage wall_us=64699 text_us=37 layout_us=62603 visible_us=0 pause_us=618 logging_us=1292 other_us=149 text_calls=1 layout_calls=1 visible_calls=0
2026-10-09T12:19:26.018+00:00 monotonic_ns=13104941119996 INFO - reader-sd resume step=73 state=NeedPage resumed=true retained_window=true outside_step_us=134 outside_step_known=true previous_step_complete=true
2026-10-09T12:19:26.050+00:00 monotonic_ns=13104973192433 INFO - cjk-sd op=stage gap_after_log_us=3761 opens=1 reads=30 bytes=2574 open_us=59 read_us=28799 max_read_us=1981 wall_us=29429 scalars=247 lookups=9
2026-10-09T12:19:26.052+00:00 monotonic_ns=13104975090556 INFO - cjk-sd op=bank gap_after_log_us=34 opens=1 reads=1 bytes=44 open_us=73 read_us=1064 max_read_us=1064 wall_us=1247 scalars=0 lookups=0
2026-10-09T12:19:26.082+00:00 monotonic_ns=13105005108431 INFO - cjk-sd op=prepare gap_after_log_us=6622 opens=1 reads=30 bytes=773 open_us=189 read_us=20373 max_read_us=2712 wall_us=22398 scalars=247 lookups=0
2026-10-09T12:19:26.083+00:00 monotonic_ns=13105006206182 INFO - reader-sd step=73 outcome=slice state=NeedPage wall_us=64826 text_us=39 layout_us=37381 visible_us=24032 pause_us=271 logging_us=2816 other_us=287 text_calls=2 layout_calls=1 visible_calls=1
2026-10-09T12:19:26.084+00:00 monotonic_ns=13105007012173 INFO - reader-sd resume step=74 state=NeedPage resumed=true retained_window=false outside_step_us=225 outside_step_known=true previous_step_complete=true
2026-10-09T12:19:26.153+00:00 monotonic_ns=13105076089334 INFO - cjk-sd op=stage gap_after_log_us=70186 opens=0 reads=0 bytes=0 open_us=0 read_us=0 max_read_us=0 wall_us=141 scalars=247 lookups=0
2026-10-09T12:19:26.214+00:00 monotonic_ns=13105137261806 INFO - cjk-sd op=prepare gap_after_log_us=6487 opens=1 reads=64 bytes=1940 open_us=164 read_us=52002 max_read_us=2970 wall_us=53832 scalars=247 lookups=0
2026-10-09T12:19:26.216+00:00 monotonic_ns=13105138943608 INFO - reader-sd step=74 outcome=slice state=NeedPage wall_us=131728 text_us=66191 layout_us=6879 visible_us=55431 pause_us=839 logging_us=2108 other_us=280 text_calls=2 layout_calls=1 visible_calls=1
2026-10-09T12:19:26.217+00:00 monotonic_ns=13105139542908 INFO - reader-sd resume step=75 state=NeedPage resumed=true retained_window=false outside_step_us=194 outside_step_known=true previous_step_complete=true
2026-10-09T12:19:26.286+00:00 monotonic_ns=13105208804280 INFO - cjk-sd op=stage gap_after_log_us=70700 opens=0 reads=0 bytes=0 open_us=0 read_us=0 max_read_us=0 wall_us=107 scalars=247 lookups=0
2026-10-09T12:19:26.347+00:00 monotonic_ns=13105269313241 INFO - cjk-sd op=prepare gap_after_log_us=6396 opens=1 reads=59 bytes=1810 open_us=186 read_us=51340 max_read_us=2073 wall_us=53529 scalars=247 lookups=0
2026-10-09T12:19:26.348+00:00 monotonic_ns=13105270283132 INFO - reader-sd step=75 outcome=slice state=NeedPage wall_us=130509 text_us=66386 layout_us=6772 visible_us=55097 pause_us=253 logging_us=1753 other_us=248 text_calls=2 layout_calls=1 visible_calls=1
2026-10-09T12:19:26.348+00:00 monotonic_ns=13105271036723 INFO - reader-sd resume step=76 state=NeedPage resumed=true retained_window=false outside_step_us=187 outside_step_known=true previous_step_complete=true
2026-10-09T12:19:26.417+00:00 monotonic_ns=13105339932223 INFO - cjk-sd op=stage gap_after_log_us=69755 opens=0 reads=0 bytes=0 open_us=0 read_us=0 max_read_us=0 wall_us=109 scalars=247 lookups=0
2026-10-09T12:19:26.478+00:00 monotonic_ns=13105400290754 INFO - cjk-sd op=prepare gap_after_log_us=6407 opens=1 reads=53 bytes=1630 open_us=157 read_us=50841 max_read_us=2061 wall_us=53154 scalars=247 lookups=0
2026-10-09T12:19:26.479+00:00 monotonic_ns=13105402034096 INFO - reader-sd step=76 outcome=slice state=NeedPage wall_us=130745 text_us=66066 layout_us=6734 visible_us=54737 pause_us=830 logging_us=2129 other_us=249 text_calls=2 layout_calls=1 visible_calls=1
2026-10-09T12:19:26.480+00:00 monotonic_ns=13105402732957 INFO - reader-sd resume step=77 state=NeedPage resumed=true retained_window=false outside_step_us=202 outside_step_known=true previous_step_complete=true
2026-10-09T12:19:26.549+00:00 monotonic_ns=13105471841968 INFO - cjk-sd op=stage gap_after_log_us=70713 opens=0 reads=0 bytes=0 open_us=0 read_us=0 max_read_us=0 wall_us=106 scalars=247 lookups=0
2026-10-09T12:19:26.596+00:00 monotonic_ns=13105518361093 INFO - cjk-sd op=prepare gap_after_log_us=6379 opens=1 reads=46 bytes=1337 open_us=177 read_us=37067 max_read_us=2116 wall_us=39516 scalars=247 lookups=0
2026-10-09T12:19:26.597+00:00 monotonic_ns=13105519283114 INFO - reader-sd step=77 outcome=ready state=Ready wall_us=116344 text_us=66371 layout_us=6731 visible_us=41089 pause_us=0 logging_us=1838 other_us=315 text_calls=2 layout_calls=1 visible_calls=1
2026-10-09T12:19:26.598+00:00 monotonic_ns=13105520805495 INFO - stats: heap 16/158K peak 42K | stack free 67K hwm 17K | bat 98% 4.1V | up 0:07 | SD:ok
2026-10-09T12:19:26.598+00:00 monotonic_ns=13105521162036 INFO - heap psram: used 15464 B, free 2081688 B, peak 15464 B; reserved 15472 / 1900544 B, peak 15472 B
2026-10-09T12:19:27.502+00:00 monotonic_ns=13106425026746 INFO - display: partial refresh 480x794 at (0, 6) in 903 ms (partial count 1)
2026-10-09T12:19:30.643+00:00 monotonic_ns=13109565825009 INFO - stats: heap 16/158K peak 42K | stack free 67K hwm 17K | bat 98% 4.1V | up 0:07 | SD:ok
2026-10-09T12:19:30.643+00:00 monotonic_ns=13109566092589 INFO - heap psram: used 15464 B, free 2081688 B, peak 15464 B; reserved 15472 / 1900544 B, peak 15472 B
2026-10-09T12:19:33.425+00:00 monotonic_ns=13112347445661 INFO - app: Reader -> Home
2026-10-09T12:19:33.425+00:00 monotonic_ns=13112347978152 INFO - bookmark: cached off=0 ch=0 gen=18 for "ZH2.TXT"
2026-10-09T12:19:33.426+00:00 monotonic_ns=13112348814513 INFO - font: size_idx=0 line_h=35 (native 22 x 160%) ascent=17 max_lines=21 margin=40
2026-10-09T12:19:33.426+00:00 monotonic_ns=13112349164563 INFO - font: size_idx=0 line_h=35 (native 22 x 160%) ascent=17 max_lines=21 margin=40
2026-10-09T12:19:33.555+00:00 monotonic_ns=13112477514783 INFO - stats: heap 1/158K peak 42K | stack free 67K hwm 17K | bat 98% 4.1V | up 0:07 | SD:ok
2026-10-09T12:19:33.555+00:00 monotonic_ns=13112477975904 INFO - heap psram: used 8192 B, free 2088960 B, peak 15464 B; reserved 8192 / 1900544 B, peak 15472 B
2026-10-09T12:19:33.556+00:00 monotonic_ns=13112478897855 INFO - cjk-sd op=stage gap_after_log_us=6959763 opens=0 reads=0 bytes=0 open_us=0 read_us=0 max_read_us=0 wall_us=52 scalars=0 lookups=0
2026-10-09T12:19:33.557+00:00 monotonic_ns=13112479511596 INFO - cjk-sd op=prepare gap_after_log_us=55 opens=0 reads=0 bytes=0 open_us=0 read_us=0 max_read_us=0 wall_us=66 scalars=0 lookups=0
2026-10-09T12:19:34.331+00:00 monotonic_ns=13113254203904 INFO - display: partial refresh 480x800 at (0, 0) in 774 ms (partial count 2)
2026-10-09T12:19:35.643+00:00 monotonic_ns=13114565820202 INFO - stats: heap 1/158K peak 42K | stack free 67K hwm 17K | bat 98% 4.1V | up 0:07 | SD:ok
2026-10-09T12:19:35.643+00:00 monotonic_ns=13114566099793 INFO - heap psram: used 8192 B, free 2088960 B, peak 15464 B; reserved 8192 / 1900544 B, peak 15472 B
2026-10-09T12:19:36.123+00:00 monotonic_ns=13115045491915 INFO - stats: heap 1/158K peak 42K | stack free 67K hwm 17K | bat 98% 4.1V | up 0:07 | SD:ok
2026-10-09T12:19:36.123+00:00 monotonic_ns=13115045946496 INFO - heap psram: used 8192 B, free 2088960 B, peak 15464 B; reserved 8192 / 1900544 B, peak 15472 B
2026-10-09T12:19:36.779+00:00 monotonic_ns=13115702106555 INFO - display: partial refresh 280x118 at (100, 87) in 656 ms (partial count 3)
2026-10-09T12:19:36.913+00:00 monotonic_ns=13115835491431 INFO - stats: heap 1/158K peak 42K | stack free 67K hwm 17K | bat 98% 4.1V | up 0:07 | SD:ok
2026-10-09T12:19:36.913+00:00 monotonic_ns=13115835945742 INFO - heap psram: used 8192 B, free 2088960 B, peak 15464 B; reserved 8192 / 1900544 B, peak 15472 B
2026-10-09T12:19:37.568+00:00 monotonic_ns=13116491282350 INFO - display: partial refresh 280x118 at (100, 153) in 655 ms (partial count 4)
2026-10-09T12:19:37.956+00:00 monotonic_ns=13116879091125 INFO - stats: heap 1/158K peak 42K | stack free 67K hwm 17K | bat 98% 4.1V | up 0:07 | SD:ok
2026-10-09T12:19:37.957+00:00 monotonic_ns=13116879345165 INFO - heap psram: used 8192 B, free 2088960 B, peak 15464 B; reserved 8192 / 1900544 B, peak 15472 B
2026-10-09T12:19:38.613+00:00 monotonic_ns=13117535873425 INFO - display: partial refresh 280x118 at (100, 219) in 656 ms (partial count 5)
2026-10-09T12:19:40.238+00:00 monotonic_ns=13119160972741 INFO - app: Home -> Settings
2026-10-09T12:19:40.239+00:00 monotonic_ns=13119161482302 INFO - font: size_idx=0 line_h=35 (native 22 x 160%) ascent=17 max_lines=21 margin=40
2026-10-09T12:19:40.239+00:00 monotonic_ns=13119161928622 INFO - font: size_idx=0 line_h=35 (native 22 x 160%) ascent=17 max_lines=21 margin=40
2026-10-09T12:19:40.240+00:00 monotonic_ns=13119163224064 INFO - stats: heap 1/158K peak 42K | stack free 67K hwm 17K | bat 98% 4.1V | up 0:07 | SD:ok
2026-10-09T12:19:40.241+00:00 monotonic_ns=13119163553834 INFO - heap psram: used 8192 B, free 2088960 B, peak 15464 B; reserved 8192 / 1900544 B, peak 15472 B
2026-10-09T12:19:40.242+00:00 monotonic_ns=13119164349325 INFO - cjk-sd op=stage gap_after_log_us=6684411 opens=0 reads=0 bytes=0 open_us=0 read_us=0 max_read_us=0 wall_us=28 scalars=0 lookups=0
2026-10-09T12:19:40.242+00:00 monotonic_ns=13119165056036 INFO - cjk-sd op=prepare gap_after_log_us=36 opens=0 reads=0 bytes=0 open_us=0 read_us=0 max_read_us=0 wall_us=32 scalars=0 lookups=0
2026-10-09T12:19:44.141+00:00 monotonic_ns=13123063406177 INFO - battery: cell 4158 mV, 97% (periodic)
2026-10-09T12:19:44.142+00:00 monotonic_ns=13123064546129 INFO - stats: heap 1/158K peak 42K | stack free 67K hwm 17K | bat 97% 4.1V | up 0:07 | SD:ok
2026-10-09T12:19:44.142+00:00 monotonic_ns=13123065047229 INFO - heap psram: used 8192 B, free 2088960 B, peak 15464 B; reserved 8192 / 1900544 B, peak 15472 B
2026-10-09T12:19:44.178+00:00 monotonic_ns=13123100473531 INFO - stats: heap 1/158K peak 42K | stack free 67K hwm 17K | bat 97% 4.1V | up 0:07 | SD:ok
2026-10-09T12:19:44.178+00:00 monotonic_ns=13123100950361 INFO - heap psram: used 8192 B, free 2088960 B, peak 15464 B; reserved 8192 / 1900544 B, peak 15472 B
2026-10-09T12:19:44.840+00:00 monotonic_ns=13123762613117 INFO - display: partial refresh 448x86 at (16, 67) in 661 ms (partial count 1)
2026-10-09T12:19:44.973+00:00 monotonic_ns=13123896229024 INFO - stats: heap 1/158K peak 42K | stack free 67K hwm 17K | bat 97% 4.1V | up 0:07 | SD:ok
2026-10-09T12:19:44.974+00:00 monotonic_ns=13123896551244 INFO - heap psram: used 8192 B, free 2088960 B, peak 15464 B; reserved 8192 / 1900544 B, peak 15472 B
2026-10-09T12:19:45.633+00:00 monotonic_ns=13124556255588 INFO - display: partial refresh 448x86 at (16, 113) in 659 ms (partial count 2)
2026-10-09T12:19:45.643+00:00 monotonic_ns=13124565815169 INFO - stats: heap 1/158K peak 42K | stack free 67K hwm 17K | bat 97% 4.1V | up 0:07 | SD:ok
2026-10-09T12:19:45.643+00:00 monotonic_ns=13124566114909 INFO - heap psram: used 8192 B, free 2088960 B, peak 15464 B; reserved 8192 / 1900544 B, peak 15472 B
2026-10-09T12:19:45.833+00:00 monotonic_ns=13124755545382 INFO - settings: saved to SETTINGS.TXT
2026-10-09T12:19:45.834+00:00 monotonic_ns=13124756974973 INFO - stats: heap 1/158K peak 42K | stack free 67K hwm 17K | bat 97% 4.1V | up 0:07 | SD:ok
2026-10-09T12:19:45.835+00:00 monotonic_ns=13124757287704 INFO - heap psram: used 8192 B, free 2088960 B, peak 15464 B; reserved 8192 / 1900544 B, peak 15472 B
2026-10-09T12:19:46.482+00:00 monotonic_ns=13125404582363 INFO - display: partial refresh 280x40 at (184, 159) in 646 ms (partial count 3)
2026-10-09T12:19:47.123+00:00 monotonic_ns=13126046114435 INFO - app: Settings -> Home
2026-10-09T12:19:47.124+00:00 monotonic_ns=13126046548135 INFO - font: size_idx=1 line_h=41 (native 26 x 160%) ascent=21 max_lines=18 margin=40
2026-10-09T12:19:47.124+00:00 monotonic_ns=13126047130456 INFO - font: size_idx=1 line_h=41 (native 26 x 160%) ascent=21 max_lines=18 margin=40
2026-10-09T12:19:47.252+00:00 monotonic_ns=13126175122996 INFO - stats: heap 1/158K peak 42K | stack free 67K hwm 17K | bat 97% 4.1V | up 0:07 | SD:ok
2026-10-09T12:19:47.253+00:00 monotonic_ns=13126175445007 INFO - heap psram: used 8192 B, free 2088960 B, peak 15464 B; reserved 8192 / 1900544 B, peak 15472 B
2026-10-09T12:19:47.253+00:00 monotonic_ns=13126176206627 INFO - cjk-sd op=stage gap_after_log_us=7010513 opens=0 reads=0 bytes=0 open_us=0 read_us=0 max_read_us=0 wall_us=49 scalars=0 lookups=0
2026-10-09T12:19:47.254+00:00 monotonic_ns=13126176951098 INFO - cjk-sd op=prepare gap_after_log_us=51 opens=0 reads=0 bytes=0 open_us=0 read_us=0 max_read_us=0 wall_us=66 scalars=0 lookups=0
2026-10-09T12:19:48.029+00:00 monotonic_ns=13126951856137 INFO - display: partial refresh 480x800 at (0, 0) in 774 ms (partial count 4)
2026-10-09T12:19:48.386+00:00 monotonic_ns=13127308709926 INFO - app: Home -> Reader
2026-10-09T12:19:48.386+00:00 monotonic_ns=13127309094806 INFO - font: size_idx=1 line_h=41 (native 26 x 160%) ascent=21 max_lines=18 margin=40
2026-10-09T12:19:48.387+00:00 monotonic_ns=13127309416117 INFO - font: size_idx=1 line_h=41 (native 26 x 160%) ascent=21 max_lines=18 margin=40
2026-10-09T12:19:48.387+00:00 monotonic_ns=13127309834157 INFO - [work] reset -> gen 6
2026-10-09T12:19:48.388+00:00 monotonic_ns=13127310287248 INFO - font: size_idx=1 line_h=41 (native 26 x 160%) ascent=21 max_lines=18 margin=40
2026-10-09T12:19:48.388+00:00 monotonic_ns=13127310410308 INFO - reader: opening ZH2.TXT
2026-10-09T12:19:48.388+00:00 monotonic_ns=13127311150969 INFO - reader-sd resume step=78 state=NeedBookmark resumed=false retained_window=false outside_step_us=21791148 outside_step_known=true previous_step_complete=true
2026-10-09T12:19:48.389+00:00 monotonic_ns=13127311439539 INFO - bookmark: restoring off=0 ch=0 for ZH2.TXT
2026-10-09T12:19:48.592+00:00 monotonic_ns=13127515119518 INFO - reader: opened ZH2.TXT (1189 bytes)
2026-10-09T12:19:48.804+00:00 monotonic_ns=13127726888816 INFO - cjk: lookup 1/247 glyphs, about 50337 ms left
2026-10-09T12:19:48.805+00:00 monotonic_ns=13127727376137 INFO - cjk-sd op=stage gap_after_log_us=1344625 opens=1 reads=12 bytes=528 open_us=190096 read_us=13917 max_read_us=2059 wall_us=205292 scalars=247 lookups=1
2026-10-09T12:19:48.806+00:00 monotonic_ns=13127728312538 INFO - reader-sd step=78 outcome=slice state=NeedPage wall_us=417131 text_us=65971 layout_us=211742 visible_us=0 pause_us=141 logging_us=1122 other_us=138155 text_calls=1 layout_calls=1 visible_calls=0
2026-10-09T12:19:48.807+00:00 monotonic_ns=13127729935550 INFO - stats: heap 10/158K peak 42K | stack free 67K hwm 17K | bat 97% 4.1V | up 0:07 | SD:ok
2026-10-09T12:19:48.807+00:00 monotonic_ns=13127730187440 INFO - heap psram: used 8192 B, free 2088960 B, peak 15464 B; reserved 8192 / 1900544 B, peak 15472 B
2026-10-09T12:19:48.808+00:00 monotonic_ns=13127730992011 INFO - cjk-sd op=stage gap_after_log_us=3014 opens=0 reads=0 bytes=0 open_us=0 read_us=0 max_read_us=0 wall_us=10 scalars=0 lookups=0
2026-10-09T12:19:48.809+00:00 monotonic_ns=13127731516131 INFO - cjk-sd op=prepare gap_after_log_us=45 opens=0 reads=0 bytes=0 open_us=0 read_us=0 max_read_us=0 wall_us=59 scalars=0 lookups=0
2026-10-09T12:19:52.703+00:00 monotonic_ns=13131625869668 INFO - reader-sd resume step=79 state=NeedPage resumed=true retained_window=true outside_step_us=3896826 outside_step_known=true previous_step_complete=true
2026-10-09T12:19:52.767+00:00 monotonic_ns=13131690209044 INFO - cjk-sd op=stage gap_after_log_us=3896358 opens=1 reads=63 bytes=7260 open_us=132 read_us=60325 max_read_us=2055 wall_us=61515 scalars=247 lookups=27
2026-10-09T12:19:52.768+00:00 monotonic_ns=13131691233155 INFO - reader-sd step=79 outcome=slice state=NeedPage wall_us=65334 text_us=65 layout_us=63400 visible_us=0 pause_us=200 logging_us=1432 other_us=237 text_calls=1 layout_calls=1 visible_calls=0
2026-10-09T12:19:52.770+00:00 monotonic_ns=13131692546577 INFO - stats: heap 10/158K peak 42K | stack free 67K hwm 17K | bat 97% 4.1V | up 0:07 | SD:ok
2026-10-09T12:19:52.770+00:00 monotonic_ns=13131693071557 INFO - heap psram: used 8192 B, free 2088960 B, peak 15464 B; reserved 8192 / 1900544 B, peak 15472 B
2026-10-09T12:19:52.771+00:00 monotonic_ns=13131693515918 INFO - reader-sd resume step=80 state=NeedPage resumed=true retained_window=true outside_step_us=1906 outside_step_known=true previous_step_complete=true
2026-10-09T12:19:52.834+00:00 monotonic_ns=13131757015552 INFO - cjk: lookup 55/247 glyphs, about 433 ms left
2026-10-09T12:19:52.835+00:00 monotonic_ns=13131757538112 INFO - cjk-sd op=stage gap_after_log_us=5289 opens=1 reads=66 bytes=7216 open_us=51 read_us=60132 max_read_us=2034 wall_us=61550 scalars=247 lookups=27
2026-10-09T12:19:52.836+00:00 monotonic_ns=13131759074584 INFO - reader-sd step=80 outcome=slice state=NeedPage wall_us=65140 text_us=50 layout_us=63353 visible_us=0 pause_us=713 logging_us=865 other_us=159 text_calls=1 layout_calls=1 visible_calls=0
2026-10-09T12:19:52.837+00:00 monotonic_ns=13131759813535 INFO - reader-sd resume step=81 state=NeedPage resumed=true retained_window=true outside_step_us=211 outside_step_known=true previous_step_complete=true
2026-10-09T12:19:52.901+00:00 monotonic_ns=13131824089061 INFO - cjk-sd op=stage gap_after_log_us=4243 opens=1 reads=69 bytes=6556 open_us=65 read_us=60631 max_read_us=1979 wall_us=61586 scalars=247 lookups=24
2026-10-09T12:19:52.903+00:00 monotonic_ns=13131825311712 INFO - reader-sd step=81 outcome=slice state=NeedPage wall_us=65254 text_us=29 layout_us=63392 visible_us=0 pause_us=370 logging_us=1301 other_us=162 text_calls=1 layout_calls=1 visible_calls=0
2026-10-09T12:19:52.903+00:00 monotonic_ns=13131825990843 INFO - reader-sd resume step=82 state=NeedPage resumed=true retained_window=true outside_step_us=138 outside_step_known=true previous_step_complete=true
2026-10-09T12:19:52.972+00:00 monotonic_ns=13131895175574 INFO - cjk-sd op=stage gap_after_log_us=3819 opens=1 reads=71 bytes=7898 open_us=41 read_us=65577 max_read_us=3732 wall_us=66582 scalars=247 lookups=30
2026-10-09T12:19:52.974+00:00 monotonic_ns=13131896443976 INFO - reader-sd step=82 outcome=slice state=NeedPage wall_us=70437 text_us=33 layout_us=68384 visible_us=0 pause_us=606 logging_us=1263 other_us=151 text_calls=1 layout_calls=1 visible_calls=0
2026-10-09T12:19:52.974+00:00 monotonic_ns=13131897113186 INFO - reader-sd resume step=83 state=NeedPage resumed=true retained_window=true outside_step_us=134 outside_step_known=true previous_step_complete=true
2026-10-09T12:19:53.038+00:00 monotonic_ns=13131961081001 INFO - cjk-sd op=stage gap_after_log_us=3869 opens=1 reads=73 bytes=6908 open_us=53 read_us=60300 max_read_us=2956 wall_us=61304 scalars=247 lookups=28
2026-10-09T12:19:53.039+00:00 monotonic_ns=13131962203712 INFO - reader-sd step=83 outcome=slice state=NeedPage wall_us=64929 text_us=33 layout_us=63106 visible_us=0 pause_us=324 logging_us=1300 other_us=166 text_calls=1 layout_calls=1 visible_calls=0
2026-10-09T12:19:53.177+00:00 monotonic_ns=13132099964864 INFO - bookmarks: flushed 6 slots to SD
2026-10-09T12:19:53.178+00:00 monotonic_ns=13132100468315 INFO - reader-sd resume step=84 state=NeedPage resumed=true retained_window=true outside_step_us=137822 outside_step_known=true previous_step_complete=true
2026-10-09T12:19:53.244+00:00 monotonic_ns=13132167265613 INFO - cjk-sd op=stage gap_after_log_us=141496 opens=1 reads=64 bytes=5324 open_us=99 read_us=63081 max_read_us=2026 wall_us=64118 scalars=247 lookups=18
2026-10-09T12:19:53.246+00:00 monotonic_ns=13132168851665 INFO - reader-sd step=84 outcome=slice state=NeedPage wall_us=68045 text_us=79 layout_us=66026 visible_us=0 pause_us=713 logging_us=1021 other_us=206 text_calls=1 layout_calls=1 visible_calls=0
2026-10-09T12:19:53.247+00:00 monotonic_ns=13132169390705 INFO - reader-sd resume step=85 state=NeedPage resumed=true retained_window=true outside_step_us=150 outside_step_known=true previous_step_complete=true
2026-10-09T12:19:53.310+00:00 monotonic_ns=13132232463450 INFO - cjk-sd op=stage gap_after_log_us=4017 opens=1 reads=65 bytes=4686 open_us=66 read_us=59699 max_read_us=2011 wall_us=60596 scalars=247 lookups=17
2026-10-09T12:19:53.311+00:00 monotonic_ns=13132233311211 INFO - reader-sd step=85 outcome=slice state=NeedPage wall_us=63676 text_us=28 layout_us=62375 visible_us=0 pause_us=166 logging_us=952 other_us=155 text_calls=1 layout_calls=1 visible_calls=0
2026-10-09T12:19:53.311+00:00 monotonic_ns=13132233993851 INFO - reader-sd resume step=86 state=NeedPage resumed=true retained_window=true outside_step_us=135 outside_step_known=true previous_step_complete=true
2026-10-09T12:19:53.376+00:00 monotonic_ns=13132299259718 INFO - cjk-sd op=stage gap_after_log_us=3446 opens=1 reads=63 bytes=5610 open_us=47 read_us=61966 max_read_us=2019 wall_us=62824 scalars=247 lookups=19
2026-10-09T12:19:53.378+00:00 monotonic_ns=13132300568240 INFO - reader-sd step=86 outcome=slice state=NeedPage wall_us=66525 text_us=33 layout_us=64638 visible_us=0 pause_us=615 logging_us=1093 other_us=146 text_calls=1 layout_calls=1 visible_calls=0
2026-10-09T12:19:53.378+00:00 monotonic_ns=13132301150650 INFO - reader-sd resume step=87 state=NeedPage resumed=true retained_window=true outside_step_us=126 outside_step_known=true previous_step_complete=true
2026-10-09T12:19:53.442+00:00 monotonic_ns=13132364265374 INFO - cjk-sd op=stage gap_after_log_us=3758 opens=1 reads=69 bytes=6028 open_us=53 read_us=59740 max_read_us=1944 wall_us=60691 scalars=247 lookups=22
2026-10-09T12:19:53.442+00:00 monotonic_ns=13132365201995 INFO - reader-sd step=87 outcome=slice state=NeedPage wall_us=63824 text_us=29 layout_us=62470 visible_us=0 pause_us=171 logging_us=1001 other_us=153 text_calls=1 layout_calls=1 visible_calls=0
2026-10-09T12:19:53.443+00:00 monotonic_ns=13132365878816 INFO - reader-sd resume step=88 state=NeedPage resumed=true retained_window=true outside_step_us=131 outside_step_known=true previous_step_complete=true
2026-10-09T12:19:53.509+00:00 monotonic_ns=13132431411433 INFO - cjk-sd op=stage gap_after_log_us=3523 opens=1 reads=64 bytes=6138 open_us=41 read_us=62188 max_read_us=3758 wall_us=63071 scalars=247 lookups=25
2026-10-09T12:19:53.510+00:00 monotonic_ns=13132432848505 INFO - reader-sd step=88 outcome=slice state=NeedPage wall_us=66757 text_us=33 layout_us=64873 visible_us=0 pause_us=614 logging_us=1091 other_us=146 text_calls=1 layout_calls=1 visible_calls=0
2026-10-09T12:19:53.511+00:00 monotonic_ns=13132433355975 INFO - reader-sd resume step=89 state=NeedPage resumed=true retained_window=true outside_step_us=123 outside_step_known=true previous_step_complete=true
2026-10-09T12:19:53.543+00:00 monotonic_ns=13132466206943 INFO - cjk-sd op=stage gap_after_log_us=3844 opens=1 reads=30 bytes=2574 open_us=62 read_us=29572 max_read_us=2034 wall_us=30224 scalars=247 lookups=9
2026-10-09T12:19:53.545+00:00 monotonic_ns=13132468135286 INFO - cjk-sd op=bank gap_after_log_us=34 opens=1 reads=1 bytes=44 open_us=76 read_us=1034 max_read_us=1034 wall_us=1217 scalars=0 lookups=0
2026-10-09T12:19:53.574+00:00 monotonic_ns=13132497141160 INFO - cjk-sd op=prepare gap_after_log_us=6215 opens=1 reads=24 bytes=965 open_us=184 read_us=19541 max_read_us=2856 wall_us=21911 scalars=237 lookups=0
2026-10-09T12:19:53.576+00:00 monotonic_ns=13132498280541 INFO - reader-sd step=89 outcome=slice state=NeedPage wall_us=64624 text_us=29 layout_us=37883 visible_us=23495 pause_us=281 logging_us=2678 other_us=258 text_calls=1 layout_calls=1 visible_calls=1
2026-10-09T12:19:53.576+00:00 monotonic_ns=13132499086442 INFO - reader-sd resume step=90 state=NeedPage resumed=true retained_window=true outside_step_us=218 outside_step_known=true previous_step_complete=true
2026-10-09T12:19:53.579+00:00 monotonic_ns=13132502012786 INFO - cjk-sd op=stage gap_after_log_us=4088 opens=0 reads=0 bytes=0 open_us=0 read_us=0 max_read_us=0 wall_us=135 scalars=247 lookups=0
2026-10-09T12:19:53.640+00:00 monotonic_ns=13132562948467 INFO - cjk-sd op=prepare gap_after_log_us=6206 opens=1 reads=54 bytes=2732 open_us=131 read_us=52415 max_read_us=2033 wall_us=53882 scalars=237 lookups=0
2026-10-09T12:19:53.642+00:00 monotonic_ns=13132564559179 INFO - reader-sd step=90 outcome=slice state=NeedPage wall_us=65443 text_us=69 layout_us=6735 visible_us=55414 pause_us=853 logging_us=2079 other_us=293 text_calls=1 layout_calls=1 visible_calls=1
2026-10-09T12:19:53.642+00:00 monotonic_ns=13132565157700 INFO - reader-sd resume step=91 state=NeedPage resumed=true retained_window=true outside_step_us=187 outside_step_known=true previous_step_complete=true
2026-10-09T12:19:53.645+00:00 monotonic_ns=13132567852743 INFO - cjk-sd op=stage gap_after_log_us=4172 opens=0 reads=0 bytes=0 open_us=0 read_us=0 max_read_us=0 wall_us=97 scalars=247 lookups=0
2026-10-09T12:19:53.706+00:00 monotonic_ns=13132628544614 INFO - cjk-sd op=prepare gap_after_log_us=6096 opens=1 reads=57 bytes=2941 open_us=144 read_us=52136 max_read_us=2985 wall_us=53933 scalars=237 lookups=0
2026-10-09T12:19:53.707+00:00 monotonic_ns=13132629498735 INFO - reader-sd step=91 outcome=slice state=NeedPage wall_us=64164 text_us=49 layout_us=6465 visible_us=55509 pause_us=232 logging_us=1686 other_us=223 text_calls=1 layout_calls=1 visible_calls=1
2026-10-09T12:19:53.707+00:00 monotonic_ns=13132630149386 INFO - reader-sd resume step=92 state=NeedPage resumed=true retained_window=true outside_step_us=172 outside_step_known=true previous_step_complete=true
2026-10-09T12:19:53.710+00:00 monotonic_ns=13132632756969 INFO - cjk-sd op=stage gap_after_log_us=3578 opens=0 reads=0 bytes=0 open_us=0 read_us=0 max_read_us=0 wall_us=77 scalars=247 lookups=0
2026-10-09T12:19:53.771+00:00 monotonic_ns=13132693993931 INFO - cjk-sd op=prepare gap_after_log_us=6039 opens=1 reads=48 bytes=2480 open_us=132 read_us=52593 max_read_us=2017 wall_us=54469 scalars=237 lookups=0
2026-10-09T12:19:53.773+00:00 monotonic_ns=13132695452503 INFO - reader-sd step=92 outcome=slice state=NeedPage wall_us=65225 text_us=49 layout_us=6427 visible_us=55951 pause_us=770 logging_us=1786 other_us=242 text_calls=1 layout_calls=1 visible_calls=1
2026-10-09T12:19:53.773+00:00 monotonic_ns=13132696167133 INFO - reader-sd resume step=93 state=NeedPage resumed=true retained_window=true outside_step_us=177 outside_step_known=true previous_step_complete=true
2026-10-09T12:19:53.776+00:00 monotonic_ns=13132698809077 INFO - cjk-sd op=stage gap_after_log_us=4150 opens=0 reads=0 bytes=0 open_us=0 read_us=0 max_read_us=0 wall_us=74 scalars=247 lookups=0
2026-10-09T12:19:53.837+00:00 monotonic_ns=13132759476027 INFO - cjk-sd op=prepare gap_after_log_us=6145 opens=1 reads=52 bytes=2683 open_us=166 read_us=51424 max_read_us=2042 wall_us=53700 scalars=237 lookups=0
2026-10-09T12:19:53.838+00:00 monotonic_ns=13132760461319 INFO - reader-sd step=93 outcome=slice state=NeedPage wall_us=64165 text_us=66 layout_us=6479 visible_us=55276 pause_us=269 logging_us=1836 other_us=239 text_calls=1 layout_calls=1 visible_calls=1
2026-10-09T12:19:53.838+00:00 monotonic_ns=13132761142779 INFO - reader-sd resume step=94 state=NeedPage resumed=true retained_window=true outside_step_us=176 outside_step_known=true previous_step_complete=true
2026-10-09T12:19:53.841+00:00 monotonic_ns=13132763854393 INFO - cjk-sd op=stage gap_after_log_us=3744 opens=0 reads=0 bytes=0 open_us=0 read_us=0 max_read_us=0 wall_us=117 scalars=247 lookups=0
2026-10-09T12:19:53.857+00:00 monotonic_ns=13132780223972 INFO - cjk-sd op=prepare gap_after_log_us=6008 opens=1 reads=8 bytes=261 open_us=120 read_us=8543 max_read_us=2020 wall_us=9542 scalars=237 lookups=0
2026-10-09T12:19:53.922+00:00 monotonic_ns=13132845277688 INFO - reader-sd step=94 outcome=ready state=Ready wall_us=83888 text_us=64146 layout_us=6498 visible_us=11035 pause_us=0 logging_us=1903 other_us=306 text_calls=2 layout_calls=1 visible_calls=1
2026-10-09T12:19:53.924+00:00 monotonic_ns=13132846804310 INFO - stats: heap 16/158K peak 42K | stack free 67K hwm 17K | bat 97% 4.1V | up 0:07 | SD:ok
2026-10-09T12:19:53.924+00:00 monotonic_ns=13132847156720 INFO - heap psram: used 19992 B, free 2077160 B, peak 19992 B; reserved 20000 / 1900544 B, peak 20000 B
2026-10-09T12:19:54.829+00:00 monotonic_ns=13133752127671 INFO - display: partial refresh 480x794 at (0, 6) in 904 ms (partial count 1)
2026-10-09T12:19:55.643+00:00 monotonic_ns=13134565971736 INFO - stats: heap 16/158K peak 42K | stack free 67K hwm 17K | bat 97% 4.1V | up 0:07 | SD:ok
2026-10-09T12:19:55.643+00:00 monotonic_ns=13134566248486 INFO - heap psram: used 19992 B, free 2077160 B, peak 19992 B; reserved 20000 / 1900544 B, peak 20000 B
2026-10-09T12:19:57.182+00:00 monotonic_ns=13136104291900 INFO - app: Reader -> Home
2026-10-09T12:19:57.182+00:00 monotonic_ns=13136104812821 INFO - bookmark: cached off=0 ch=0 gen=19 for "ZH2.TXT"
2026-10-09T12:19:57.183+00:00 monotonic_ns=13136105529371 INFO - font: size_idx=1 line_h=41 (native 26 x 160%) ascent=21 max_lines=18 margin=40
2026-10-09T12:19:57.183+00:00 monotonic_ns=13136106059812 INFO - font: size_idx=1 line_h=41 (native 26 x 160%) ascent=21 max_lines=18 margin=40
2026-10-09T12:19:57.312+00:00 monotonic_ns=13136234551203 INFO - stats: heap 1/158K peak 42K | stack free 67K hwm 17K | bat 97% 4.1V | up 0:07 | SD:ok
2026-10-09T12:19:57.312+00:00 monotonic_ns=13136235022663 INFO - heap psram: used 8192 B, free 2088960 B, peak 19992 B; reserved 8192 / 1900544 B, peak 20000 B
2026-10-09T12:19:57.313+00:00 monotonic_ns=13136235894694 INFO - cjk-sd op=stage gap_after_log_us=3455014 opens=0 reads=0 bytes=0 open_us=0 read_us=0 max_read_us=0 wall_us=50 scalars=0 lookups=0
2026-10-09T12:19:57.314+00:00 monotonic_ns=13136236457115 INFO - cjk-sd op=prepare gap_after_log_us=60 opens=0 reads=0 bytes=0 open_us=0 read_us=0 max_read_us=0 wall_us=66 scalars=0 lookups=0
2026-10-09T12:19:58.088+00:00 monotonic_ns=13137011274334 INFO - display: partial refresh 480x800 at (0, 0) in 774 ms (partial count 2)
2026-10-09T12:19:58.782+00:00 monotonic_ns=13137704295446 INFO - stats: heap 1/158K peak 42K | stack free 67K hwm 17K | bat 97% 4.1V | up 0:07 | SD:ok
2026-10-09T12:19:58.782+00:00 monotonic_ns=13137704577187 INFO - heap psram: used 8192 B, free 2088960 B, peak 19992 B; reserved 8192 / 1900544 B, peak 20000 B
2026-10-09T12:19:59.437+00:00 monotonic_ns=13138359618465 INFO - display: partial refresh 280x118 at (100, 87) in 654 ms (partial count 3)
2026-10-09T12:19:59.540+00:00 monotonic_ns=13138462840226 INFO - stats: heap 1/158K peak 42K | stack free 67K hwm 17K | bat 97% 4.1V | up 0:07 | SD:ok
2026-10-09T12:19:59.540+00:00 monotonic_ns=13138462987716 INFO - heap psram: used 8192 B, free 2088960 B, peak 19992 B; reserved 8192 / 1900544 B, peak 20000 B
2026-10-09T12:20:00.194+00:00 monotonic_ns=13139117237983 INFO - display: partial refresh 280x118 at (100, 153) in 654 ms (partial count 4)
2026-10-09T12:20:00.643+00:00 monotonic_ns=13139565898689 INFO - stats: heap 1/158K peak 42K | stack free 67K hwm 17K | bat 97% 4.1V | up 0:07 | SD:ok
2026-10-09T12:20:00.643+00:00 monotonic_ns=13139566191280 INFO - heap psram: used 8192 B, free 2088960 B, peak 19992 B; reserved 8192 / 1900544 B, peak 20000 B
2026-10-09T12:20:01.109+00:00 monotonic_ns=13140031521665 INFO - stats: heap 1/158K peak 42K | stack free 67K hwm 17K | bat 97% 4.1V | up 0:07 | SD:ok
2026-10-09T12:20:01.109+00:00 monotonic_ns=13140031970596 INFO - heap psram: used 8192 B, free 2088960 B, peak 19992 B; reserved 8192 / 1900544 B, peak 20000 B
2026-10-09T12:20:01.765+00:00 monotonic_ns=13140687460245 INFO - display: partial refresh 280x118 at (100, 219) in 655 ms (partial count 5)
2026-10-09T12:20:02.772+00:00 monotonic_ns=13141694971056 INFO - app: Home -> Settings
2026-10-09T12:20:02.773+00:00 monotonic_ns=13141695412827 INFO - font: size_idx=1 line_h=41 (native 26 x 160%) ascent=21 max_lines=18 margin=40
2026-10-09T12:20:02.773+00:00 monotonic_ns=13141695933887 INFO - font: size_idx=1 line_h=41 (native 26 x 160%) ascent=21 max_lines=18 margin=40
2026-10-09T12:20:02.775+00:00 monotonic_ns=13141697281949 INFO - stats: heap 1/158K peak 42K | stack free 67K hwm 17K | bat 97% 4.1V | up 0:07 | SD:ok
2026-10-09T12:20:02.775+00:00 monotonic_ns=13141697550959 INFO - heap psram: used 8192 B, free 2088960 B, peak 19992 B; reserved 8192 / 1900544 B, peak 20000 B
2026-10-09T12:20:02.776+00:00 monotonic_ns=13141698357590 INFO - cjk-sd op=stage gap_after_log_us=5461398 opens=0 reads=0 bytes=0 open_us=0 read_us=0 max_read_us=0 wall_us=20 scalars=0 lookups=0
2026-10-09T12:20:02.776+00:00 monotonic_ns=13141699056951 INFO - cjk-sd op=prepare gap_after_log_us=33 opens=0 reads=0 bytes=0 open_us=0 read_us=0 max_read_us=0 wall_us=32 scalars=0 lookups=0
2026-10-09T12:20:06.653+00:00 monotonic_ns=13145576109287 INFO - stats: heap 1/158K peak 42K | stack free 67K hwm 17K | bat 97% 4.1V | up 0:07 | SD:ok
2026-10-09T12:20:06.654+00:00 monotonic_ns=13145576417488 INFO - heap psram: used 8192 B, free 2088960 B, peak 19992 B; reserved 8192 / 1900544 B, peak 20000 B
2026-10-09T12:20:06.759+00:00 monotonic_ns=13145682257452 INFO - stats: heap 1/158K peak 42K | stack free 67K hwm 17K | bat 97% 4.1V | up 0:07 | SD:ok
2026-10-09T12:20:06.760+00:00 monotonic_ns=13145682525102 INFO - heap psram: used 8192 B, free 2088960 B, peak 19992 B; reserved 8192 / 1900544 B, peak 20000 B
2026-10-09T12:20:07.420+00:00 monotonic_ns=13146343149827 INFO - display: partial refresh 448x86 at (16, 67) in 660 ms (partial count 1)
2026-10-09T12:20:07.656+00:00 monotonic_ns=13146578335883 INFO - stats: heap 1/158K peak 42K | stack free 67K hwm 17K | bat 97% 4.1V | up 0:07 | SD:ok
2026-10-09T12:20:07.656+00:00 monotonic_ns=13146578606263 INFO - heap psram: used 8192 B, free 2088960 B, peak 19992 B; reserved 8192 / 1900544 B, peak 20000 B
2026-10-09T12:20:08.315+00:00 monotonic_ns=13147238260287 INFO - display: partial refresh 448x86 at (16, 113) in 659 ms (partial count 2)
2026-10-09T12:20:09.064+00:00 monotonic_ns=13147986526824 INFO - settings: saved to SETTINGS.TXT
2026-10-09T12:20:09.065+00:00 monotonic_ns=13147988007106 INFO - stats: heap 1/158K peak 42K | stack free 67K hwm 17K | bat 97% 4.1V | up 0:07 | SD:ok
2026-10-09T12:20:09.066+00:00 monotonic_ns=13147988345296 INFO - heap psram: used 8192 B, free 2088960 B, peak 19992 B; reserved 8192 / 1900544 B, peak 20000 B
2026-10-09T12:20:09.714+00:00 monotonic_ns=13148636930027 INFO - display: partial refresh 280x40 at (184, 159) in 647 ms (partial count 3)
2026-10-09T12:20:10.366+00:00 monotonic_ns=13149288737391 INFO - app: Settings -> Home
2026-10-09T12:20:10.366+00:00 monotonic_ns=13149289171511 INFO - font: size_idx=2 line_h=49 (native 31 x 160%) ascent=25 max_lines=15 margin=40
2026-10-09T12:20:10.367+00:00 monotonic_ns=13149289447442 INFO - font: size_idx=2 line_h=49 (native 31 x 160%) ascent=25 max_lines=15 margin=40
2026-10-09T12:20:10.495+00:00 monotonic_ns=13149417415952 INFO - stats: heap 1/158K peak 42K | stack free 67K hwm 17K | bat 97% 4.1V | up 0:08 | SD:ok
2026-10-09T12:20:10.495+00:00 monotonic_ns=13149417829802 INFO - heap psram: used 8192 B, free 2088960 B, peak 19992 B; reserved 8192 / 1900544 B, peak 20000 B
2026-10-09T12:20:10.496+00:00 monotonic_ns=13149418567653 INFO - cjk-sd op=stage gap_after_log_us=7718944 opens=0 reads=0 bytes=0 open_us=0 read_us=0 max_read_us=0 wall_us=48 scalars=0 lookups=0
2026-10-09T12:20:10.496+00:00 monotonic_ns=13149419258994 INFO - cjk-sd op=prepare gap_after_log_us=57 opens=0 reads=0 bytes=0 open_us=0 read_us=0 max_read_us=0 wall_us=68 scalars=0 lookups=0
2026-10-09T12:20:11.272+00:00 monotonic_ns=13150195079894 INFO - display: partial refresh 480x800 at (0, 0) in 775 ms (partial count 4)
2026-10-09T12:20:11.274+00:00 monotonic_ns=13150197186096 INFO - stats: heap 1/158K peak 42K | stack free 67K hwm 17K | bat 97% 4.1V | up 0:08 | SD:ok
2026-10-09T12:20:11.275+00:00 monotonic_ns=13150197497287 INFO - heap psram: used 8192 B, free 2088960 B, peak 19992 B; reserved 8192 / 1900544 B, peak 20000 B
2026-10-09T12:20:12.862+00:00 monotonic_ns=13151785166768 INFO - app: Home -> Reader
2026-10-09T12:20:12.863+00:00 monotonic_ns=13151785599669 INFO - font: size_idx=2 line_h=49 (native 31 x 160%) ascent=25 max_lines=15 margin=40
2026-10-09T12:20:12.863+00:00 monotonic_ns=13151786111360 INFO - font: size_idx=2 line_h=49 (native 31 x 160%) ascent=25 max_lines=15 margin=40
2026-10-09T12:20:12.864+00:00 monotonic_ns=13151786360020 INFO - [work] reset -> gen 7
2026-10-09T12:20:12.864+00:00 monotonic_ns=13151786969391 INFO - font: size_idx=2 line_h=49 (native 31 x 160%) ascent=25 max_lines=15 margin=40
2026-10-09T12:20:12.864+00:00 monotonic_ns=13151787089311 INFO - reader: opening ZH2.TXT
2026-10-09T12:20:12.865+00:00 monotonic_ns=13151787686691 INFO - reader-sd resume step=95 state=NeedBookmark resumed=false retained_window=false outside_step_us=18941869 outside_step_known=true previous_step_complete=true
2026-10-09T12:20:12.865+00:00 monotonic_ns=13151787982872 INFO - bookmark: restoring off=0 ch=0 for ZH2.TXT
2026-10-09T12:20:13.069+00:00 monotonic_ns=13151991365300 INFO - reader: opened ZH2.TXT (1189 bytes)
2026-10-09T12:20:13.280+00:00 monotonic_ns=13152202528658 INFO - cjk: lookup 1/247 glyphs, about 50232 ms left
2026-10-09T12:20:13.280+00:00 monotonic_ns=13152203172949 INFO - cjk-sd op=stage gap_after_log_us=2578560 opens=1 reads=12 bytes=528 open_us=189602 read_us=13971 max_read_us=2062 wall_us=204697 scalars=247 lookups=1
2026-10-09T12:20:13.281+00:00 monotonic_ns=13152204257090 INFO - reader-sd step=95 outcome=slice state=NeedPage wall_us=416292 text_us=65929 layout_us=211148 visible_us=0 pause_us=141 logging_us=1096 other_us=137978 text_calls=1 layout_calls=1 visible_calls=0
2026-10-09T12:20:13.283+00:00 monotonic_ns=13152205787362 INFO - stats: heap 10/158K peak 42K | stack free 67K hwm 17K | bat 97% 4.1V | up 0:08 | SD:ok
2026-10-09T12:20:13.283+00:00 monotonic_ns=13152206109202 INFO - heap psram: used 8192 B, free 2088960 B, peak 19992 B; reserved 8192 / 1900544 B, peak 20000 B
2026-10-09T12:20:13.284+00:00 monotonic_ns=13152206929053 INFO - cjk-sd op=stage gap_after_log_us=3117 opens=0 reads=0 bytes=0 open_us=0 read_us=0 max_read_us=0 wall_us=10 scalars=0 lookups=0
2026-10-09T12:20:13.285+00:00 monotonic_ns=13152207446314 INFO - cjk-sd op=prepare gap_after_log_us=46 opens=0 reads=0 bytes=0 open_us=0 read_us=0 max_read_us=0 wall_us=54 scalars=0 lookups=0
2026-10-09T12:20:17.179+00:00 monotonic_ns=13156101437120 INFO - reader-sd resume step=96 state=NeedPage resumed=true retained_window=true outside_step_us=3896625 outside_step_known=true previous_step_complete=true
2026-10-09T12:20:17.243+00:00 monotonic_ns=13156165420955 INFO - cjk-sd op=stage gap_after_log_us=3895978 opens=1 reads=63 bytes=7260 open_us=129 read_us=60158 max_read_us=2006 wall_us=61330 scalars=247 lookups=27
2026-10-09T12:20:17.244+00:00 monotonic_ns=13156167029937 INFO - reader-sd step=96 outcome=slice state=NeedPage wall_us=65355 text_us=61 layout_us=63215 visible_us=0 pause_us=718 logging_us=1115 other_us=246 text_calls=1 layout_calls=1 visible_calls=0
2026-10-09T12:20:17.275+00:00 monotonic_ns=13156198014393 INFO - battery: cell 4178 mV, 98% (periodic)
2026-10-09T12:20:17.277+00:00 monotonic_ns=13156199290635 INFO - stats: heap 10/158K peak 42K | stack free 67K hwm 17K | bat 98% 4.1V | up 0:08 | SD:ok
2026-10-09T12:20:17.277+00:00 monotonic_ns=13156199823115 INFO - heap psram: used 8192 B, free 2088960 B, peak 19992 B; reserved 8192 / 1900544 B, peak 20000 B
2026-10-09T12:20:17.278+00:00 monotonic_ns=13156200280316 INFO - reader-sd resume step=97 state=NeedPage resumed=true retained_window=true outside_step_us=32877 outside_step_known=true previous_step_complete=true
2026-10-09T12:20:17.341+00:00 monotonic_ns=13156264036991 INFO - cjk: lookup 55/247 glyphs, about 435 ms left
2026-10-09T12:20:17.342+00:00 monotonic_ns=13156264560581 INFO - cjk-sd op=stage gap_after_log_us=36819 opens=1 reads=66 bytes=7216 open_us=67 read_us=60318 max_read_us=2021 wall_us=61812 scalars=247 lookups=27
2026-10-09T12:20:17.343+00:00 monotonic_ns=13156265367122 INFO - reader-sd step=97 outcome=slice state=NeedPage wall_us=64908 text_us=32 layout_us=63648 visible_us=0 pause_us=188 logging_us=878 other_us=162 text_calls=1 layout_calls=1 visible_calls=0
2026-10-09T12:20:17.343+00:00 monotonic_ns=13156266064973 INFO - reader-sd resume step=98 state=NeedPage resumed=true retained_window=true outside_step_us=139 outside_step_known=true previous_step_complete=true
2026-10-09T12:20:17.407+00:00 monotonic_ns=13156329884008 INFO - cjk-sd op=stage gap_after_log_us=3405 opens=1 reads=69 bytes=6556 open_us=43 read_us=60380 max_read_us=1953 wall_us=61234 scalars=247 lookups=24
2026-10-09T12:20:17.409+00:00 monotonic_ns=13156331397500 INFO - reader-sd step=98 outcome=slice state=NeedPage wall_us=65308 text_us=28 layout_us=63035 visible_us=0 pause_us=835 logging_us=1279 other_us=131 text_calls=1 layout_calls=1 visible_calls=0
2026-10-09T12:20:17.409+00:00 monotonic_ns=13156332130211 INFO - reader-sd resume step=99 state=NeedPage resumed=true retained_window=true outside_step_us=194 outside_step_known=true previous_step_complete=true
2026-10-09T12:20:17.473+00:00 monotonic_ns=13156395283744 INFO - cjk-sd op=stage gap_after_log_us=4173 opens=1 reads=66 bytes=7546 open_us=75 read_us=59504 max_read_us=3765 wall_us=60526 scalars=247 lookups=29
2026-10-09T12:20:17.474+00:00 monotonic_ns=13156396293866 INFO - reader-sd step=99 outcome=slice state=NeedPage wall_us=63964 text_us=39 layout_us=62322 visible_us=0 pause_us=199 logging_us=1254 other_us=150 text_calls=1 layout_calls=1 visible_calls=0
2026-10-09T12:20:17.474+00:00 monotonic_ns=13156396991906 INFO - reader-sd resume step=100 state=NeedPage resumed=true retained_window=true outside_step_us=134 outside_step_known=true previous_step_complete=true
2026-10-09T12:20:17.537+00:00 monotonic_ns=13156460057641 INFO - cjk-sd op=stage gap_after_log_us=3637 opens=1 reads=67 bytes=6336 open_us=50 read_us=59503 max_read_us=2021 wall_us=60362 scalars=247 lookups=26
2026-10-09T12:20:17.539+00:00 monotonic_ns=13156461341822 INFO - reader-sd step=100 outcome=slice state=NeedPage wall_us=64274 text_us=37 layout_us=62170 visible_us=0 pause_us=610 logging_us=1309 other_us=148 text_calls=1 layout_calls=1 visible_calls=0
2026-10-09T12:20:17.539+00:00 monotonic_ns=13156462040923 INFO - reader-sd resume step=101 state=NeedPage resumed=true retained_window=true outside_step_us=129 outside_step_known=true previous_step_complete=true
2026-10-09T12:20:17.608+00:00 monotonic_ns=13156530971284 INFO - cjk-sd op=stage gap_after_log_us=3908 opens=1 reads=67 bytes=5368 open_us=59 read_us=65389 max_read_us=2020 wall_us=66268 scalars=247 lookups=18
2026-10-09T12:20:17.609+00:00 monotonic_ns=13156531957015 INFO - reader-sd step=101 outcome=slice state=NeedPage wall_us=69762 text_us=20 layout_us=68078 visible_us=0 pause_us=187 logging_us=1318 other_us=159 text_calls=1 layout_calls=1 visible_calls=0
2026-10-09T12:20:17.610+00:00 monotonic_ns=13156532457896 INFO - reader-sd resume step=102 state=NeedPage resumed=true retained_window=true outside_step_us=123 outside_step_known=true previous_step_complete=true
2026-10-09T12:20:17.674+00:00 monotonic_ns=13156596296870 INFO - cjk-sd op=stage gap_after_log_us=3411 opens=1 reads=65 bytes=4906 open_us=43 read_us=60459 max_read_us=2015 wall_us=61234 scalars=247 lookups=17
2026-10-09T12:20:17.675+00:00 monotonic_ns=13156597519312 INFO - reader-sd step=102 outcome=slice state=NeedPage wall_us=64882 text_us=27 layout_us=63045 visible_us=0 pause_us=599 logging_us=1080 other_us=131 text_calls=1 layout_calls=1 visible_calls=0
2026-10-09T12:20:17.675+00:00 monotonic_ns=13156598177442 INFO - reader-sd resume step=103 state=NeedPage resumed=true retained_window=true outside_step_us=130 outside_step_known=true previous_step_complete=true
2026-10-09T12:20:17.743+00:00 monotonic_ns=13156665916772 INFO - cjk-sd op=stage gap_after_log_us=3790 opens=1 reads=68 bytes=5962 open_us=63 read_us=64158 max_read_us=2025 wall_us=65079 scalars=247 lookups=21
2026-10-09T12:20:17.744+00:00 monotonic_ns=13156666874733 INFO - reader-sd step=103 outcome=slice state=NeedPage wall_us=68517 text_us=29 layout_us=66882 visible_us=0 pause_us=183 logging_us=1265 other_us=158 text_calls=1 layout_calls=1 visible_calls=0
2026-10-09T12:20:17.745+00:00 monotonic_ns=13156667396984 INFO - reader-sd resume step=104 state=NeedPage resumed=true retained_window=true outside_step_us=126 outside_step_known=true previous_step_complete=true
2026-10-09T12:20:17.808+00:00 monotonic_ns=13156731174449 INFO - cjk-sd op=stage gap_after_log_us=3389 opens=1 reads=69 bytes=6050 open_us=43 read_us=60298 max_read_us=1993 wall_us=61149 scalars=247 lookups=22
2026-10-09T12:20:17.810+00:00 monotonic_ns=13156732373580 INFO - reader-sd step=104 outcome=slice state=NeedPage wall_us=64835 text_us=35 layout_us=62956 visible_us=0 pause_us=615 logging_us=1098 other_us=131 text_calls=1 layout_calls=1 visible_calls=0
2026-10-09T12:20:17.810+00:00 monotonic_ns=13156733095711 INFO - reader-sd resume step=105 state=NeedPage resumed=true retained_window=true outside_step_us=127 outside_step_known=true previous_step_complete=true
2026-10-09T12:20:17.879+00:00 monotonic_ns=13156801426091 INFO - cjk-sd op=stage gap_after_log_us=3830 opens=1 reads=67 bytes=6424 open_us=63 read_us=64892 max_read_us=3792 wall_us=65857 scalars=247 lookups=26
2026-10-09T12:20:17.880+00:00 monotonic_ns=13156802441242 INFO - reader-sd step=105 outcome=slice state=NeedPage wall_us=69172 text_us=20 layout_us=67669 visible_us=0 pause_us=188 logging_us=1138 other_us=157 text_calls=1 layout_calls=1 visible_calls=0
2026-10-09T12:20:17.880+00:00 monotonic_ns=13156803053823 INFO - reader-sd resume step=106 state=NeedPage resumed=true retained_window=true outside_step_us=126 outside_step_known=true previous_step_complete=true
2026-10-09T12:20:17.912+00:00 monotonic_ns=13156835130181 INFO - cjk-sd op=stage gap_after_log_us=3490 opens=1 reads=30 bytes=2574 open_us=43 read_us=28905 max_read_us=2015 wall_us=29456 scalars=247 lookups=9
2026-10-09T12:20:17.914+00:00 monotonic_ns=13156837060633 INFO - cjk-sd op=bank gap_after_log_us=34 opens=1 reads=1 bytes=44 open_us=80 read_us=1066 max_read_us=1066 wall_us=1250 scalars=0 lookups=0
2026-10-09T12:20:17.944+00:00 monotonic_ns=13156866408727 INFO - cjk-sd op=prepare gap_after_log_us=4430 opens=1 reads=24 bytes=1170 open_us=193 read_us=21835 max_read_us=2836 wall_us=24072 scalars=174 lookups=0
2026-10-09T12:20:17.946+00:00 monotonic_ns=13156868300299 INFO - reader-sd step=106 outcome=slice state=NeedPage wall_us=65010 text_us=27 layout_us=35819 visible_us=25219 pause_us=899 logging_us=2817 other_us=229 text_calls=1 layout_calls=1 visible_calls=1
2026-10-09T12:20:17.946+00:00 monotonic_ns=13156869078840 INFO - reader-sd resume step=107 state=NeedPage resumed=true retained_window=true outside_step_us=223 outside_step_known=true previous_step_complete=true
2026-10-09T12:20:17.949+00:00 monotonic_ns=13156872044674 INFO - cjk-sd op=stage gap_after_log_us=4835 opens=0 reads=0 bytes=0 open_us=0 read_us=0 max_read_us=0 wall_us=126 scalars=247 lookups=0
2026-10-09T12:20:18.010+00:00 monotonic_ns=13156932899945 INFO - cjk-sd op=prepare gap_after_log_us=4334 opens=1 reads=54 bytes=3446 open_us=165 read_us=54166 max_read_us=3073 wall_us=55685 scalars=174 lookups=0
2026-10-09T12:20:18.011+00:00 monotonic_ns=13156934037757 INFO - reader-sd step=107 outcome=slice state=NeedPage wall_us=64808 text_us=89 layout_us=5284 visible_us=56791 pause_us=252 logging_us=2106 other_us=286 text_calls=1 layout_calls=1 visible_calls=1
2026-10-09T12:20:18.012+00:00 monotonic_ns=13156934601847 INFO - reader-sd resume step=108 state=NeedPage resumed=true retained_window=true outside_step_us=179 outside_step_known=true previous_step_complete=true
2026-10-09T12:20:18.014+00:00 monotonic_ns=13156937227820 INFO - cjk-sd op=stage gap_after_log_us=3683 opens=0 reads=0 bytes=0 open_us=0 read_us=0 max_read_us=0 wall_us=85 scalars=247 lookups=0
2026-10-09T12:20:18.076+00:00 monotonic_ns=13156998289302 INFO - cjk-sd op=prepare gap_after_log_us=4233 opens=1 reads=49 bytes=3124 open_us=134 read_us=54517 max_read_us=2890 wall_us=56083 scalars=174 lookups=0
2026-10-09T12:20:18.077+00:00 monotonic_ns=13156999955584 INFO - reader-sd step=108 outcome=slice state=NeedPage wall_us=64978 text_us=52 layout_us=5069 visible_us=57165 pause_us=773 logging_us=1695 other_us=224 text_calls=1 layout_calls=1 visible_calls=1
2026-10-09T12:20:18.078+00:00 monotonic_ns=13157000525814 INFO - reader-sd resume step=109 state=NeedPage resumed=true retained_window=true outside_step_us=175 outside_step_known=true previous_step_complete=true
2026-10-09T12:20:18.080+00:00 monotonic_ns=13157003229337 INFO - cjk-sd op=stage gap_after_log_us=4224 opens=0 reads=0 bytes=0 open_us=0 read_us=0 max_read_us=0 wall_us=74 scalars=247 lookups=0
2026-10-09T12:20:18.141+00:00 monotonic_ns=13157063808629 INFO - cjk-sd op=prepare gap_after_log_us=4231 opens=1 reads=48 bytes=2988 open_us=158 read_us=53697 max_read_us=2032 wall_us=55485 scalars=174 lookups=0
2026-10-09T12:20:18.142+00:00 monotonic_ns=13157064826640 INFO - reader-sd step=109 outcome=slice state=NeedPage wall_us=63960 text_us=48 layout_us=5066 visible_us=56560 pause_us=228 logging_us=1798 other_us=260 text_calls=1 layout_calls=1 visible_calls=1
2026-10-09T12:20:18.143+00:00 monotonic_ns=13157065403350 INFO - reader-sd resume step=110 state=NeedPage resumed=true retained_window=true outside_step_us=184 outside_step_known=true previous_step_complete=true
2026-10-09T12:20:18.145+00:00 monotonic_ns=13157068128344 INFO - cjk-sd op=stage gap_after_log_us=3714 opens=0 reads=0 bytes=0 open_us=0 read_us=0 max_read_us=0 wall_us=77 scalars=247 lookups=0
2026-10-09T12:20:18.156+00:00 monotonic_ns=13157078526016 INFO - cjk-sd op=prepare gap_after_log_us=4217 opens=1 reads=4 bytes=126 open_us=150 read_us=4698 max_read_us=2017 wall_us=5569 scalars=174 lookups=0
2026-10-09T12:20:18.222+00:00 monotonic_ns=13157144363523 INFO - reader-sd step=110 outcome=ready state=Ready wall_us=78613 text_us=64942 layout_us=5074 visible_us=6649 pause_us=0 logging_us=1639 other_us=309 text_calls=2 layout_calls=1 visible_calls=1
2026-10-09T12:20:18.223+00:00 monotonic_ns=13157145870315 INFO - stats: heap 14/158K peak 42K | stack free 67K hwm 17K | bat 98% 4.1V | up 0:08 | SD:ok
2026-10-09T12:20:18.223+00:00 monotonic_ns=13157146221175 INFO - heap psram: used 18828 B, free 2078324 B, peak 19992 B; reserved 18832 / 1900544 B, peak 20000 B
2026-10-09T12:20:19.082+00:00 monotonic_ns=13158005212902 INFO - display: partial refresh 480x794 at (0, 6) in 858 ms (partial count 1)
2026-10-09T12:20:20.643+00:00 monotonic_ns=13159566084873 INFO - stats: heap 14/158K peak 42K | stack free 67K hwm 17K | bat 98% 4.1V | up 0:08 | SD:ok
2026-10-09T12:20:20.644+00:00 monotonic_ns=13159566392243 INFO - heap psram: used 18828 B, free 2078324 B, peak 19992 B; reserved 18832 / 1900544 B, peak 20000 B
2026-10-09T12:20:21.144+00:00 monotonic_ns=13160066300419 INFO - app: Reader -> Home
2026-10-09T12:20:21.144+00:00 monotonic_ns=13160066828700 INFO - bookmark: cached off=0 ch=0 gen=20 for "ZH2.TXT"
2026-10-09T12:20:21.145+00:00 monotonic_ns=13160067532181 INFO - font: size_idx=2 line_h=49 (native 31 x 160%) ascent=25 max_lines=15 margin=40
2026-10-09T12:20:21.145+00:00 monotonic_ns=13160068076862 INFO - font: size_idx=2 line_h=49 (native 31 x 160%) ascent=25 max_lines=15 margin=40
2026-10-09T12:20:21.274+00:00 monotonic_ns=13160196384612 INFO - stats: heap 1/158K peak 42K | stack free 67K hwm 17K | bat 98% 4.1V | up 0:08 | SD:ok
2026-10-09T12:20:21.274+00:00 monotonic_ns=13160196593072 INFO - heap psram: used 8192 B, free 2088960 B, peak 19992 B; reserved 8192 / 1900544 B, peak 20000 B
2026-10-09T12:20:21.275+00:00 monotonic_ns=13160197349083 INFO - cjk-sd op=stage gap_after_log_us=3118249 opens=0 reads=0 bytes=0 open_us=0 read_us=0 max_read_us=0 wall_us=50 scalars=0 lookups=0
2026-10-09T12:20:21.275+00:00 monotonic_ns=13160198111114 INFO - cjk-sd op=prepare gap_after_log_us=59 opens=0 reads=0 bytes=0 open_us=0 read_us=0 max_read_us=0 wall_us=69 scalars=0 lookups=0
2026-10-09T12:20:22.050+00:00 monotonic_ns=13160973050713 INFO - display: partial refresh 480x800 at (0, 0) in 774 ms (partial count 2)
2026-10-09T12:20:23.100+00:00 monotonic_ns=13162022638244 INFO - bookmarks: flushed 6 slots to SD
2026-10-09T12:20:23.122+00:00 monotonic_ns=13162044853130 INFO - stats: heap 1/158K peak 42K | stack free 67K hwm 17K | bat 98% 4.1V | up 0:08 | SD:ok
2026-10-09T12:20:23.122+00:00 monotonic_ns=13162045210050 INFO - heap psram: used 8192 B, free 2088960 B, peak 19992 B; reserved 8192 / 1900544 B, peak 20000 B
2026-10-09T12:20:23.779+00:00 monotonic_ns=13162701549990 INFO - display: partial refresh 280x118 at (100, 87) in 656 ms (partial count 3)
2026-10-09T12:20:24.462+00:00 monotonic_ns=13163384283620 INFO - stats: heap 1/158K peak 42K | stack free 67K hwm 17K | bat 98% 4.1V | up 0:08 | SD:ok
2026-10-09T12:20:24.462+00:00 monotonic_ns=13163384545791 INFO - heap psram: used 8192 B, free 2088960 B, peak 19992 B; reserved 8192 / 1900544 B, peak 20000 B
2026-10-09T12:20:25.117+00:00 monotonic_ns=13164039958719 INFO - display: partial refresh 280x118 at (100, 153) in 654 ms (partial count 4)
2026-10-09T12:20:25.383+00:00 monotonic_ns=13164305528561 INFO - stats: heap 1/158K peak 42K | stack free 67K hwm 17K | bat 98% 4.1V | up 0:08 | SD:ok
2026-10-09T12:20:25.383+00:00 monotonic_ns=13164305962571 INFO - heap psram: used 8192 B, free 2088960 B, peak 19992 B; reserved 8192 / 1900544 B, peak 20000 B
2026-10-09T12:20:26.040+00:00 monotonic_ns=13164962341121 INFO - display: partial refresh 280x118 at (100, 219) in 656 ms (partial count 5)
2026-10-09T12:20:26.041+00:00 monotonic_ns=13164964232053 INFO - stats: heap 1/158K peak 42K | stack free 67K hwm 17K | bat 98% 4.1V | up 0:08 | SD:ok
2026-10-09T12:20:26.042+00:00 monotonic_ns=13164964496073 INFO - heap psram: used 8192 B, free 2088960 B, peak 19992 B; reserved 8192 / 1900544 B, peak 20000 B
2026-10-09T12:20:26.518+00:00 monotonic_ns=13165441082182 INFO - app: Home -> Settings
2026-10-09T12:20:26.519+00:00 monotonic_ns=13165441515413 INFO - font: size_idx=2 line_h=49 (native 31 x 160%) ascent=25 max_lines=15 margin=40
2026-10-09T12:20:26.519+00:00 monotonic_ns=13165442044233 INFO - font: size_idx=2 line_h=49 (native 31 x 160%) ascent=25 max_lines=15 margin=40
2026-10-09T12:20:26.521+00:00 monotonic_ns=13165443272015 INFO - stats: heap 1/158K peak 42K | stack free 67K hwm 17K | bat 98% 4.1V | up 0:08 | SD:ok
2026-10-09T12:20:26.521+00:00 monotonic_ns=13165443561335 INFO - heap psram: used 8192 B, free 2088960 B, peak 19992 B; reserved 8192 / 1900544 B, peak 20000 B
2026-10-09T12:20:26.522+00:00 monotonic_ns=13165444391036 INFO - cjk-sd op=stage gap_after_log_us=5245775 opens=0 reads=0 bytes=0 open_us=0 read_us=0 max_read_us=0 wall_us=40 scalars=0 lookups=0
2026-10-09T12:20:26.522+00:00 monotonic_ns=13165445112677 INFO - cjk-sd op=prepare gap_after_log_us=58 opens=0 reads=0 bytes=0 open_us=0 read_us=0 max_read_us=0 wall_us=46 scalars=0 lookups=0
2026-10-09T12:20:30.421+00:00 monotonic_ns=13169343892269 INFO - stats: heap 1/158K peak 42K | stack free 67K hwm 17K | bat 98% 4.1V | up 0:08 | SD:ok
2026-10-09T12:20:30.421+00:00 monotonic_ns=13169344204299 INFO - heap psram: used 8192 B, free 2088960 B, peak 19992 B; reserved 8192 / 1900544 B, peak 20000 B
2026-10-09T12:20:31.083+00:00 monotonic_ns=13170005912586 INFO - display: partial refresh 448x86 at (16, 67) in 661 ms (partial count 1)
2026-10-09T12:20:31.085+00:00 monotonic_ns=13170007885788 INFO - stats: heap 1/158K peak 42K | stack free 67K hwm 17K | bat 98% 4.1V | up 0:08 | SD:ok
2026-10-09T12:20:31.085+00:00 monotonic_ns=13170008197828 INFO - heap psram: used 8192 B, free 2088960 B, peak 19992 B; reserved 8192 / 1900544 B, peak 20000 B
2026-10-09T12:20:31.308+00:00 monotonic_ns=13170231141450 INFO - stats: heap 1/158K peak 42K | stack free 67K hwm 17K | bat 98% 4.1V | up 0:08 | SD:ok
2026-10-09T12:20:31.309+00:00 monotonic_ns=13170231501430 INFO - heap psram: used 8192 B, free 2088960 B, peak 19992 B; reserved 8192 / 1900544 B, peak 20000 B
2026-10-09T12:20:31.968+00:00 monotonic_ns=13170891166624 INFO - display: partial refresh 448x86 at (16, 113) in 659 ms (partial count 2)
2026-10-09T12:20:32.666+00:00 monotonic_ns=13171588979202 INFO - settings: saved to SETTINGS.TXT
2026-10-09T12:20:32.668+00:00 monotonic_ns=13171590344624 INFO - stats: heap 1/158K peak 42K | stack free 67K hwm 17K | bat 98% 4.1V | up 0:08 | SD:ok
2026-10-09T12:20:32.668+00:00 monotonic_ns=13171590886754 INFO - heap psram: used 8192 B, free 2088960 B, peak 19992 B; reserved 8192 / 1900544 B, peak 20000 B
2026-10-09T12:20:33.316+00:00 monotonic_ns=13172239267204 INFO - display: partial refresh 280x40 at (184, 159) in 648 ms (partial count 3)
2026-10-09T12:20:35.643+00:00 monotonic_ns=13174566134593 INFO - stats: heap 1/158K peak 42K | stack free 67K hwm 17K | bat 98% 4.1V | up 0:08 | SD:ok
2026-10-09T12:20:35.644+00:00 monotonic_ns=13174566399603 INFO - heap psram: used 8192 B, free 2088960 B, peak 19992 B; reserved 8192 / 1900544 B, peak 20000 B
2026-10-09T12:20:35.759+00:00 monotonic_ns=13174682062329 INFO - app: Settings -> Home
2026-10-09T12:20:35.760+00:00 monotonic_ns=13174682497370 INFO - font: size_idx=3 line_h=59 (native 37 x 160%) ascent=30 max_lines=12 margin=40
2026-10-09T12:20:35.760+00:00 monotonic_ns=13174683006690 INFO - font: size_idx=3 line_h=59 (native 37 x 160%) ascent=30 max_lines=12 margin=40
2026-10-09T12:20:35.888+00:00 monotonic_ns=13174811016380 INFO - stats: heap 1/158K peak 42K | stack free 67K hwm 17K | bat 98% 4.1V | up 0:08 | SD:ok
2026-10-09T12:20:35.889+00:00 monotonic_ns=13174811282871 INFO - heap psram: used 8192 B, free 2088960 B, peak 19992 B; reserved 8192 / 1900544 B, peak 20000 B
2026-10-09T12:20:35.889+00:00 monotonic_ns=13174812162392 INFO - cjk-sd op=stage gap_after_log_us=9366240 opens=0 reads=0 bytes=0 open_us=0 read_us=0 max_read_us=0 wall_us=40 scalars=0 lookups=0
2026-10-09T12:20:35.890+00:00 monotonic_ns=13174812913292 INFO - cjk-sd op=prepare gap_after_log_us=58 opens=0 reads=0 bytes=0 open_us=0 read_us=0 max_read_us=0 wall_us=68 scalars=0 lookups=0
2026-10-09T12:20:36.666+00:00 monotonic_ns=13175588530742 INFO - display: partial refresh 480x800 at (0, 0) in 775 ms (partial count 4)
2026-10-09T12:20:37.236+00:00 monotonic_ns=13176158991341 INFO - app: Home -> Reader
2026-10-09T12:20:37.237+00:00 monotonic_ns=13176159433141 INFO - font: size_idx=3 line_h=59 (native 37 x 160%) ascent=30 max_lines=12 margin=40
2026-10-09T12:20:37.237+00:00 monotonic_ns=13176159932762 INFO - font: size_idx=3 line_h=59 (native 37 x 160%) ascent=30 max_lines=12 margin=40
2026-10-09T12:20:37.237+00:00 monotonic_ns=13176160205282 INFO - [work] reset -> gen 8
2026-10-09T12:20:37.238+00:00 monotonic_ns=13176160614033 INFO - font: size_idx=3 line_h=59 (native 37 x 160%) ascent=30 max_lines=12 margin=40
2026-10-09T12:20:37.238+00:00 monotonic_ns=13176160890023 INFO - reader: opening ZH2.TXT
2026-10-09T12:20:37.239+00:00 monotonic_ns=13176161428934 INFO - reader-sd resume step=111 state=NeedBookmark resumed=false retained_window=false outside_step_us=19016576 outside_step_known=true previous_step_complete=true
2026-10-09T12:20:37.239+00:00 monotonic_ns=13176161887854 INFO - bookmark: restoring off=0 ch=0 for ZH2.TXT
2026-10-09T12:20:37.443+00:00 monotonic_ns=13176365394313 INFO - reader: opened ZH2.TXT (1189 bytes)
2026-10-09T12:20:37.654+00:00 monotonic_ns=13176576484711 INFO - cjk: lookup 1/247 glyphs, about 50209 ms left
2026-10-09T12:20:37.654+00:00 monotonic_ns=13176577143761 INFO - cjk-sd op=stage gap_after_log_us=1558940 opens=1 reads=12 bytes=528 open_us=189452 read_us=14034 max_read_us=2098 wall_us=204615 scalars=247 lookups=1
2026-10-09T12:20:37.655+00:00 monotonic_ns=13176578210653 INFO - reader-sd step=111 outcome=slice state=NeedPage wall_us=416432 text_us=65916 layout_us=211066 visible_us=0 pause_us=138 logging_us=1104 other_us=138208 text_calls=1 layout_calls=1 visible_calls=0
2026-10-09T12:20:37.657+00:00 monotonic_ns=13176579728044 INFO - stats: heap 10/158K peak 42K | stack free 67K hwm 17K | bat 98% 4.1V | up 0:08 | SD:ok
2026-10-09T12:20:37.657+00:00 monotonic_ns=13176580138265 INFO - heap psram: used 8192 B, free 2088960 B, peak 19992 B; reserved 8192 / 1900544 B, peak 20000 B
2026-10-09T12:20:37.658+00:00 monotonic_ns=13176580933046 INFO - cjk-sd op=stage gap_after_log_us=3175 opens=0 reads=0 bytes=0 open_us=0 read_us=0 max_read_us=0 wall_us=5 scalars=0 lookups=0
2026-10-09T12:20:37.659+00:00 monotonic_ns=13176581467517 INFO - cjk-sd op=prepare gap_after_log_us=47 opens=0 reads=0 bytes=0 open_us=0 read_us=0 max_read_us=0 wall_us=58 scalars=0 lookups=0
2026-10-09T12:20:41.553+00:00 monotonic_ns=13180476151494 INFO - reader-sd resume step=112 state=NeedPage resumed=true retained_window=true outside_step_us=3897128 outside_step_known=true previous_step_complete=true
2026-10-09T12:20:41.617+00:00 monotonic_ns=13180539516498 INFO - cjk-sd op=stage gap_after_log_us=3896705 opens=1 reads=64 bytes=7282 open_us=128 read_us=59572 max_read_us=2056 wall_us=60752 scalars=247 lookups=28
2026-10-09T12:20:41.618+00:00 monotonic_ns=13180540398959 INFO - reader-sd step=112 outcome=slice state=NeedPage wall_us=64469 text_us=65 layout_us=62643 visible_us=0 pause_us=203 logging_us=1324 other_us=234 text_calls=1 layout_calls=1 visible_calls=0
2026-10-09T12:20:41.619+00:00 monotonic_ns=13180541891770 INFO - stats: heap 10/158K peak 42K | stack free 67K hwm 17K | bat 98% 4.1V | up 0:08 | SD:ok
2026-10-09T12:20:41.619+00:00 monotonic_ns=13180542246161 INFO - heap psram: used 8192 B, free 2088960 B, peak 19992 B; reserved 8192 / 1900544 B, peak 20000 B
2026-10-09T12:20:41.620+00:00 monotonic_ns=13180542850192 INFO - reader-sd resume step=113 state=NeedPage resumed=true retained_window=true outside_step_us=1890 outside_step_known=true previous_step_complete=true
2026-10-09T12:20:41.685+00:00 monotonic_ns=13180607928648 INFO - cjk: lookup 56/247 glyphs, about 442 ms left
2026-10-09T12:20:41.686+00:00 monotonic_ns=13180608404959 INFO - cjk-sd op=stage gap_after_log_us=5269 opens=1 reads=70 bytes=7524 open_us=51 read_us=61713 max_read_us=2036 wall_us=63117 scalars=247 lookups=27
2026-10-09T12:20:41.687+00:00 monotonic_ns=13180609903300 INFO - reader-sd step=113 outcome=slice state=NeedPage wall_us=66852 text_us=49 layout_us=64911 visible_us=0 pause_us=715 logging_us=1019 other_us=158 text_calls=1 layout_calls=1 visible_calls=0
2026-10-09T12:20:41.688+00:00 monotonic_ns=13180610531831 INFO - reader-sd resume step=114 state=NeedPage resumed=true retained_window=true outside_step_us=211 outside_step_known=true previous_step_complete=true
2026-10-09T12:20:41.751+00:00 monotonic_ns=13180673335435 INFO - cjk-sd op=stage gap_after_log_us=4053 opens=1 reads=64 bytes=6226 open_us=68 read_us=59431 max_read_us=2031 wall_us=60336 scalars=247 lookups=23
2026-10-09T12:20:41.752+00:00 monotonic_ns=13180674366936 INFO - reader-sd step=114 outcome=slice state=NeedPage wall_us=63657 text_us=28 layout_us=62132 visible_us=0 pause_us=366 logging_us=977 other_us=154 text_calls=1 layout_calls=1 visible_calls=0
2026-10-09T12:20:41.752+00:00 monotonic_ns=13180675103307 INFO - reader-sd resume step=115 state=NeedPage resumed=true retained_window=true outside_step_us=139 outside_step_known=true previous_step_complete=true
2026-10-09T12:20:41.816+00:00 monotonic_ns=13180738386561 INFO - cjk-sd op=stage gap_after_log_us=3640 opens=1 reads=66 bytes=7546 open_us=41 read_us=59901 max_read_us=3846 wall_us=60842 scalars=247 lookups=29
2026-10-09T12:20:41.817+00:00 monotonic_ns=13180739721502 INFO - reader-sd step=115 outcome=slice state=NeedPage wall_us=64569 text_us=29 layout_us=62650 visible_us=0 pause_us=612 logging_us=1140 other_us=138 text_calls=1 layout_calls=1 visible_calls=0
2026-10-09T12:20:41.817+00:00 monotonic_ns=13180740193593 INFO - reader-sd resume step=116 state=NeedPage resumed=true retained_window=true outside_step_us=137 outside_step_known=true previous_step_complete=true
2026-10-09T12:20:41.881+00:00 monotonic_ns=13180803444587 INFO - cjk-sd op=stage gap_after_log_us=3726 opens=1 reads=67 bytes=6336 open_us=62 read_us=59827 max_read_us=2062 wall_us=60755 scalars=247 lookups=26
2026-10-09T12:20:41.882+00:00 monotonic_ns=13180804373998 INFO - reader-sd step=116 outcome=slice state=NeedPage wall_us=63907 text_us=26 layout_us=62557 visible_us=0 pause_us=175 logging_us=987 other_us=162 text_calls=1 layout_calls=1 visible_calls=0
2026-10-09T12:20:41.882+00:00 monotonic_ns=13180805056409 INFO - reader-sd resume step=117 state=NeedPage resumed=true retained_window=true outside_step_us=129 outside_step_known=true previous_step_complete=true
2026-10-09T12:20:41.951+00:00 monotonic_ns=13180873635890 INFO - cjk-sd op=stage gap_after_log_us=3517 opens=1 reads=67 bytes=5368 open_us=50 read_us=65337 max_read_us=2027 wall_us=66137 scalars=247 lookups=18
2026-10-09T12:20:41.952+00:00 monotonic_ns=13180875062021 INFO - reader-sd step=117 outcome=slice state=NeedPage wall_us=69840 text_us=31 layout_us=67945 visible_us=0 pause_us=615 logging_us=1113 other_us=136 text_calls=1 layout_calls=1 visible_calls=0
2026-10-09T12:20:41.953+00:00 monotonic_ns=13180875588792 INFO - reader-sd resume step=118 state=NeedPage resumed=true retained_window=true outside_step_us=133 outside_step_known=true previous_step_complete=true
2026-10-09T12:20:42.017+00:00 monotonic_ns=13180940221988 INFO - cjk-sd op=stage gap_after_log_us=3857 opens=1 reads=68 bytes=5214 open_us=57 read_us=61136 max_read_us=2036 wall_us=62009 scalars=247 lookups=18
2026-10-09T12:20:42.018+00:00 monotonic_ns=13180941214169 INFO - reader-sd step=118 outcome=slice state=NeedPage wall_us=65276 text_us=25 layout_us=63812 visible_us=0 pause_us=179 logging_us=1102 other_us=158 text_calls=1 layout_calls=1 visible_calls=0
2026-10-09T12:20:42.019+00:00 monotonic_ns=13180941873590 INFO - reader-sd resume step=119 state=NeedPage resumed=true retained_window=true outside_step_us=129 outside_step_known=true previous_step_complete=true
2026-10-09T12:20:42.085+00:00 monotonic_ns=13181008015707 INFO - cjk-sd op=stage gap_after_log_us=3579 opens=1 reads=65 bytes=5654 open_us=45 read_us=62645 max_read_us=2018 wall_us=63478 scalars=247 lookups=20
2026-10-09T12:20:42.087+00:00 monotonic_ns=13181009372039 INFO - reader-sd step=119 outcome=slice state=NeedPage wall_us=67343 text_us=31 layout_us=65288 visible_us=0 pause_us=615 logging_us=1273 other_us=136 text_calls=1 layout_calls=1 visible_calls=0
2026-10-09T12:20:42.087+00:00 monotonic_ns=13181010043220 INFO - reader-sd resume step=120 state=NeedPage resumed=true retained_window=true outside_step_us=133 outside_step_known=true previous_step_complete=true
2026-10-09T12:20:42.154+00:00 monotonic_ns=13181076320157 INFO - cjk-sd op=stage gap_after_log_us=3959 opens=1 reads=69 bytes=6050 open_us=49 read_us=62705 max_read_us=2063 wall_us=63638 scalars=247 lookups=22
2026-10-09T12:20:42.155+00:00 monotonic_ns=13181077298559 INFO - reader-sd step=120 outcome=slice state=NeedPage wall_us=67077 text_us=25 layout_us=65440 visible_us=0 pause_us=175 logging_us=1279 other_us=158 text_calls=1 layout_calls=1 visible_calls=0
2026-10-09T12:20:42.155+00:00 monotonic_ns=13181077991249 INFO - reader-sd resume step=121 state=NeedPage resumed=true retained_window=true outside_step_us=129 outside_step_known=true previous_step_complete=true
2026-10-09T12:20:42.218+00:00 monotonic_ns=13181140889013 INFO - cjk-sd op=stage gap_after_log_us=3569 opens=1 reads=60 bytes=5588 open_us=49 read_us=59404 max_read_us=3872 wall_us=60234 scalars=247 lookups=23
2026-10-09T12:20:42.220+00:00 monotonic_ns=13181142391275 INFO - reader-sd step=121 outcome=slice state=NeedPage wall_us=64142 text_us=30 layout_us=62043 visible_us=0 pause_us=615 logging_us=1316 other_us=138 text_calls=1 layout_calls=1 visible_calls=0
2026-10-09T12:20:42.220+00:00 monotonic_ns=13181143041555 INFO - reader-sd resume step=122 state=NeedPage resumed=true retained_window=true outside_step_us=133 outside_step_known=true previous_step_complete=true
2026-10-09T12:20:42.261+00:00 monotonic_ns=13181184135824 INFO - cjk-sd op=stage gap_after_log_us=4074 opens=1 reads=37 bytes=3410 open_us=58 read_us=37742 max_read_us=2043 wall_us=38435 scalars=247 lookups=12
2026-10-09T12:20:42.263+00:00 monotonic_ns=13181185986496 INFO - cjk-sd op=bank gap_after_log_us=34 opens=1 reads=1 bytes=44 open_us=68 read_us=1029 max_read_us=1029 wall_us=1204 scalars=0 lookups=0
2026-10-09T12:20:42.284+00:00 monotonic_ns=13181206412310 INFO - cjk-sd op=prepare gap_after_log_us=3161 opens=1 reads=14 bytes=770 open_us=188 read_us=13943 max_read_us=2901 wall_us=16215 scalars=133 lookups=0
2026-10-09T12:20:42.285+00:00 monotonic_ns=13181207467191 INFO - reader-sd step=122 outcome=slice state=NeedPage wall_us=64446 text_us=24 layout_us=43786 visible_us=17059 pause_us=299 logging_us=3013 other_us=265 text_calls=1 layout_calls=1 visible_calls=1
2026-10-09T12:20:42.285+00:00 monotonic_ns=13181208202942 INFO - reader-sd resume step=123 state=NeedPage resumed=true retained_window=true outside_step_us=222 outside_step_known=true previous_step_complete=true
2026-10-09T12:20:42.288+00:00 monotonic_ns=13181211141435 INFO - cjk-sd op=stage gap_after_log_us=3946 opens=0 reads=0 bytes=0 open_us=0 read_us=0 max_read_us=0 wall_us=129 scalars=247 lookups=0
2026-10-09T12:20:42.349+00:00 monotonic_ns=13181272226327 INFO - cjk-sd op=prepare gap_after_log_us=3142 opens=1 reads=46 bytes=4431 open_us=131 read_us=55861 max_read_us=3075 wall_us=57141 scalars=133 lookups=0
2026-10-09T12:20:42.351+00:00 monotonic_ns=13181273922439 INFO - reader-sd step=123 outcome=slice state=NeedPage wall_us=65442 text_us=70 layout_us=4414 visible_us=57952 pause_us=831 logging_us=1904 other_us=271 text_calls=1 layout_calls=1 visible_calls=1
2026-10-09T12:20:42.352+00:00 monotonic_ns=13181274501440 INFO - reader-sd resume step=124 state=NeedPage resumed=true retained_window=true outside_step_us=189 outside_step_known=true previous_step_complete=true
2026-10-09T12:20:42.354+00:00 monotonic_ns=13181277185123 INFO - cjk-sd op=stage gap_after_log_us=4285 opens=0 reads=0 bytes=0 open_us=0 read_us=0 max_read_us=0 wall_us=88 scalars=247 lookups=0
2026-10-09T12:20:42.417+00:00 monotonic_ns=13181339341716 INFO - cjk-sd op=prepare gap_after_log_us=3044 opens=1 reads=42 bytes=4153 open_us=136 read_us=56864 max_read_us=2956 wall_us=58327 scalars=133 lookups=0
2026-10-09T12:20:42.418+00:00 monotonic_ns=13181340369647 INFO - reader-sd step=124 outcome=slice state=NeedPage wall_us=65611 text_us=53 layout_us=4162 visible_us=59133 pause_us=226 logging_us=1807 other_us=230 text_calls=1 layout_calls=1 visible_calls=1
2026-10-09T12:20:42.418+00:00 monotonic_ns=13181341098678 INFO - reader-sd resume step=125 state=NeedPage resumed=true retained_window=true outside_step_us=167 outside_step_known=true previous_step_complete=true
2026-10-09T12:20:42.421+00:00 monotonic_ns=13181343844881 INFO - cjk-sd op=stage gap_after_log_us=3826 opens=0 reads=0 bytes=0 open_us=0 read_us=0 max_read_us=0 wall_us=86 scalars=247 lookups=0
2026-10-09T12:20:42.472+00:00 monotonic_ns=13181394562491 INFO - cjk-sd op=prepare gap_after_log_us=2983 opens=1 reads=35 bytes=3245 open_us=162 read_us=45568 max_read_us=2844 wall_us=46974 scalars=133 lookups=0
2026-10-09T12:20:42.539+00:00 monotonic_ns=13181461398929 INFO - reader-sd step=125 outcome=ready state=Ready wall_us=120142 text_us=66015 layout_us=4174 visible_us=47737 pause_us=0 logging_us=1891 other_us=325 text_calls=2 layout_calls=1 visible_calls=1
2026-10-09T12:20:42.540+00:00 monotonic_ns=13181462931991 INFO - stats: heap 13/158K peak 42K | stack free 67K hwm 17K | bat 98% 4.1V | up 0:08 | SD:ok
2026-10-09T12:20:42.540+00:00 monotonic_ns=13181463242511 INFO - heap psram: used 20616 B, free 2076536 B, peak 20616 B; reserved 20624 / 1900544 B, peak 20624 B
2026-10-09T12:20:43.375+00:00 monotonic_ns=13182298077690 INFO - display: partial refresh 480x794 at (0, 6) in 834 ms (partial count 1)
2026-10-09T12:20:45.286+00:00 monotonic_ns=13184208990101 INFO - app: Reader -> Home
2026-10-09T12:20:45.287+00:00 monotonic_ns=13184209346691 INFO - bookmark: cached off=0 ch=0 gen=21 for "ZH2.TXT"
2026-10-09T12:20:45.287+00:00 monotonic_ns=13184210126262 INFO - font: size_idx=3 line_h=59 (native 37 x 160%) ascent=30 max_lines=12 margin=40
2026-10-09T12:20:45.288+00:00 monotonic_ns=13184210479403 INFO - font: size_idx=3 line_h=59 (native 37 x 160%) ascent=30 max_lines=12 margin=40
2026-10-09T12:20:45.416+00:00 monotonic_ns=13184338941833 INFO - stats: heap 1/158K peak 42K | stack free 67K hwm 17K | bat 98% 4.1V | up 0:08 | SD:ok
2026-10-09T12:20:45.416+00:00 monotonic_ns=13184339256364 INFO - heap psram: used 8192 B, free 2088960 B, peak 20616 B; reserved 8192 / 1900544 B, peak 20624 B
2026-10-09T12:20:45.417+00:00 monotonic_ns=13184340183325 INFO - cjk-sd op=stage gap_after_log_us=2944902 opens=0 reads=0 bytes=0 open_us=0 read_us=0 max_read_us=0 wall_us=53 scalars=0 lookups=0
2026-10-09T12:20:45.418+00:00 monotonic_ns=13184340910525 INFO - cjk-sd op=prepare gap_after_log_us=60 opens=0 reads=0 bytes=0 open_us=0 read_us=0 max_read_us=0 wall_us=68 scalars=0 lookups=0
2026-10-09T12:20:46.193+00:00 monotonic_ns=13185115773054 INFO - display: partial refresh 480x800 at (0, 0) in 774 ms (partial count 2)
2026-10-09T12:20:46.195+00:00 monotonic_ns=13185117622906 INFO - stats: heap 1/158K peak 42K | stack free 67K hwm 17K | bat 98% 4.1V | up 0:08 | SD:ok
2026-10-09T12:20:46.195+00:00 monotonic_ns=13185118131897 INFO - heap psram: used 8192 B, free 2088960 B, peak 20616 B; reserved 8192 / 1900544 B, peak 20624 B
2026-10-09T12:20:47.018+00:00 monotonic_ns=13185941075582 INFO - stats: heap 1/158K peak 42K | stack free 67K hwm 17K | bat 98% 4.1V | up 0:08 | SD:ok
2026-10-09T12:20:47.019+00:00 monotonic_ns=13185941299792 INFO - heap psram: used 8192 B, free 2088960 B, peak 20616 B; reserved 8192 / 1900544 B, peak 20624 B
2026-10-09T12:20:47.674+00:00 monotonic_ns=13186596433131 INFO - display: partial refresh 280x118 at (100, 87) in 655 ms (partial count 3)
2026-10-09T12:20:47.705+00:00 monotonic_ns=13186627876127 INFO - battery: cell 4154 mV, 96% (periodic)
2026-10-09T12:20:47.870+00:00 monotonic_ns=13186792335350 INFO - stats: heap 1/158K peak 42K | stack free 67K hwm 17K | bat 96% 4.1V | up 0:08 | SD:ok
2026-10-09T12:20:47.870+00:00 monotonic_ns=13186792613331 INFO - heap psram: used 8192 B, free 2088960 B, peak 20616 B; reserved 8192 / 1900544 B, peak 20624 B
2026-10-09T12:20:48.525+00:00 monotonic_ns=13187448104310 INFO - display: partial refresh 280x118 at (100, 153) in 654 ms (partial count 4)
2026-10-09T12:20:48.720+00:00 monotonic_ns=13187642488738 INFO - stats: heap 1/158K peak 42K | stack free 67K hwm 17K | bat 96% 4.1V | up 0:08 | SD:ok
2026-10-09T12:20:48.720+00:00 monotonic_ns=13187642951968 INFO - heap psram: used 8192 B, free 2088960 B, peak 20616 B; reserved 8192 / 1900544 B, peak 20624 B
2026-10-09T12:20:49.377+00:00 monotonic_ns=13188299369938 INFO - display: partial refresh 280x118 at (100, 219) in 656 ms (partial count 5)
2026-10-09T12:20:49.855+00:00 monotonic_ns=13188778036029 INFO - app: Home -> Settings
2026-10-09T12:20:49.856+00:00 monotonic_ns=13188778496319 INFO - font: size_idx=3 line_h=59 (native 37 x 160%) ascent=30 max_lines=12 margin=40
2026-10-09T12:20:49.856+00:00 monotonic_ns=13188778951090 INFO - font: size_idx=3 line_h=59 (native 37 x 160%) ascent=30 max_lines=12 margin=40
2026-10-09T12:20:49.858+00:00 monotonic_ns=13188780313062 INFO - stats: heap 1/158K peak 42K | stack free 67K hwm 17K | bat 96% 4.1V | up 0:08 | SD:ok
2026-10-09T12:20:49.858+00:00 monotonic_ns=13188780634402 INFO - heap psram: used 8192 B, free 2088960 B, peak 20616 B; reserved 8192 / 1900544 B, peak 20624 B
2026-10-09T12:20:49.859+00:00 monotonic_ns=13188781430823 INFO - cjk-sd op=stage gap_after_log_us=4440005 opens=0 reads=0 bytes=0 open_us=0 read_us=0 max_read_us=0 wall_us=28 scalars=0 lookups=0
2026-10-09T12:20:49.859+00:00 monotonic_ns=13188782140054 INFO - cjk-sd op=prepare gap_after_log_us=36 opens=0 reads=0 bytes=0 open_us=0 read_us=0 max_read_us=0 wall_us=31 scalars=0 lookups=0
2026-10-09T12:20:53.863+00:00 monotonic_ns=13192786210979 INFO - bookmarks: flushed 6 slots to SD
2026-10-09T12:20:53.865+00:00 monotonic_ns=13192787448561 INFO - stats: heap 1/158K peak 42K | stack free 67K hwm 17K | bat 96% 4.1V | up 0:08 | SD:ok
2026-10-09T12:20:53.865+00:00 monotonic_ns=13192787880501 INFO - heap psram: used 8192 B, free 2088960 B, peak 20616 B; reserved 8192 / 1900544 B, peak 20624 B
2026-10-09T12:20:54.668+00:00 monotonic_ns=13193591108073 INFO - settings: saved to SETTINGS.TXT
2026-10-09T12:20:54.670+00:00 monotonic_ns=13193592399445 INFO - stats: heap 1/158K peak 42K | stack free 67K hwm 17K | bat 96% 4.1V | up 0:08 | SD:ok
2026-10-09T12:20:54.670+00:00 monotonic_ns=13193592825415 INFO - heap psram: used 8192 B, free 2088960 B, peak 20616 B; reserved 8192 / 1900544 B, peak 20624 B
2026-10-09T12:20:55.318+00:00 monotonic_ns=13194240646105 INFO - display: partial refresh 280x40 at (184, 67) in 647 ms (partial count 1)
2026-10-09T12:20:55.547+00:00 monotonic_ns=13194470269034 INFO - settings: saved to SETTINGS.TXT
2026-10-09T12:20:55.549+00:00 monotonic_ns=13194471605966 INFO - stats: heap 1/158K peak 42K | stack free 67K hwm 17K | bat 96% 4.1V | up 0:08 | SD:ok
2026-10-09T12:20:55.549+00:00 monotonic_ns=13194472129456 INFO - heap psram: used 8192 B, free 2088960 B, peak 20616 B; reserved 8192 / 1900544 B, peak 20624 B
2026-10-09T12:20:56.196+00:00 monotonic_ns=13195119196875 INFO - display: partial refresh 280x40 at (184, 67) in 646 ms (partial count 2)
2026-10-09T12:20:56.198+00:00 monotonic_ns=13195121246588 INFO - stats: heap 1/158K peak 42K | stack free 67K hwm 17K | bat 96% 4.1V | up 0:08 | SD:ok
2026-10-09T12:20:56.199+00:00 monotonic_ns=13195121546688 INFO - heap psram: used 8192 B, free 2088960 B, peak 20616 B; reserved 8192 / 1900544 B, peak 20624 B
2026-10-09T12:20:56.788+00:00 monotonic_ns=13195710486788 INFO - stats: heap 1/158K peak 42K | stack free 67K hwm 17K | bat 96% 4.1V | up 0:08 | SD:ok
2026-10-09T12:20:56.788+00:00 monotonic_ns=13195710917239 INFO - heap psram: used 8192 B, free 2088960 B, peak 20616 B; reserved 8192 / 1900544 B, peak 20624 B
2026-10-09T12:20:57.450+00:00 monotonic_ns=13196372365955 INFO - display: partial refresh 448x86 at (16, 67) in 661 ms (partial count 3)
2026-10-09T12:20:57.502+00:00 monotonic_ns=13196424492806 INFO - stats: heap 1/158K peak 42K | stack free 67K hwm 17K | bat 96% 4.1V | up 0:08 | SD:ok
2026-10-09T12:20:57.502+00:00 monotonic_ns=13196424925886 INFO - heap psram: used 8192 B, free 2088960 B, peak 20616 B; reserved 8192 / 1900544 B, peak 20624 B
2026-10-09T12:20:58.162+00:00 monotonic_ns=13197084470860 INFO - display: partial refresh 448x86 at (16, 113) in 659 ms (partial count 4)
2026-10-09T12:20:58.391+00:00 monotonic_ns=13197314071349 INFO - settings: saved to SETTINGS.TXT
2026-10-09T12:20:58.393+00:00 monotonic_ns=13197315410461 INFO - stats: heap 1/158K peak 42K | stack free 67K hwm 17K | bat 96% 4.1V | up 0:08 | SD:ok
2026-10-09T12:20:58.393+00:00 monotonic_ns=13197315920451 INFO - heap psram: used 8192 B, free 2088960 B, peak 20616 B; reserved 8192 / 1900544 B, peak 20624 B
2026-10-09T12:20:59.042+00:00 monotonic_ns=13197964293211 INFO - display: partial refresh 280x40 at (184, 159) in 648 ms (partial count 5)
2026-10-09T12:20:59.073+00:00 monotonic_ns=13197995522628 INFO - app: Settings -> Home
2026-10-09T12:20:59.073+00:00 monotonic_ns=13197996148629 INFO - font: size_idx=4 line_h=75 (native 47 x 160%) ascent=37 max_lines=10 margin=40
2026-10-09T12:20:59.074+00:00 monotonic_ns=13197996480429 INFO - font: size_idx=4 line_h=75 (native 47 x 160%) ascent=37 max_lines=10 margin=40
2026-10-09T12:20:59.202+00:00 monotonic_ns=13198124374159 INFO - stats: heap 1/158K peak 42K | stack free 67K hwm 17K | bat 96% 4.1V | up 0:08 | SD:ok
2026-10-09T12:20:59.202+00:00 monotonic_ns=13198124868500 INFO - heap psram: used 8192 B, free 2088960 B, peak 20616 B; reserved 8192 / 1900544 B, peak 20624 B
2026-10-09T12:20:59.203+00:00 monotonic_ns=13198125559041 INFO - cjk-sd op=stage gap_after_log_us=9342854 opens=0 reads=0 bytes=0 open_us=0 read_us=0 max_read_us=0 wall_us=44 scalars=0 lookups=0
2026-10-09T12:20:59.204+00:00 monotonic_ns=13198126265951 INFO - cjk-sd op=prepare gap_after_log_us=62 opens=0 reads=0 bytes=0 open_us=0 read_us=0 max_read_us=0 wall_us=67 scalars=0 lookups=0
2026-10-09T12:20:59.978+00:00 monotonic_ns=13198901126320 INFO - display: partial refresh 480x800 at (0, 0) in 774 ms (partial count 6)
2026-10-09T12:21:00.488+00:00 monotonic_ns=13199410448687 INFO - app: Home -> Reader
2026-10-09T12:21:00.488+00:00 monotonic_ns=13199411121188 INFO - font: size_idx=4 line_h=75 (native 47 x 160%) ascent=37 max_lines=10 margin=40
2026-10-09T12:21:00.489+00:00 monotonic_ns=13199411405259 INFO - font: size_idx=4 line_h=75 (native 47 x 160%) ascent=37 max_lines=10 margin=40
2026-10-09T12:21:00.489+00:00 monotonic_ns=13199411738459 INFO - [work] reset -> gen 9
2026-10-09T12:21:00.489+00:00 monotonic_ns=13199412162549 INFO - font: size_idx=4 line_h=75 (native 47 x 160%) ascent=37 max_lines=10 margin=40
2026-10-09T12:21:00.490+00:00 monotonic_ns=13199412288710 INFO - reader: opening ZH2.TXT
2026-10-09T12:21:00.490+00:00 monotonic_ns=13199412988280 INFO - reader-sd resume step=126 state=NeedBookmark resumed=false retained_window=false outside_step_us=17950898 outside_step_known=true previous_step_complete=true
2026-10-09T12:21:00.491+00:00 monotonic_ns=13199413283271 INFO - bookmark: restoring off=0 ch=0 for ZH2.TXT
2026-10-09T12:21:00.694+00:00 monotonic_ns=13199616937920 INFO - reader: opened ZH2.TXT (1189 bytes)
2026-10-09T12:21:00.905+00:00 monotonic_ns=13199827915697 INFO - cjk: lookup 1/247 glyphs, about 50141 ms left
2026-10-09T12:21:00.906+00:00 monotonic_ns=13199828412158 INFO - cjk-sd op=stage gap_after_log_us=1497119 opens=1 reads=12 bytes=528 open_us=189565 read_us=13634 max_read_us=1998 wall_us=204497 scalars=247 lookups=1
2026-10-09T12:21:00.907+00:00 monotonic_ns=13199829391789 INFO - reader-sd step=126 outcome=slice state=NeedPage wall_us=416326 text_us=66088 layout_us=210952 visible_us=0 pause_us=134 logging_us=1093 other_us=138059 text_calls=1 layout_calls=1 visible_calls=0
2026-10-09T12:21:00.908+00:00 monotonic_ns=13199830913840 INFO - stats: heap 10/158K peak 42K | stack free 67K hwm 17K | bat 96% 4.1V | up 0:08 | SD:ok
2026-10-09T12:21:00.909+00:00 monotonic_ns=13199831274951 INFO - heap psram: used 8192 B, free 2088960 B, peak 20616 B; reserved 8192 / 1900544 B, peak 20624 B
2026-10-09T12:21:00.909+00:00 monotonic_ns=13199832072852 INFO - cjk-sd op=stage gap_after_log_us=3055 opens=0 reads=0 bytes=0 open_us=0 read_us=0 max_read_us=0 wall_us=5 scalars=0 lookups=0
2026-10-09T12:21:00.910+00:00 monotonic_ns=13199832609362 INFO - cjk-sd op=prepare gap_after_log_us=47 opens=0 reads=0 bytes=0 open_us=0 read_us=0 max_read_us=0 wall_us=58 scalars=0 lookups=0
2026-10-09T12:21:04.804+00:00 monotonic_ns=13203727180649 INFO - reader-sd resume step=127 state=NeedPage resumed=true retained_window=true outside_step_us=3896994 outside_step_known=true previous_step_complete=true
2026-10-09T12:21:04.868+00:00 monotonic_ns=13203790359793 INFO - cjk-sd op=stage gap_after_log_us=3896579 opens=1 reads=64 bytes=7282 open_us=129 read_us=59145 max_read_us=1996 wall_us=60329 scalars=247 lookups=28
2026-10-09T12:21:04.869+00:00 monotonic_ns=13203791443665 INFO - reader-sd step=127 outcome=slice state=NeedPage wall_us=64264 text_us=65 layout_us=62223 visible_us=0 pause_us=203 logging_us=1527 other_us=246 text_calls=1 layout_calls=1 visible_calls=0
2026-10-09T12:21:04.870+00:00 monotonic_ns=13203792910096 INFO - stats: heap 10/158K peak 42K | stack free 67K hwm 17K | bat 96% 4.1V | up 0:08 | SD:ok
2026-10-09T12:21:04.870+00:00 monotonic_ns=13203793218927 INFO - heap psram: used 8192 B, free 2088960 B, peak 20616 B; reserved 8192 / 1900544 B, peak 20624 B
2026-10-09T12:21:04.871+00:00 monotonic_ns=13203793685047 INFO - reader-sd resume step=128 state=NeedPage resumed=true retained_window=true outside_step_us=1890 outside_step_known=true previous_step_complete=true
2026-10-09T12:21:04.936+00:00 monotonic_ns=13203858693554 INFO - cjk: lookup 56/247 glyphs, about 443 ms left
2026-10-09T12:21:04.937+00:00 monotonic_ns=13203859286274 INFO - cjk-sd op=stage gap_after_log_us=5273 opens=1 reads=70 bytes=7524 open_us=55 read_us=61839 max_read_us=2017 wall_us=63076 scalars=247 lookups=27
2026-10-09T12:21:04.938+00:00 monotonic_ns=13203860876596 INFO - reader-sd step=128 outcome=slice state=NeedPage wall_us=66831 text_us=45 layout_us=64901 visible_us=0 pause_us=720 logging_us=997 other_us=168 text_calls=1 layout_calls=1 visible_calls=0
2026-10-09T12:21:04.939+00:00 monotonic_ns=13203861489687 INFO - reader-sd resume step=129 state=NeedPage resumed=true retained_window=true outside_step_us=215 outside_step_known=true previous_step_complete=true
2026-10-09T12:21:05.003+00:00 monotonic_ns=13203925351282 INFO - cjk-sd op=stage gap_after_log_us=4103 opens=1 reads=64 bytes=6226 open_us=70 read_us=60342 max_read_us=2034 wall_us=61252 scalars=247 lookups=23
2026-10-09T12:21:05.004+00:00 monotonic_ns=13203926404363 INFO - reader-sd step=129 outcome=slice state=NeedPage wall_us=64725 text_us=31 layout_us=63076 visible_us=0 pause_us=370 logging_us=1085 other_us=163 text_calls=1 layout_calls=1 visible_calls=0
2026-10-09T12:21:05.004+00:00 monotonic_ns=13203927123514 INFO - reader-sd resume step=130 state=NeedPage resumed=true retained_window=true outside_step_us=144 outside_step_known=true previous_step_complete=true
2026-10-09T12:21:05.073+00:00 monotonic_ns=13203996104685 INFO - cjk-sd op=stage gap_after_log_us=3656 opens=1 reads=71 bytes=7898 open_us=47 read_us=65377 max_read_us=3725 wall_us=66351 scalars=247 lookups=30
2026-10-09T12:21:05.075+00:00 monotonic_ns=13203997403226 INFO - reader-sd step=130 outcome=slice state=NeedPage wall_us=70249 text_us=32 layout_us=68183 visible_us=0 pause_us=613 logging_us=1281 other_us=140 text_calls=1 layout_calls=1 visible_calls=0
2026-10-09T12:21:05.075+00:00 monotonic_ns=13203998091837 INFO - reader-sd resume step=131 state=NeedPage resumed=true retained_window=true outside_step_us=126 outside_step_known=true previous_step_complete=true
2026-10-09T12:21:05.138+00:00 monotonic_ns=13204061207851 INFO - cjk-sd op=stage gap_after_log_us=3913 opens=1 reads=73 bytes=6908 open_us=55 read_us=59488 max_read_us=2900 wall_us=60458 scalars=247 lookups=28
2026-10-09T12:21:05.139+00:00 monotonic_ns=13204062227002 INFO - reader-sd step=131 outcome=slice state=NeedPage wall_us=63952 text_us=27 layout_us=62277 visible_us=0 pause_us=179 logging_us=1306 other_us=163 text_calls=1 layout_calls=1 visible_calls=0
2026-10-09T12:21:05.140+00:00 monotonic_ns=13204062893963 INFO - reader-sd resume step=132 state=NeedPage resumed=true retained_window=true outside_step_us=119 outside_step_known=true previous_step_complete=true
2026-10-09T12:21:05.205+00:00 monotonic_ns=13204127350849 INFO - cjk-sd op=stage gap_after_log_us=3589 opens=1 reads=64 bytes=5324 open_us=51 read_us=61074 max_read_us=1955 wall_us=61873 scalars=247 lookups=18
2026-10-09T12:21:05.206+00:00 monotonic_ns=13204128636420 INFO - reader-sd step=132 outcome=slice state=NeedPage wall_us=65720 text_us=31 layout_us=63701 visible_us=0 pause_us=616 logging_us=1229 other_us=143 text_calls=1 layout_calls=1 visible_calls=0
2026-10-09T12:21:05.206+00:00 monotonic_ns=13204129256141 INFO - reader-sd resume step=133 state=NeedPage resumed=true retained_window=true outside_step_us=129 outside_step_known=true previous_step_complete=true
2026-10-09T12:21:05.272+00:00 monotonic_ns=13204194660967 INFO - cjk-sd op=stage gap_after_log_us=3810 opens=1 reads=72 bytes=5302 open_us=59 read_us=62063 max_read_us=1991 wall_us=62949 scalars=247 lookups=20
2026-10-09T12:21:05.273+00:00 monotonic_ns=13204195482888 INFO - reader-sd step=133 outcome=slice state=NeedPage wall_us=66164 text_us=28 layout_us=64778 visible_us=0 pause_us=171 logging_us=1027 other_us=160 text_calls=1 layout_calls=1 visible_calls=0
2026-10-09T12:21:05.273+00:00 monotonic_ns=13204196140329 INFO - reader-sd resume step=134 state=NeedPage resumed=true retained_window=true outside_step_us=122 outside_step_known=true previous_step_complete=true
2026-10-09T12:21:05.336+00:00 monotonic_ns=13204258914223 INFO - cjk-sd op=stage gap_after_log_us=3404 opens=1 reads=58 bytes=5258 open_us=46 read_us=59328 max_read_us=2008 wall_us=60102 scalars=247 lookups=17
2026-10-09T12:21:05.338+00:00 monotonic_ns=13204260390365 INFO - reader-sd step=134 outcome=slice state=NeedPage wall_us=63997 text_us=31 layout_us=61934 visible_us=0 pause_us=615 logging_us=1274 other_us=143 text_calls=1 layout_calls=1 visible_calls=0
2026-10-09T12:21:05.338+00:00 monotonic_ns=13204261056335 INFO - reader-sd resume step=135 state=NeedPage resumed=true retained_window=true outside_step_us=129 outside_step_known=true previous_step_complete=true
2026-10-09T12:21:05.401+00:00 monotonic_ns=13204323658109 INFO - cjk-sd op=stage gap_after_log_us=4090 opens=1 reads=67 bytes=5764 open_us=59 read_us=59196 max_read_us=2014 wall_us=60112 scalars=247 lookups=21
2026-10-09T12:21:05.402+00:00 monotonic_ns=13204324517880 INFO - reader-sd step=135 outcome=slice state=NeedPage wall_us=63444 text_us=28 layout_us=61940 visible_us=0 pause_us=179 logging_us=1137 other_us=160 text_calls=1 layout_calls=1 visible_calls=0
2026-10-09T12:21:05.402+00:00 monotonic_ns=13204325137861 INFO - reader-sd resume step=136 state=NeedPage resumed=true retained_window=true outside_step_us=119 outside_step_known=true previous_step_complete=true
2026-10-09T12:21:05.466+00:00 monotonic_ns=13204388600285 INFO - cjk-sd op=stage gap_after_log_us=3403 opens=1 reads=64 bytes=6138 open_us=47 read_us=60085 max_read_us=3757 wall_us=60934 scalars=247 lookups=25
2026-10-09T12:21:05.467+00:00 monotonic_ns=13204390039636 INFO - reader-sd step=136 outcome=slice state=NeedPage wall_us=64674 text_us=32 layout_us=62765 visible_us=0 pause_us=616 logging_us=1121 other_us=140 text_calls=1 layout_calls=1 visible_calls=0
2026-10-09T12:21:05.468+00:00 monotonic_ns=13204390548397 INFO - reader-sd resume step=137 state=NeedPage resumed=true retained_window=true outside_step_us=130 outside_step_known=true previous_step_complete=true
2026-10-09T12:21:05.500+00:00 monotonic_ns=13204422382075 INFO - cjk-sd op=stage gap_after_log_us=3906 opens=1 reads=30 bytes=2574 open_us=59 read_us=28607 max_read_us=1949 wall_us=29241 scalars=247 lookups=9
2026-10-09T12:21:05.501+00:00 monotonic_ns=13204424193057 INFO - cjk-sd op=bank gap_after_log_us=34 opens=1 reads=1 bytes=44 open_us=69 read_us=1000 max_read_us=1000 wall_us=1176 scalars=0 lookups=0
2026-10-09T12:21:05.532+00:00 monotonic_ns=13204454500312 INFO - cjk-sd op=prepare gap_after_log_us=2296 opens=1 reads=20 bytes=2107 open_us=188 read_us=24936 max_read_us=2822 wall_us=27192 scalars=89 lookups=0
2026-10-09T12:21:05.533+00:00 monotonic_ns=13204455580213 INFO - reader-sd step=137 outcome=slice state=NeedPage wall_us=64818 text_us=27 layout_us=33935 visible_us=27819 pause_us=294 logging_us=2477 other_us=266 text_calls=1 layout_calls=1 visible_calls=1
2026-10-09T12:21:05.534+00:00 monotonic_ns=13204456291904 INFO - reader-sd resume step=138 state=NeedPage resumed=true retained_window=true outside_step_us=234 outside_step_known=true previous_step_complete=true
2026-10-09T12:21:05.536+00:00 monotonic_ns=13204459154538 INFO - cjk-sd op=stage gap_after_log_us=3894 opens=0 reads=0 bytes=0 open_us=0 read_us=0 max_read_us=0 wall_us=129 scalars=247 lookups=0
2026-10-09T12:21:05.597+00:00 monotonic_ns=13204519549129 INFO - cjk-sd op=prepare gap_after_log_us=2236 opens=1 reads=35 bytes=5055 open_us=136 read_us=56324 max_read_us=3074 wall_us=57519 scalars=89 lookups=0
2026-10-09T12:21:05.599+00:00 monotonic_ns=13204521300611 INFO - reader-sd step=138 outcome=slice state=NeedPage wall_us=64733 text_us=67 layout_us=3706 visible_us=58132 pause_us=849 logging_us=1681 other_us=298 text_calls=1 layout_calls=1 visible_calls=1
2026-10-09T12:21:05.599+00:00 monotonic_ns=13204522117942 INFO - reader-sd resume step=139 state=NeedPage resumed=true retained_window=true outside_step_us=168 outside_step_known=true previous_step_complete=true
2026-10-09T12:21:05.602+00:00 monotonic_ns=13204524579785 INFO - cjk-sd op=stage gap_after_log_us=4524 opens=0 reads=0 bytes=0 open_us=0 read_us=0 max_read_us=0 wall_us=86 scalars=247 lookups=0
2026-10-09T12:21:05.665+00:00 monotonic_ns=13204587427028 INFO - cjk-sd op=prepare gap_after_log_us=2229 opens=1 reads=33 bytes=4681 open_us=149 read_us=58391 max_read_us=2963 wall_us=59752 scalars=89 lookups=0
2026-10-09T12:21:05.666+00:00 monotonic_ns=13204588418069 INFO - reader-sd step=139 outcome=slice state=NeedPage wall_us=66362 text_us=53 layout_us=3560 visible_us=60348 pause_us=261 logging_us=1885 other_us=255 text_calls=1 layout_calls=1 visible_calls=1
2026-10-09T12:21:05.666+00:00 monotonic_ns=13204589165390 INFO - reader-sd resume step=140 state=NeedPage resumed=true retained_window=true outside_step_us=193 outside_step_known=true previous_step_complete=true
2026-10-09T12:21:05.669+00:00 monotonic_ns=13204591963323 INFO - cjk-sd op=stage gap_after_log_us=3824 opens=0 reads=0 bytes=0 open_us=0 read_us=0 max_read_us=0 wall_us=92 scalars=247 lookups=0
2026-10-09T12:21:05.681+00:00 monotonic_ns=13204603333607 INFO - cjk-sd op=prepare gap_after_log_us=2147 opens=1 reads=5 bytes=355 open_us=151 read_us=7722 max_read_us=3066 wall_us=8617 scalars=89 lookups=0
2026-10-09T12:21:05.747+00:00 monotonic_ns=13204670147165 INFO - reader-sd step=140 outcome=ready state=Ready wall_us=80734 text_us=65856 layout_us=3545 visible_us=9202 pause_us=0 logging_us=1813 other_us=318 text_calls=2 layout_calls=1 visible_calls=1
2026-10-09T12:21:05.749+00:00 monotonic_ns=13204671554737 INFO - stats: heap 12/158K peak 42K | stack free 67K hwm 17K | bat 96% 4.1V | up 0:08 | SD:ok
2026-10-09T12:21:05.749+00:00 monotonic_ns=13204672043667 INFO - heap psram: used 20216 B, free 2076936 B, peak 20616 B; reserved 20224 / 1900544 B, peak 20624 B
2026-10-09T12:21:06.569+00:00 monotonic_ns=13205492267709 INFO - display: partial refresh 480x794 at (0, 6) in 819 ms (partial count 1)
2026-10-09T12:21:06.572+00:00 monotonic_ns=13205494500102 INFO - stats: heap 12/158K peak 42K | stack free 67K hwm 17K | bat 96% 4.1V | up 0:08 | SD:ok
2026-10-09T12:21:06.572+00:00 monotonic_ns=13205494966983 INFO - heap psram: used 20216 B, free 2076936 B, peak 20616 B; reserved 20224 / 1900544 B, peak 20624 B
2026-10-09T12:21:10.643+00:00 monotonic_ns=13209566187516 INFO - stats: heap 12/158K peak 42K | stack free 67K hwm 17K | bat 96% 4.1V | up 0:09 | SD:ok
2026-10-09T12:21:10.644+00:00 monotonic_ns=13209566462387 INFO - heap psram: used 20216 B, free 2076936 B, peak 20616 B; reserved 20224 / 1900544 B, peak 20624 B
2026-10-09T12:21:15.643+00:00 monotonic_ns=13214566235980 INFO - stats: heap 12/158K peak 42K | stack free 67K hwm 17K | bat 96% 4.1V | up 0:09 | SD:ok
2026-10-09T12:21:15.644+00:00 monotonic_ns=13214566494300 INFO - heap psram: used 20216 B, free 2076936 B, peak 20616 B; reserved 20224 / 1900544 B, peak 20624 B
2026-10-09T12:21:17.713+00:00 monotonic_ns=13216635907537 INFO - battery: cell 4152 mV, 96% (periodic)
2026-10-09T12:21:20.643+00:00 monotonic_ns=13219566270424 INFO - stats: heap 12/158K peak 42K | stack free 67K hwm 17K | bat 96% 4.1V | up 0:09 | SD:ok
2026-10-09T12:21:20.644+00:00 monotonic_ns=13219566500524 INFO - heap psram: used 20216 B, free 2076936 B, peak 20616 B; reserved 20224 / 1900544 B, peak 20624 B
2026-10-09T12:21:25.643+00:00 monotonic_ns=13224566261937 INFO - stats: heap 12/158K peak 42K | stack free 67K hwm 17K | bat 96% 4.1V | up 0:09 | SD:ok
2026-10-09T12:21:25.644+00:00 monotonic_ns=13224566530097 INFO - heap psram: used 20216 B, free 2076936 B, peak 20616 B; reserved 20224 / 1900544 B, peak 20624 B
2026-10-09T12:21:30.643+00:00 monotonic_ns=13229566278510 INFO - stats: heap 12/158K peak 42K | stack free 67K hwm 17K | bat 96% 4.1V | up 0:09 | SD:ok
2026-10-09T12:21:30.644+00:00 monotonic_ns=13229566543301 INFO - heap psram: used 20216 B, free 2076936 B, peak 20616 B; reserved 20224 / 1900544 B, peak 20624 B
2026-10-09T12:21:35.643+00:00 monotonic_ns=13234566277764 INFO - stats: heap 12/158K peak 42K | stack free 67K hwm 17K | bat 96% 4.1V | up 0:09 | SD:ok
2026-10-09T12:21:35.644+00:00 monotonic_ns=13234566550474 INFO - heap psram: used 20216 B, free 2076936 B, peak 20616 B; reserved 20224 / 1900544 B, peak 20624 B
2026-10-09T12:21:40.644+00:00 monotonic_ns=13239566321627 INFO - stats: heap 12/158K peak 42K | stack free 67K hwm 17K | bat 96% 4.1V | up 0:09 | SD:ok
2026-10-09T12:21:40.644+00:00 monotonic_ns=13239566590767 INFO - heap psram: used 20216 B, free 2076936 B, peak 20616 B; reserved 20224 / 1900544 B, peak 20624 B
2026-10-09T12:21:45.644+00:00 monotonic_ns=13244566380890 INFO - stats: heap 12/158K peak 42K | stack free 67K hwm 17K | bat 96% 4.1V | up 0:09 | SD:ok
2026-10-09T12:21:45.644+00:00 monotonic_ns=13244566607321 INFO - heap psram: used 20216 B, free 2076936 B, peak 20616 B; reserved 20224 / 1900544 B, peak 20624 B
2026-10-09T12:21:47.713+00:00 monotonic_ns=13246636020847 INFO - battery: cell 4144 mV, 96% (periodic)
2026-10-09T12:21:50.644+00:00 monotonic_ns=13249566428764 INFO - stats: heap 12/158K peak 42K | stack free 67K hwm 17K | bat 96% 4.1V | up 0:09 | SD:ok
2026-10-09T12:21:50.644+00:00 monotonic_ns=13249566709124 INFO - heap psram: used 20216 B, free 2076936 B, peak 20616 B; reserved 20224 / 1900544 B, peak 20624 B
2026-10-09T12:21:55.644+00:00 monotonic_ns=13254566384537 INFO - stats: heap 12/158K peak 42K | stack free 67K hwm 17K | bat 96% 4.1V | up 0:09 | SD:ok
2026-10-09T12:21:55.644+00:00 monotonic_ns=13254566615897 INFO - heap psram: used 20216 B, free 2076936 B, peak 20616 B; reserved 20224 / 1900544 B, peak 20624 B
2026-10-09T12:22:00.644+00:00 monotonic_ns=13259566406491 INFO - stats: heap 12/158K peak 42K | stack free 67K hwm 17K | bat 96% 4.1V | up 0:09 | SD:ok
2026-10-09T12:22:00.644+00:00 monotonic_ns=13259566745261 INFO - heap psram: used 20216 B, free 2076936 B, peak 20616 B; reserved 20224 / 1900544 B, peak 20624 B
2026-10-09T12:22:05.644+00:00 monotonic_ns=13264566424784 INFO - stats: heap 12/158K peak 42K | stack free 67K hwm 17K | bat 96% 4.1V | up 0:09 | SD:ok
2026-10-09T12:22:05.644+00:00 monotonic_ns=13264566667454 INFO - heap psram: used 20216 B, free 2076936 B, peak 20616 B; reserved 20224 / 1900544 B, peak 20624 B
2026-10-09T12:22:10.644+00:00 monotonic_ns=13269566417907 INFO - stats: heap 12/158K peak 42K | stack free 67K hwm 17K | bat 96% 4.1V | up 0:10 | SD:ok
2026-10-09T12:22:10.644+00:00 monotonic_ns=13269566682368 INFO - heap psram: used 20216 B, free 2076936 B, peak 20616 B; reserved 20224 / 1900544 B, peak 20624 B
2026-10-09T12:22:15.644+00:00 monotonic_ns=13274566414421 INFO - stats: heap 12/158K peak 42K | stack free 67K hwm 17K | bat 96% 4.1V | up 0:10 | SD:ok
2026-10-09T12:22:15.644+00:00 monotonic_ns=13274566677611 INFO - heap psram: used 20216 B, free 2076936 B, peak 20616 B; reserved 20224 / 1900544 B, peak 20624 B
2026-10-09T12:22:17.713+00:00 monotonic_ns=13276636142368 INFO - battery: cell 4080 mV, 91% (periodic)
2026-10-09T12:22:20.644+00:00 monotonic_ns=13279566421894 INFO - stats: heap 12/158K peak 42K | stack free 67K hwm 17K | bat 91% 4.0V | up 0:10 | SD:ok
2026-10-09T12:22:20.644+00:00 monotonic_ns=13279566652124 INFO - heap psram: used 20216 B, free 2076936 B, peak 20616 B; reserved 20224 / 1900544 B, peak 20624 B
2026-10-09T12:22:25.644+00:00 monotonic_ns=13284566425927 INFO - stats: heap 12/158K peak 42K | stack free 67K hwm 17K | bat 91% 4.0V | up 0:10 | SD:ok
2026-10-09T12:22:25.644+00:00 monotonic_ns=13284566682747 INFO - heap psram: used 20216 B, free 2076936 B, peak 20616 B; reserved 20224 / 1900544 B, peak 20624 B
2026-10-09T12:22:30.644+00:00 monotonic_ns=13289566434390 INFO - stats: heap 12/158K peak 42K | stack free 67K hwm 17K | bat 91% 4.0V | up 0:10 | SD:ok
2026-10-09T12:22:30.644+00:00 monotonic_ns=13289566710651 INFO - heap psram: used 20216 B, free 2076936 B, peak 20616 B; reserved 20224 / 1900544 B, peak 20624 B
2026-10-09T12:22:35.644+00:00 monotonic_ns=13294566433724 INFO - stats: heap 12/158K peak 42K | stack free 67K hwm 17K | bat 91% 4.0V | up 0:10 | SD:ok
2026-10-09T12:22:35.644+00:00 monotonic_ns=13294566699794 INFO - heap psram: used 20216 B, free 2076936 B, peak 20616 B; reserved 20224 / 1900544 B, peak 20624 B
2026-10-09T12:22:40.644+00:00 monotonic_ns=13299566441338 INFO - stats: heap 12/158K peak 42K | stack free 67K hwm 17K | bat 91% 4.0V | up 0:10 | SD:ok
2026-10-09T12:22:40.644+00:00 monotonic_ns=13299566708278 INFO - heap psram: used 20216 B, free 2076936 B, peak 20616 B; reserved 20224 / 1900544 B, peak 20624 B
2026-10-09T12:22:45.644+00:00 monotonic_ns=13304566455281 INFO - stats: heap 12/158K peak 42K | stack free 67K hwm 17K | bat 91% 4.0V | up 0:10 | SD:ok
2026-10-09T12:22:45.644+00:00 monotonic_ns=13304566722491 INFO - heap psram: used 20216 B, free 2076936 B, peak 20616 B; reserved 20224 / 1900544 B, peak 20624 B
2026-10-09T12:22:47.713+00:00 monotonic_ns=13306636182408 INFO - battery: cell 4092 mV, 92% (periodic)
2026-10-09T12:22:50.644+00:00 monotonic_ns=13309566529044 INFO - stats: heap 12/158K peak 42K | stack free 67K hwm 17K | bat 92% 4.0V | up 0:10 | SD:ok
2026-10-09T12:22:50.644+00:00 monotonic_ns=13309566892515 INFO - heap psram: used 20216 B, free 2076936 B, peak 20616 B; reserved 20224 / 1900544 B, peak 20624 B
2026-10-09T12:22:55.644+00:00 monotonic_ns=13314566514338 INFO - stats: heap 12/158K peak 42K | stack free 67K hwm 17K | bat 92% 4.0V | up 0:10 | SD:ok
2026-10-09T12:22:55.644+00:00 monotonic_ns=13314566763738 INFO - heap psram: used 20216 B, free 2076936 B, peak 20616 B; reserved 20224 / 1900544 B, peak 20624 B
2026-10-09T12:23:00.644+00:00 monotonic_ns=13319566529471 INFO - stats: heap 12/158K peak 42K | stack free 67K hwm 17K | bat 92% 4.0V | up 0:10 | SD:ok
2026-10-09T12:23:00.644+00:00 monotonic_ns=13319566799261 INFO - heap psram: used 20216 B, free 2076936 B, peak 20616 B; reserved 20224 / 1900544 B, peak 20624 B
2026-10-09T12:23:05.644+00:00 monotonic_ns=13324566548784 INFO - stats: heap 12/158K peak 42K | stack free 67K hwm 17K | bat 92% 4.0V | up 0:10 | SD:ok
2026-10-09T12:23:05.644+00:00 monotonic_ns=13324566895695 INFO - heap psram: used 20216 B, free 2076936 B, peak 20616 B; reserved 20224 / 1900544 B, peak 20624 B
2026-10-09T12:23:10.644+00:00 monotonic_ns=13329566574747 INFO - stats: heap 12/158K peak 42K | stack free 67K hwm 17K | bat 92% 4.0V | up 0:11 | SD:ok
2026-10-09T12:23:10.644+00:00 monotonic_ns=13329566985288 INFO - heap psram: used 20216 B, free 2076936 B, peak 20616 B; reserved 20224 / 1900544 B, peak 20624 B
2026-10-09T12:23:15.644+00:00 monotonic_ns=13334566640181 INFO - stats: heap 12/158K peak 42K | stack free 67K hwm 17K | bat 92% 4.0V | up 0:11 | SD:ok
2026-10-09T12:23:15.644+00:00 monotonic_ns=13334567042791 INFO - heap psram: used 20216 B, free 2076936 B, peak 20616 B; reserved 20224 / 1900544 B, peak 20624 B
2026-10-09T12:23:17.713+00:00 monotonic_ns=13336636249898 INFO - battery: cell 4066 mV, 90% (periodic)
2026-10-09T12:23:20.644+00:00 monotonic_ns=13339566624674 INFO - stats: heap 12/158K peak 42K | stack free 67K hwm 17K | bat 90% 4.0V | up 0:11 | SD:ok
2026-10-09T12:23:20.644+00:00 monotonic_ns=13339567058575 INFO - heap psram: used 20216 B, free 2076936 B, peak 20616 B; reserved 20224 / 1900544 B, peak 20624 B
2026-10-09T12:23:25.644+00:00 monotonic_ns=13344566663788 INFO - stats: heap 12/158K peak 42K | stack free 67K hwm 17K | bat 90% 4.0V | up 0:11 | SD:ok
2026-10-09T12:23:25.644+00:00 monotonic_ns=13344567059838 INFO - heap psram: used 20216 B, free 2076936 B, peak 20616 B; reserved 20224 / 1900544 B, peak 20624 B
2026-10-09T12:23:30.644+00:00 monotonic_ns=13349566692491 INFO - stats: heap 12/158K peak 42K | stack free 67K hwm 17K | bat 90% 4.0V | up 0:11 | SD:ok
2026-10-09T12:23:30.644+00:00 monotonic_ns=13349567107492 INFO - heap psram: used 20216 B, free 2076936 B, peak 20616 B; reserved 20224 / 1900544 B, peak 20624 B
2026-10-09T12:23:35.644+00:00 monotonic_ns=13354566699255 INFO - stats: heap 12/158K peak 42K | stack free 67K hwm 17K | bat 90% 4.0V | up 0:11 | SD:ok
2026-10-09T12:23:35.644+00:00 monotonic_ns=13354567142475 INFO - heap psram: used 20216 B, free 2076936 B, peak 20616 B; reserved 20224 / 1900544 B, peak 20624 B
2026-10-09T12:23:40.644+00:00 monotonic_ns=13359566666788 INFO - stats: heap 12/158K peak 42K | stack free 67K hwm 17K | bat 90% 4.0V | up 0:11 | SD:ok
2026-10-09T12:23:40.644+00:00 monotonic_ns=13359567127208 INFO - heap psram: used 20216 B, free 2076936 B, peak 20616 B; reserved 20224 / 1900544 B, peak 20624 B
2026-10-09T12:23:45.644+00:00 monotonic_ns=13364566732221 INFO - stats: heap 12/158K peak 42K | stack free 67K hwm 17K | bat 90% 4.0V | up 0:11 | SD:ok
2026-10-09T12:23:45.644+00:00 monotonic_ns=13364567155242 INFO - heap psram: used 20216 B, free 2076936 B, peak 20616 B; reserved 20224 / 1900544 B, peak 20624 B
2026-10-09T12:23:47.714+00:00 monotonic_ns=13366636403758 INFO - battery: cell 4146 mV, 96% (periodic)
2026-10-09T12:23:50.644+00:00 monotonic_ns=13369566744095 INFO - stats: heap 12/158K peak 42K | stack free 67K hwm 17K | bat 96% 4.1V | up 0:11 | SD:ok
2026-10-09T12:23:50.644+00:00 monotonic_ns=13369567208425 INFO - heap psram: used 20216 B, free 2076936 B, peak 20616 B; reserved 20224 / 1900544 B, peak 20624 B
2026-10-09T12:23:55.644+00:00 monotonic_ns=13374566748258 INFO - stats: heap 12/158K peak 42K | stack free 67K hwm 17K | bat 96% 4.1V | up 0:11 | SD:ok
2026-10-09T12:23:55.644+00:00 monotonic_ns=13374567274668 INFO - heap psram: used 20216 B, free 2076936 B, peak 20616 B; reserved 20224 / 1900544 B, peak 20624 B
2026-10-09T12:24:00.644+00:00 monotonic_ns=13379566750231 INFO - stats: heap 12/158K peak 42K | stack free 67K hwm 17K | bat 96% 4.1V | up 0:11 | SD:ok
2026-10-09T12:24:00.644+00:00 monotonic_ns=13379567220032 INFO - heap psram: used 20216 B, free 2076936 B, peak 20616 B; reserved 20224 / 1900544 B, peak 20624 B
2026-10-09T12:24:05.644+00:00 monotonic_ns=13384566789625 INFO - stats: heap 12/158K peak 42K | stack free 67K hwm 17K | bat 96% 4.1V | up 0:11 | SD:ok
2026-10-09T12:24:05.644+00:00 monotonic_ns=13384567257005 INFO - heap psram: used 20216 B, free 2076936 B, peak 20616 B; reserved 20224 / 1900544 B, peak 20624 B
2026-10-09T12:24:10.644+00:00 monotonic_ns=13389566830268 INFO - stats: heap 12/158K peak 42K | stack free 67K hwm 17K | bat 96% 4.1V | up 0:12 | SD:ok
2026-10-09T12:24:10.645+00:00 monotonic_ns=13389567263809 INFO - heap psram: used 20216 B, free 2076936 B, peak 20616 B; reserved 20224 / 1900544 B, peak 20624 B
2026-10-09T12:24:15.644+00:00 monotonic_ns=13394566822692 INFO - stats: heap 12/158K peak 42K | stack free 67K hwm 17K | bat 96% 4.1V | up 0:12 | SD:ok
2026-10-09T12:24:15.645+00:00 monotonic_ns=13394567367002 INFO - heap psram: used 20216 B, free 2076936 B, peak 20616 B; reserved 20224 / 1900544 B, peak 20624 B
2026-10-09T12:24:17.714+00:00 monotonic_ns=13396636529709 INFO - battery: cell 4082 mV, 91% (periodic)
2026-10-09T12:24:20.644+00:00 monotonic_ns=13399566896455 INFO - stats: heap 12/158K peak 42K | stack free 67K hwm 17K | bat 91% 4.0V | up 0:12 | SD:ok
2026-10-09T12:24:20.645+00:00 monotonic_ns=13399567345716 INFO - heap psram: used 20216 B, free 2076936 B, peak 20616 B; reserved 20224 / 1900544 B, peak 20624 B
2026-10-09T12:24:25.644+00:00 monotonic_ns=13404566898328 INFO - stats: heap 12/158K peak 42K | stack free 67K hwm 17K | bat 91% 4.0V | up 0:12 | SD:ok
2026-10-09T12:24:25.645+00:00 monotonic_ns=13404567340069 INFO - heap psram: used 20216 B, free 2076936 B, peak 20616 B; reserved 20224 / 1900544 B, peak 20624 B
2026-10-09T12:24:30.644+00:00 monotonic_ns=13409566924502 INFO - stats: heap 12/158K peak 42K | stack free 67K hwm 17K | bat 91% 4.0V | up 0:12 | SD:ok
2026-10-09T12:24:30.645+00:00 monotonic_ns=13409567370962 INFO - heap psram: used 20216 B, free 2076936 B, peak 20616 B; reserved 20224 / 1900544 B, peak 20624 B
2026-10-09T12:24:34.386+00:00 monotonic_ns=13413308413129 INFO - app: Reader -> Home
2026-10-09T12:24:34.386+00:00 monotonic_ns=13413308740170 INFO - bookmark: cached off=0 ch=0 gen=22 for "ZH2.TXT"
2026-10-09T12:24:34.387+00:00 monotonic_ns=13413309439031 INFO - font: size_idx=4 line_h=75 (native 47 x 160%) ascent=37 max_lines=10 margin=40
2026-10-09T12:24:34.387+00:00 monotonic_ns=13413309751951 INFO - font: size_idx=4 line_h=75 (native 47 x 160%) ascent=37 max_lines=10 margin=40
2026-10-09T12:24:34.516+00:00 monotonic_ns=13413438334832 INFO - stats: heap 1/158K peak 42K | stack free 67K hwm 17K | bat 91% 4.0V | up 0:12 | SD:ok
2026-10-09T12:24:34.516+00:00 monotonic_ns=13413438619752 INFO - heap psram: used 8192 B, free 2088960 B, peak 20616 B; reserved 8192 / 1900544 B, peak 20624 B
2026-10-09T12:24:34.517+00:00 monotonic_ns=13413439526823 INFO - cjk-sd op=stage gap_after_log_us=208834512 opens=0 reads=0 bytes=0 open_us=0 read_us=0 max_read_us=0 wall_us=44 scalars=0 lookups=0
2026-10-09T12:24:34.518+00:00 monotonic_ns=13413440280084 INFO - cjk-sd op=prepare gap_after_log_us=55 opens=0 reads=0 bytes=0 open_us=0 read_us=0 max_read_us=0 wall_us=72 scalars=0 lookups=0
2026-10-09T12:24:35.293+00:00 monotonic_ns=13414216226684 INFO - display: partial refresh 480x800 at (0, 0) in 775 ms (partial count 2)
2026-10-09T12:24:35.644+00:00 monotonic_ns=13414567174965 INFO - stats: heap 1/158K peak 42K | stack free 67K hwm 17K | bat 91% 4.0V | up 0:12 | SD:ok
2026-10-09T12:24:35.645+00:00 monotonic_ns=13414567488526 INFO - heap psram: used 8192 B, free 2088960 B, peak 20616 B; reserved 8192 / 1900544 B, peak 20624 B
2026-10-09T12:24:36.704+00:00 monotonic_ns=13415626563118 INFO - stats: heap 1/158K peak 42K | stack free 67K hwm 17K | bat 91% 4.0V | up 0:12 | SD:ok
2026-10-09T12:24:36.704+00:00 monotonic_ns=13415626843358 INFO - heap psram: used 8192 B, free 2088960 B, peak 20616 B; reserved 8192 / 1900544 B, peak 20624 B
2026-10-09T12:24:37.360+00:00 monotonic_ns=13416282776367 INFO - display: partial refresh 280x118 at (100, 87) in 655 ms (partial count 3)
2026-10-09T12:24:37.473+00:00 monotonic_ns=13416395769190 INFO - stats: heap 1/158K peak 42K | stack free 67K hwm 17K | bat 91% 4.0V | up 0:12 | SD:ok
2026-10-09T12:24:37.473+00:00 monotonic_ns=13416396208720 INFO - heap psram: used 8192 B, free 2088960 B, peak 20616 B; reserved 8192 / 1900544 B, peak 20624 B
2026-10-09T12:24:38.129+00:00 monotonic_ns=13417051498119 INFO - display: partial refresh 280x118 at (100, 153) in 655 ms (partial count 4)
2026-10-09T12:24:38.283+00:00 monotonic_ns=13417205348029 INFO - stats: heap 1/158K peak 42K | stack free 67K hwm 17K | bat 91% 4.0V | up 0:12 | SD:ok
2026-10-09T12:24:38.283+00:00 monotonic_ns=13417205626519 INFO - heap psram: used 8192 B, free 2088960 B, peak 20616 B; reserved 8192 / 1900544 B, peak 20624 B
2026-10-09T12:24:38.939+00:00 monotonic_ns=13417862232139 INFO - display: partial refresh 280x118 at (100, 219) in 655 ms (partial count 5)
2026-10-09T12:24:39.032+00:00 monotonic_ns=13417954392517 INFO - app: Home -> Settings
2026-10-09T12:24:39.032+00:00 monotonic_ns=13417954831328 INFO - font: size_idx=4 line_h=75 (native 47 x 160%) ascent=37 max_lines=10 margin=40
2026-10-09T12:24:39.033+00:00 monotonic_ns=13417955338568 INFO - font: size_idx=4 line_h=75 (native 47 x 160%) ascent=37 max_lines=10 margin=40
2026-10-09T12:24:39.034+00:00 monotonic_ns=13417956624680 INFO - stats: heap 1/158K peak 42K | stack free 67K hwm 17K | bat 91% 4.0V | up 0:12 | SD:ok
2026-10-09T12:24:39.034+00:00 monotonic_ns=13417956855410 INFO - heap psram: used 8192 B, free 2088960 B, peak 20616 B; reserved 8192 / 1900544 B, peak 20624 B
2026-10-09T12:24:39.035+00:00 monotonic_ns=13417957660251 INFO - cjk-sd op=stage gap_after_log_us=4516907 opens=0 reads=0 bytes=0 open_us=0 read_us=0 max_read_us=0 wall_us=24 scalars=0 lookups=0
2026-10-09T12:24:39.036+00:00 monotonic_ns=13417958357402 INFO - cjk-sd op=prepare gap_after_log_us=36 opens=0 reads=0 bytes=0 open_us=0 read_us=0 max_read_us=0 wall_us=32 scalars=0 lookups=0
2026-10-09T12:24:42.905+00:00 monotonic_ns=13421827460809 INFO - stats: heap 1/158K peak 42K | stack free 67K hwm 17K | bat 91% 4.0V | up 0:12 | SD:ok
2026-10-09T12:24:42.905+00:00 monotonic_ns=13421827738420 INFO - heap psram: used 8192 B, free 2088960 B, peak 20616 B; reserved 8192 / 1900544 B, peak 20624 B
2026-10-09T12:24:43.071+00:00 monotonic_ns=13421994274615 INFO - settings: saved to SETTINGS.TXT
2026-10-09T12:24:43.073+00:00 monotonic_ns=13421995616007 INFO - stats: heap 1/158K peak 42K | stack free 67K hwm 17K | bat 91% 4.0V | up 0:12 | SD:ok
2026-10-09T12:24:43.073+00:00 monotonic_ns=13421996095027 INFO - heap psram: used 8192 B, free 2088960 B, peak 20616 B; reserved 8192 / 1900544 B, peak 20624 B
2026-10-09T12:24:43.720+00:00 monotonic_ns=13422642899035 INFO - display: partial refresh 280x40 at (184, 67) in 646 ms (partial count 1)
2026-10-09T12:24:44.322+00:00 monotonic_ns=13423244505731 INFO - stats: heap 1/158K peak 42K | stack free 67K hwm 17K | bat 91% 4.0V | up 0:12 | SD:ok
2026-10-09T12:24:44.322+00:00 monotonic_ns=13423244773931 INFO - heap psram: used 8192 B, free 2088960 B, peak 20616 B; reserved 8192 / 1900544 B, peak 20624 B
2026-10-09T12:24:44.983+00:00 monotonic_ns=13423906227507 INFO - display: partial refresh 448x86 at (16, 67) in 660 ms (partial count 2)
2026-10-09T12:24:45.553+00:00 monotonic_ns=13424475429675 INFO - stats: heap 1/158K peak 42K | stack free 67K hwm 17K | bat 91% 4.0V | up 0:12 | SD:ok
2026-10-09T12:24:45.553+00:00 monotonic_ns=13424475688345 INFO - heap psram: used 8192 B, free 2088960 B, peak 20616 B; reserved 8192 / 1900544 B, peak 20624 B
2026-10-09T12:24:46.213+00:00 monotonic_ns=13425135437828 INFO - display: partial refresh 448x86 at (16, 113) in 659 ms (partial count 3)
2026-10-09T12:24:46.215+00:00 monotonic_ns=13425137317421 INFO - stats: heap 1/158K peak 42K | stack free 67K hwm 17K | bat 91% 4.0V | up 0:12 | SD:ok
2026-10-09T12:24:46.215+00:00 monotonic_ns=13425137629321 INFO - heap psram: used 8192 B, free 2088960 B, peak 20616 B; reserved 8192 / 1900544 B, peak 20624 B
2026-10-09T12:24:47.215+00:00 monotonic_ns=13426138277344 INFO - settings: saved to SETTINGS.TXT
2026-10-09T12:24:47.217+00:00 monotonic_ns=13426139640446 INFO - stats: heap 1/158K peak 42K | stack free 67K hwm 17K | bat 91% 4.0V | up 0:12 | SD:ok
2026-10-09T12:24:47.217+00:00 monotonic_ns=13426139899676 INFO - heap psram: used 8192 B, free 2088960 B, peak 20616 B; reserved 8192 / 1900544 B, peak 20624 B
2026-10-09T12:24:47.866+00:00 monotonic_ns=13426788392167 INFO - display: partial refresh 280x40 at (184, 159) in 648 ms (partial count 4)
2026-10-09T12:24:47.897+00:00 monotonic_ns=13426820163964 INFO - battery: cell 4102 mV, 93% (periodic)
2026-10-09T12:24:48.941+00:00 monotonic_ns=13427863877158 INFO - settings: saved to SETTINGS.TXT
2026-10-09T12:24:48.943+00:00 monotonic_ns=13427865291850 INFO - stats: heap 1/158K peak 42K | stack free 67K hwm 17K | bat 93% 4.1V | up 0:12 | SD:ok
2026-10-09T12:24:48.943+00:00 monotonic_ns=13427865603040 INFO - heap psram: used 8192 B, free 2088960 B, peak 20616 B; reserved 8192 / 1900544 B, peak 20624 B
2026-10-09T12:24:49.591+00:00 monotonic_ns=13428514195911 INFO - display: partial refresh 280x40 at (184, 159) in 647 ms (partial count 5)
2026-10-09T12:24:49.623+00:00 monotonic_ns=13428545359117 INFO - app: Settings -> Home
2026-10-09T12:24:49.623+00:00 monotonic_ns=13428545799517 INFO - font: size_idx=2 line_h=49 (native 31 x 160%) ascent=25 max_lines=15 margin=40
2026-10-09T12:24:49.624+00:00 monotonic_ns=13428546295988 INFO - font: size_idx=2 line_h=49 (native 31 x 160%) ascent=25 max_lines=15 margin=40
2026-10-09T12:24:49.752+00:00 monotonic_ns=13428674313379 INFO - stats: heap 1/158K peak 42K | stack free 67K hwm 17K | bat 93% 4.1V | up 0:12 | SD:ok
2026-10-09T12:24:49.752+00:00 monotonic_ns=13428674605399 INFO - heap psram: used 8192 B, free 2088960 B, peak 20616 B; reserved 8192 / 1900544 B, peak 20624 B
2026-10-09T12:24:49.753+00:00 monotonic_ns=13428675458400 INFO - cjk-sd op=stage gap_after_log_us=10716358 opens=0 reads=0 bytes=0 open_us=0 read_us=0 max_read_us=0 wall_us=45 scalars=0 lookups=0
2026-10-09T12:24:49.753+00:00 monotonic_ns=13428676214371 INFO - cjk-sd op=prepare gap_after_log_us=58 opens=0 reads=0 bytes=0 open_us=0 read_us=0 max_read_us=0 wall_us=67 scalars=0 lookups=0
2026-10-09T12:24:50.528+00:00 monotonic_ns=13429450896299 INFO - display: partial refresh 480x800 at (0, 0) in 774 ms (partial count 6)
2026-10-09T12:24:50.644+00:00 monotonic_ns=13429567273966 INFO - stats: heap 1/158K peak 42K | stack free 67K hwm 17K | bat 93% 4.1V | up 0:12 | SD:ok
2026-10-09T12:24:50.645+00:00 monotonic_ns=13429567551296 INFO - heap psram: used 8192 B, free 2088960 B, peak 20616 B; reserved 8192 / 1900544 B, peak 20624 B
2026-10-09T12:24:52.167+00:00 monotonic_ns=13431089597551 INFO - stats: heap 1/158K peak 42K | stack free 67K hwm 17K | bat 93% 4.1V | up 0:12 | SD:ok
2026-10-09T12:24:52.167+00:00 monotonic_ns=13431089858481 INFO - heap psram: used 8192 B, free 2088960 B, peak 20616 B; reserved 8192 / 1900544 B, peak 20624 B
2026-10-09T12:24:52.823+00:00 monotonic_ns=13431745852730 INFO - display: partial refresh 280x118 at (100, 87) in 655 ms (partial count 7)
2026-10-09T12:24:52.854+00:00 monotonic_ns=13431776826487 INFO - app: Home -> Files
2026-10-09T12:24:52.855+00:00 monotonic_ns=13431777437217 INFO - font: size_idx=2 line_h=49 (native 31 x 160%) ascent=25 max_lines=15 margin=40
2026-10-09T12:24:52.855+00:00 monotonic_ns=13431777745698 INFO - font: size_idx=2 line_h=49 (native 31 x 160%) ascent=25 max_lines=15 margin=40
2026-10-09T12:24:53.047+00:00 monotonic_ns=13431969674743 INFO - stats: heap 1/158K peak 42K | stack free 67K hwm 17K | bat 93% 4.1V | up 0:12 | SD:ok
2026-10-09T12:24:53.047+00:00 monotonic_ns=13431969911173 INFO - heap psram: used 8192 B, free 2088960 B, peak 20616 B; reserved 8192 / 1900544 B, peak 20624 B
2026-10-09T12:24:53.082+00:00 monotonic_ns=13432004467974 INFO - cjk-sd op=stage gap_after_log_us=3294461 opens=1 reads=25 bytes=2090 open_us=135 read_us=32198 max_read_us=2047 wall_us=33013 scalars=3 lookups=3
2026-10-09T12:24:53.092+00:00 monotonic_ns=13432014481245 INFO - cjk-sd op=prepare gap_after_log_us=149 opens=1 reads=4 bytes=360 open_us=139 read_us=8226 max_read_us=2875 wall_us=9154 scalars=3 lookups=0
2026-10-09T12:24:56.966+00:00 monotonic_ns=13435888479098 INFO - titles: scan complete
2026-10-09T12:24:57.104+00:00 monotonic_ns=13436026341750 INFO - bookmarks: flushed 6 slots to SD
2026-10-09T12:24:57.105+00:00 monotonic_ns=13436027592651 INFO - stats: heap 2/158K peak 42K | stack free 67K hwm 17K | bat 93% 4.1V | up 0:12 | SD:ok
2026-10-09T12:24:57.105+00:00 monotonic_ns=13436027950192 INFO - heap psram: used 8508 B, free 2088644 B, peak 20616 B; reserved 8512 / 1900544 B, peak 20624 B
2026-10-09T12:25:00.586+00:00 monotonic_ns=13439508682353 INFO - app: Files -> Reader
2026-10-09T12:25:00.587+00:00 monotonic_ns=13439509438714 INFO - font: size_idx=2 line_h=49 (native 31 x 160%) ascent=25 max_lines=15 margin=40
2026-10-09T12:25:00.587+00:00 monotonic_ns=13439509828065 INFO - font: size_idx=2 line_h=49 (native 31 x 160%) ascent=25 max_lines=15 margin=40
2026-10-09T12:25:00.587+00:00 monotonic_ns=13439510189795 INFO - [work] reset -> gen 10
2026-10-09T12:25:00.588+00:00 monotonic_ns=13439510605726 INFO - font: size_idx=2 line_h=49 (native 31 x 160%) ascent=25 max_lines=15 margin=40
2026-10-09T12:25:00.588+00:00 monotonic_ns=13439510781596 INFO - reader: opening ASSEMB~1.EPU
2026-10-09T12:25:00.589+00:00 monotonic_ns=13439511496497 INFO - reader-sd resume step=141 state=NeedBookmark resumed=false retained_window=false outside_step_us=234839619 outside_step_known=true previous_step_complete=true
2026-10-09T12:25:00.589+00:00 monotonic_ns=13439511795437 INFO - bookmark: restoring off=0 ch=3 for ASSEMB~1.EPU
2026-10-09T12:25:00.854+00:00 monotonic_ns=13439776577368 INFO - epub: CD at offset 281729 size 1868 (283619 file bytes)
2026-10-09T12:25:00.922+00:00 monotonic_ns=13439845263188 INFO - epub: 28 entries in ZIP
2026-10-09T12:25:00.923+00:00 monotonic_ns=13439845919729 INFO - reader-sd step=141 outcome=pending state=NeedOpf wall_us=334463 text_us=0 layout_us=0 visible_us=0 pause_us=0 logging_us=634 other_us=333829 text_calls=0 layout_calls=0 visible_calls=0
2026-10-09T12:25:00.925+00:00 monotonic_ns=13439847383051 INFO - stats: heap 1/158K peak 42K | stack free 67K hwm 17K | bat 93% 4.1V | up 0:12 | SD:ok
2026-10-09T12:25:00.925+00:00 monotonic_ns=13439847718101 INFO - heap psram: used 8192 B, free 2088960 B, peak 20616 B; reserved 8192 / 1900544 B, peak 20624 B
2026-10-09T12:25:00.926+00:00 monotonic_ns=13439848568592 INFO - cjk-sd op=stage gap_after_log_us=7833463 opens=0 reads=0 bytes=0 open_us=0 read_us=0 max_read_us=0 wall_us=44 scalars=0 lookups=0
2026-10-09T12:25:00.927+00:00 monotonic_ns=13439849324063 INFO - cjk-sd op=prepare gap_after_log_us=61 opens=0 reads=0 bytes=0 open_us=0 read_us=0 max_read_us=0 wall_us=64 scalars=0 lookups=0
2026-10-09T12:25:04.812+00:00 monotonic_ns=13443734581309 INFO - reader-sd resume step=142 state=NeedOpf resumed=false retained_window=false outside_step_us=3887976 outside_step_known=true previous_step_complete=true
2026-10-09T12:25:04.877+00:00 monotonic_ns=13443799497275 INFO - zip: deflate stream 174 -> 257 bytes
2026-10-09T12:25:04.944+00:00 monotonic_ns=13443866693174 INFO - epub: OPF at OEBPS/content.opf
2026-10-09T12:25:05.009+00:00 monotonic_ns=13443931378690 INFO - zip: deflate stream 1047 -> 4106 bytes
2026-10-09T12:25:05.086+00:00 monotonic_ns=13444008783210 INFO - epub: TOC source = EPUB3 nav (zip #22)
2026-10-09T12:25:05.086+00:00 monotonic_ns=13444008903091 INFO - epub: "集合體" by 娜塔夏‧ 布朗（Natasha Brown） -- 17 chapters
2026-10-09T12:25:05.221+00:00 monotonic_ns=13444143872509 INFO - reader-sd step=142 outcome=pending state=NeedToc wall_us=409157 text_us=0 layout_us=0 visible_us=0 pause_us=0 logging_us=635 other_us=408522 text_calls=0 layout_calls=0 visible_calls=0
2026-10-09T12:25:05.223+00:00 monotonic_ns=13444145361331 INFO - stats: heap 1/158K peak 42K | stack free 67K hwm 17K | bat 93% 4.1V | up 0:12 | SD:ok
2026-10-09T12:25:05.223+00:00 monotonic_ns=13444145671951 INFO - heap psram: used 8192 B, free 2088960 B, peak 20616 B; reserved 8192 / 1900544 B, peak 20624 B
2026-10-09T12:25:05.224+00:00 monotonic_ns=13444146803573 INFO - stats: heap 1/158K peak 42K | stack free 67K hwm 17K | bat 93% 4.1V | up 0:12 | SD:ok
2026-10-09T12:25:05.224+00:00 monotonic_ns=13444147221583 INFO - heap psram: used 8192 B, free 2088960 B, peak 20616 B; reserved 8192 / 1900544 B, peak 20624 B
2026-10-09T12:25:05.448+00:00 monotonic_ns=13444370457975 INFO - cjk-sd op=stage gap_after_log_us=4298605 opens=1 reads=25 bytes=2090 open_us=189620 read_us=31230 max_read_us=2019 wall_us=221580 scalars=3 lookups=3
2026-10-09T12:25:05.456+00:00 monotonic_ns=13444378451494 INFO - cjk-sd op=prepare gap_after_log_us=176 opens=1 reads=4 bytes=138 open_us=147 read_us=6225 max_read_us=2034 wall_us=7153 scalars=3 lookups=0
2026-10-09T12:25:06.106+00:00 monotonic_ns=13445028878137 INFO - display: partial refresh 448x24 at (8, 24) in 650 ms (partial count 1)
2026-10-09T12:25:06.107+00:00 monotonic_ns=13445029527438 INFO - reader-sd resume step=143 state=NeedToc resumed=false retained_window=false outside_step_us=885257 outside_step_known=true previous_step_complete=true
2026-10-09T12:25:06.173+00:00 monotonic_ns=13445095469175 INFO - zip: deflate stream 703 -> 1533 bytes
2026-10-09T12:25:06.245+00:00 monotonic_ns=13445167383409 INFO - epub: TOC has 9 entries
2026-10-09T12:25:06.246+00:00 monotonic_ns=13445168385850 INFO - reader-sd step=143 outcome=pending state=NeedCache wall_us=138376 text_us=0 layout_us=0 visible_us=0 pause_us=0 logging_us=428 other_us=137948 text_calls=0 layout_calls=0 visible_calls=0
2026-10-09T12:25:06.247+00:00 monotonic_ns=13445169772282 INFO - stats: heap 15/158K peak 42K | stack free 67K hwm 17K | bat 93% 4.1V | up 0:12 | SD:ok
2026-10-09T12:25:06.248+00:00 monotonic_ns=13445170291403 INFO - heap psram: used 8288 B, free 2088864 B, peak 20616 B; reserved 8288 / 1900544 B, peak 20624 B
2026-10-09T12:25:06.898+00:00 monotonic_ns=13445820410475 INFO - display: partial refresh 448x24 at (8, 24) in 648 ms (partial count 2)
2026-10-09T12:25:06.899+00:00 monotonic_ns=13445822169457 INFO - reader-sd resume step=144 state=NeedCache resumed=false retained_window=false outside_step_us=653192 outside_step_known=true previous_step_complete=true
2026-10-09T12:25:07.276+00:00 monotonic_ns=13446198434878 INFO - epub: v3 cache hit (17 chapters)
2026-10-09T12:25:07.277+00:00 monotonic_ns=13446199267609 INFO - reader-sd step=144 outcome=pending state=NeedIndex wall_us=376912 text_us=0 layout_us=0 visible_us=0 pause_us=0 logging_us=620 other_us=376292 text_calls=0 layout_calls=0 visible_calls=0
2026-10-09T12:25:07.278+00:00 monotonic_ns=13446200568181 INFO - stats: heap 15/158K peak 42K | stack free 67K hwm 17K | bat 93% 4.1V | up 0:12 | SD:ok
2026-10-09T12:25:07.278+00:00 monotonic_ns=13446200883231 INFO - heap psram: used 8288 B, free 2088864 B, peak 20616 B; reserved 8288 / 1900544 B, peak 20624 B
2026-10-09T12:25:07.279+00:00 monotonic_ns=13446201959842 INFO - stats: heap 15/158K peak 42K | stack free 67K hwm 17K | bat 93% 4.1V | up 0:12 | SD:ok
2026-10-09T12:25:07.280+00:00 monotonic_ns=13446202440903 INFO - heap psram: used 8288 B, free 2088864 B, peak 20616 B; reserved 8288 / 1900544 B, peak 20624 B
2026-10-09T12:25:07.930+00:00 monotonic_ns=13446852495395 INFO - display: partial refresh 448x24 at (8, 24) in 649 ms (partial count 3)
2026-10-09T12:25:07.931+00:00 monotonic_ns=13446853284596 INFO - reader-sd resume step=145 state=NeedIndex resumed=false retained_window=false outside_step_us=653453 outside_step_known=true previous_step_complete=true
2026-10-09T12:25:07.931+00:00 monotonic_ns=13446853586677 INFO - epub: index chapter 4/17 (0 bytes cached text)
2026-10-09T12:25:07.932+00:00 monotonic_ns=13446854411018 INFO - reader-sd step=145 outcome=pending state=NeedPage wall_us=974 text_us=0 layout_us=0 visible_us=0 pause_us=0 logging_us=568 other_us=406 text_calls=0 layout_calls=0 visible_calls=0
2026-10-09T12:25:07.933+00:00 monotonic_ns=13446855686099 INFO - stats: heap 15/158K peak 42K | stack free 67K hwm 17K | bat 93% 4.1V | up 0:12 | SD:ok
2026-10-09T12:25:07.933+00:00 monotonic_ns=13446856036620 INFO - heap psram: used 8288 B, free 2088864 B, peak 20616 B; reserved 8288 / 1900544 B, peak 20624 B
2026-10-09T12:25:08.583+00:00 monotonic_ns=13447506224132 INFO - display: partial refresh 448x24 at (8, 24) in 649 ms (partial count 4)
2026-10-09T12:25:08.585+00:00 monotonic_ns=13447507537864 INFO - reader-sd resume step=146 state=NeedPage resumed=false retained_window=false outside_step_us=652559 outside_step_known=true previous_step_complete=true
2026-10-09T12:25:08.981+00:00 monotonic_ns=13447903633838 INFO - cjk: lookup 1/751 glyphs, about 153006 ms left
2026-10-09T12:25:08.982+00:00 monotonic_ns=13447904295559 INFO - cjk-sd op=stage gap_after_log_us=3320497 opens=1 reads=12 bytes=528 open_us=189383 read_us=13961 max_read_us=2020 wall_us=204674 scalars=751 lookups=1
2026-10-09T12:25:08.983+00:00 monotonic_ns=13447905383630 INFO - reader-sd step=146 outcome=slice state=NeedPage wall_us=397548 text_us=141943 layout_us=254020 visible_us=0 pause_us=132 logging_us=1179 other_us=274 text_calls=1 layout_calls=1 visible_calls=0
2026-10-09T12:25:08.984+00:00 monotonic_ns=13447906704702 INFO - stats: heap 35/158K peak 42K | stack free 67K hwm 17K | bat 93% 4.1V | up 0:12 | SD:ok
2026-10-09T12:25:08.984+00:00 monotonic_ns=13447907214252 INFO - heap psram: used 8288 B, free 2088864 B, peak 20616 B; reserved 8288 / 1900544 B, peak 20624 B
2026-10-09T12:25:09.635+00:00 monotonic_ns=13448557990655 INFO - display: partial refresh 448x24 at (8, 24) in 650 ms (partial count 5)
2026-10-09T12:25:09.636+00:00 monotonic_ns=13448558648436 INFO - reader-sd resume step=147 state=NeedPage resumed=true retained_window=true outside_step_us=652870 outside_step_known=true previous_step_complete=true
2026-10-09T12:25:09.710+00:00 monotonic_ns=13448632695833 INFO - cjk-sd op=stage gap_after_log_us=667227 opens=1 reads=68 bytes=10208 open_us=107 read_us=59147 max_read_us=2025 wall_us=60554 scalars=751 lookups=41
2026-10-09T12:25:09.712+00:00 monotonic_ns=13448634413875 INFO - reader-sd step=147 outcome=slice state=NeedPage wall_us=75400 text_us=56 layout_us=73246 visible_us=0 pause_us=797 logging_us=1052 other_us=249 text_calls=1 layout_calls=1 visible_calls=0
2026-10-09T12:25:09.712+00:00 monotonic_ns=13448634912906 INFO - reader-sd resume step=148 state=NeedPage resumed=true retained_window=true outside_step_us=163 outside_step_known=true previous_step_complete=true
2026-10-09T12:25:09.790+00:00 monotonic_ns=13448712590877 INFO - cjk-sd op=stage gap_after_log_us=14970 opens=1 reads=75 bytes=10274 open_us=61 read_us=62947 max_read_us=2992 wall_us=64151 scalars=751 lookups=41
2026-10-09T12:25:09.791+00:00 monotonic_ns=13448713563788 INFO - reader-sd step=148 outcome=slice state=NeedPage wall_us=78300 text_us=45 layout_us=76764 visible_us=0 pause_us=196 logging_us=1145 other_us=150 text_calls=1 layout_calls=1 visible_calls=0
2026-10-09T12:25:09.791+00:00 monotonic_ns=13448714249919 INFO - reader-sd resume step=149 state=NeedPage resumed=true retained_window=true outside_step_us=126 outside_step_known=true previous_step_complete=true
2026-10-09T12:25:09.867+00:00 monotonic_ns=13448789880007 INFO - cjk-sd op=stage gap_after_log_us=14346 opens=1 reads=72 bytes=11726 open_us=51 read_us=61208 max_read_us=3794 wall_us=62442 scalars=751 lookups=46
2026-10-09T12:25:09.869+00:00 monotonic_ns=13448791327869 INFO - reader-sd step=149 outcome=slice state=NeedPage wall_us=76898 text_us=24 layout_us=75020 visible_us=0 pause_us=622 logging_us=1090 other_us=142 text_calls=1 layout_calls=1 visible_calls=0
2026-10-09T12:25:09.869+00:00 monotonic_ns=13448791831389 INFO - reader-sd resume step=150 state=NeedPage resumed=true retained_window=true outside_step_us=126 outside_step_known=true previous_step_complete=true
2026-10-09T12:25:09.944+00:00 monotonic_ns=13448866760877 INFO - cjk-sd op=stage gap_after_log_us=14657 opens=1 reads=69 bytes=8536 open_us=51 read_us=60566 max_read_us=2009 wall_us=61654 scalars=751 lookups=33
2026-10-09T12:25:09.945+00:00 monotonic_ns=13448867681578 INFO - reader-sd step=150 outcome=slice state=NeedPage wall_us=75570 text_us=32 layout_us=74239 visible_us=0 pause_us=192 logging_us=957 other_us=150 text_calls=1 layout_calls=1 visible_calls=0
2026-10-09T12:25:09.946+00:00 monotonic_ns=13448868350809 INFO - reader-sd resume step=151 state=NeedPage resumed=true retained_window=true outside_step_us=126 outside_step_known=true previous_step_complete=true
2026-10-09T12:25:10.019+00:00 monotonic_ns=13448942237156 INFO - cjk-sd op=stage gap_after_log_us=14310 opens=1 reads=64 bytes=7546 open_us=51 read_us=59423 max_read_us=1985 wall_us=60437 scalars=751 lookups=30
2026-10-09T12:25:10.021+00:00 monotonic_ns=13448943707718 INFO - reader-sd step=151 outcome=slice state=NeedPage wall_us=75146 text_us=32 layout_us=73061 visible_us=0 pause_us=628 logging_us=1283 other_us=142 text_calls=1 layout_calls=1 visible_calls=0
2026-10-09T12:25:10.022+00:00 monotonic_ns=13448944373359 INFO - reader-sd resume step=152 state=NeedPage resumed=true retained_window=true outside_step_us=118 outside_step_known=true previous_step_complete=true
2026-10-09T12:25:10.096+00:00 monotonic_ns=13449018597696 INFO - cjk-sd op=stage gap_after_log_us=14855 opens=1 reads=59 bytes=9020 open_us=51 read_us=59641 max_read_us=2001 wall_us=60740 scalars=751 lookups=37
2026-10-09T12:25:10.097+00:00 monotonic_ns=13449019594257 INFO - reader-sd step=152 outcome=slice state=NeedPage wall_us=75085 text_us=24 layout_us=73388 visible_us=0 pause_us=196 logging_us=1326 other_us=151 text_calls=1 layout_calls=1 visible_calls=0
2026-10-09T12:25:10.098+00:00 monotonic_ns=13449020294118 INFO - reader-sd resume step=153 state=NeedPage resumed=true retained_window=true outside_step_us=126 outside_step_known=true previous_step_complete=true
2026-10-09T12:25:10.173+00:00 monotonic_ns=13449095362155 INFO - cjk-sd op=stage gap_after_log_us=14432 opens=1 reads=66 bytes=8822 open_us=47 read_us=60496 max_read_us=3762 wall_us=61599 scalars=751 lookups=35
2026-10-09T12:25:10.174+00:00 monotonic_ns=13449096703437 INFO - reader-sd step=153 outcome=slice state=NeedPage wall_us=76332 text_us=24 layout_us=74260 visible_us=0 pause_us=614 logging_us=1291 other_us=143 text_calls=1 layout_calls=1 visible_calls=0
2026-10-09T12:25:10.175+00:00 monotonic_ns=13449097365948 INFO - reader-sd resume step=154 state=NeedPage resumed=true retained_window=true outside_step_us=122 outside_step_known=true previous_step_complete=true
2026-10-09T12:25:10.251+00:00 monotonic_ns=13449173743437 INFO - cjk-sd op=stage gap_after_log_us=14748 opens=1 reads=69 bytes=9966 open_us=55 read_us=61847 max_read_us=2973 wall_us=63005 scalars=751 lookups=41
2026-10-09T12:25:10.252+00:00 monotonic_ns=13449174715569 INFO - reader-sd step=154 outcome=slice state=NeedPage wall_us=77188 text_us=32 layout_us=75654 visible_us=0 pause_us=183 logging_us=1169 other_us=150 text_calls=1 layout_calls=1 visible_calls=0
2026-10-09T12:25:10.253+00:00 monotonic_ns=13449175369679 INFO - reader-sd resume step=155 state=NeedPage resumed=true retained_window=true outside_step_us=123 outside_step_known=true previous_step_complete=true
2026-10-09T12:25:10.327+00:00 monotonic_ns=13449249365386 INFO - cjk-sd op=stage gap_after_log_us=14360 opens=1 reads=57 bytes=7986 open_us=47 read_us=59522 max_read_us=2026 wall_us=60543 scalars=751 lookups=30
2026-10-09T12:25:10.328+00:00 monotonic_ns=13449250684528 INFO - reader-sd step=155 outcome=slice state=NeedPage wall_us=75270 text_us=33 layout_us=73183 visible_us=0 pause_us=625 logging_us=1289 other_us=140 text_calls=1 layout_calls=1 visible_calls=0
2026-10-09T12:25:10.329+00:00 monotonic_ns=13449251364878 INFO - reader-sd resume step=156 state=NeedPage resumed=true retained_window=true outside_step_us=122 outside_step_known=true previous_step_complete=true
2026-10-09T12:25:10.405+00:00 monotonic_ns=13449327642788 INFO - cjk-sd op=stage gap_after_log_us=14722 opens=1 reads=71 bytes=8514 open_us=52 read_us=61745 max_read_us=2015 wall_us=62868 scalars=751 lookups=32
2026-10-09T12:25:10.406+00:00 monotonic_ns=13449328652639 INFO - reader-sd step=156 outcome=slice state=NeedPage wall_us=77110 text_us=24 layout_us=75504 visible_us=0 pause_us=188 logging_us=1244 other_us=150 text_calls=1 layout_calls=1 visible_calls=0
2026-10-09T12:25:10.407+00:00 monotonic_ns=13449329362950 INFO - reader-sd resume step=157 state=NeedPage resumed=true retained_window=true outside_step_us=122 outside_step_known=true previous_step_complete=true
2026-10-09T12:25:10.481+00:00 monotonic_ns=13449403305677 INFO - cjk-sd op=stage gap_after_log_us=14400 opens=1 reads=75 bytes=8800 open_us=51 read_us=59417 max_read_us=3873 wall_us=60541 scalars=751 lookups=33
2026-10-09T12:25:10.482+00:00 monotonic_ns=13449404691159 INFO - reader-sd step=157 outcome=slice state=NeedPage wall_us=75241 text_us=24 layout_us=73191 visible_us=0 pause_us=620 logging_us=1264 other_us=142 text_calls=1 layout_calls=1 visible_calls=0
2026-10-09T12:25:10.483+00:00 monotonic_ns=13449405380899 INFO - reader-sd resume step=158 state=NeedPage resumed=true retained_window=true outside_step_us=127 outside_step_known=true previous_step_complete=true
2026-10-09T12:25:10.557+00:00 monotonic_ns=13449479631086 INFO - cjk-sd op=stage gap_after_log_us=14799 opens=1 reads=68 bytes=7260 open_us=51 read_us=59708 max_read_us=2018 wall_us=60757 scalars=751 lookups=26
2026-10-09T12:25:10.558+00:00 monotonic_ns=13449480718017 INFO - reader-sd step=158 outcome=slice state=NeedPage wall_us=75093 text_us=32 layout_us=73386 visible_us=0 pause_us=188 logging_us=1338 other_us=149 text_calls=1 layout_calls=1 visible_calls=0
2026-10-09T12:25:10.559+00:00 monotonic_ns=13449481326678 INFO - reader-sd resume step=159 state=NeedPage resumed=true retained_window=true outside_step_us=127 outside_step_known=true previous_step_complete=true
2026-10-09T12:25:10.633+00:00 monotonic_ns=13449555479735 INFO - cjk-sd op=stage gap_after_log_us=14409 opens=1 reads=72 bytes=9394 open_us=47 read_us=59543 max_read_us=2007 wall_us=60710 scalars=751 lookups=38
2026-10-09T12:25:10.634+00:00 monotonic_ns=13449556746767 INFO - reader-sd step=159 outcome=slice state=NeedPage wall_us=75440 text_us=33 layout_us=73351 visible_us=0 pause_us=627 logging_us=1289 other_us=140 text_calls=1 layout_calls=1 visible_calls=0
2026-10-09T12:25:10.635+00:00 monotonic_ns=13449557414337 INFO - reader-sd resume step=160 state=NeedPage resumed=true retained_window=true outside_step_us=122 outside_step_known=true previous_step_complete=true
2026-10-09T12:25:10.710+00:00 monotonic_ns=13449632660066 INFO - cjk-sd op=stage gap_after_log_us=14686 opens=1 reads=69 bytes=7810 open_us=55 read_us=60759 max_read_us=2010 wall_us=61834 scalars=751 lookups=29
2026-10-09T12:25:10.711+00:00 monotonic_ns=13449633629537 INFO - reader-sd step=160 outcome=slice state=NeedPage wall_us=76047 text_us=24 layout_us=74499 visible_us=0 pause_us=183 logging_us=1191 other_us=150 text_calls=1 layout_calls=1 visible_calls=0
2026-10-09T12:25:10.712+00:00 monotonic_ns=13449634303538 INFO - reader-sd resume step=161 state=NeedPage resumed=true retained_window=true outside_step_us=126 outside_step_known=true previous_step_complete=true
2026-10-09T12:25:10.787+00:00 monotonic_ns=13449709653676 INFO - cjk-sd op=stage gap_after_log_us=14429 opens=1 reads=76 bytes=9768 open_us=47 read_us=60741 max_read_us=2008 wall_us=61935 scalars=751 lookups=37
2026-10-09T12:25:10.788+00:00 monotonic_ns=13449711166408 INFO - reader-sd step=161 outcome=slice state=NeedPage wall_us=76673 text_us=27 layout_us=74604 visible_us=0 pause_us=699 logging_us=1200 other_us=143 text_calls=1 layout_calls=1 visible_calls=0
2026-10-09T12:25:10.790+00:00 monotonic_ns=13449712572780 INFO - stats: heap 35/158K peak 42K | stack free 67K hwm 17K | bat 93% 4.1V | up 0:13 | SD:ok
2026-10-09T12:25:10.790+00:00 monotonic_ns=13449712885550 INFO - heap psram: used 8288 B, free 2088864 B, peak 20616 B; reserved 8288 / 1900544 B, peak 20624 B
2026-10-09T12:25:10.791+00:00 monotonic_ns=13449713480741 INFO - reader-sd resume step=162 state=NeedPage resumed=true retained_window=true outside_step_us=1773 outside_step_known=true previous_step_complete=true
2026-10-09T12:25:10.873+00:00 monotonic_ns=13449796211077 INFO - cjk-sd op=stage gap_after_log_us=16564 opens=1 reads=78 bytes=8536 open_us=60 read_us=68029 max_read_us=2999 wall_us=69237 scalars=751 lookups=31
2026-10-09T12:25:10.874+00:00 monotonic_ns=13449797175778 INFO - reader-sd step=162 outcome=slice state=NeedPage wall_us=83527 text_us=35 layout_us=81839 visible_us=0 pause_us=195 logging_us=1302 other_us=156 text_calls=1 layout_calls=1 visible_calls=0
2026-10-09T12:25:10.875+00:00 monotonic_ns=13449797681089 INFO - reader-sd resume step=163 state=NeedPage resumed=true retained_window=true outside_step_us=135 outside_step_known=true previous_step_complete=true
2026-10-09T12:25:10.950+00:00 monotonic_ns=13449872715767 INFO - cjk-sd op=stage gap_after_log_us=14190 opens=1 reads=66 bytes=10120 open_us=51 read_us=60556 max_read_us=2959 wall_us=61729 scalars=751 lookups=41
2026-10-09T12:25:10.952+00:00 monotonic_ns=13449874351959 INFO - reader-sd step=163 outcome=slice state=NeedPage wall_us=76224 text_us=35 layout_us=74338 visible_us=0 pause_us=773 logging_us=936 other_us=142 text_calls=1 layout_calls=1 visible_calls=0
2026-10-09T12:25:10.952+00:00 monotonic_ns=13449874849550 INFO - reader-sd resume step=164 state=NeedPage resumed=true retained_window=true outside_step_us=126 outside_step_known=true previous_step_complete=true
2026-10-09T12:25:11.030+00:00 monotonic_ns=13449952748871 INFO - cjk-sd op=stage gap_after_log_us=14852 opens=1 reads=69 bytes=8580 open_us=51 read_us=63403 max_read_us=3792 wall_us=64597 scalars=751 lookups=35
2026-10-09T12:25:11.031+00:00 monotonic_ns=13449953657672 INFO - reader-sd step=164 outcome=slice state=NeedPage wall_us=78571 text_us=26 layout_us=77224 visible_us=0 pause_us=195 logging_us=971 other_us=155 text_calls=1 layout_calls=1 visible_calls=0
2026-10-09T12:25:11.032+00:00 monotonic_ns=13449954364393 INFO - reader-sd resume step=165 state=NeedPage resumed=true retained_window=true outside_step_us=126 outside_step_known=true previous_step_complete=true
2026-10-09T12:25:11.106+00:00 monotonic_ns=13450028781520 INFO - cjk-sd op=stage gap_after_log_us=14340 opens=1 reads=71 bytes=8536 open_us=47 read_us=60050 max_read_us=3873 wall_us=61174 scalars=751 lookups=35
2026-10-09T12:25:11.107+00:00 monotonic_ns=13450030209952 INFO - reader-sd step=165 outcome=slice state=NeedPage wall_us=75677 text_us=29 layout_us=73789 visible_us=0 pause_us=614 logging_us=1101 other_us=144 text_calls=1 layout_calls=1 visible_calls=0
2026-10-09T12:25:11.108+00:00 monotonic_ns=13450030716383 INFO - reader-sd resume step=166 state=NeedPage resumed=true retained_window=true outside_step_us=121 outside_step_known=true previous_step_complete=true
2026-10-09T12:25:11.183+00:00 monotonic_ns=13450105492960 INFO - cjk-sd op=stage gap_after_log_us=14681 opens=1 reads=71 bytes=9614 open_us=55 read_us=60066 max_read_us=2014 wall_us=61289 scalars=751 lookups=38
2026-10-09T12:25:11.184+00:00 monotonic_ns=13450106522432 INFO - reader-sd step=166 outcome=slice state=NeedPage wall_us=75426 text_us=32 layout_us=73906 visible_us=0 pause_us=191 logging_us=1142 other_us=155 text_calls=1 layout_calls=1 visible_calls=0
2026-10-09T12:25:11.184+00:00 monotonic_ns=13450107165492 INFO - reader-sd resume step=167 state=NeedPage resumed=true retained_window=true outside_step_us=126 outside_step_known=true previous_step_complete=true
2026-10-09T12:25:11.434+00:00 monotonic_ns=13450356291074 INFO - cjk-sd op=stage gap_after_log_us=14380 opens=2 reads=50 bytes=5500 open_us=189219 read_us=45164 max_read_us=2963 wall_us=235582 scalars=751 lookups=20
2026-10-09T12:25:11.435+00:00 monotonic_ns=13450357687056 INFO - reader-sd step=167 outcome=slice state=NeedPage wall_us=250449 text_us=35 layout_us=248192 visible_us=0 pause_us=707 logging_us=1360 other_us=155 text_calls=1 layout_calls=1 visible_calls=0
2026-10-09T12:25:11.436+00:00 monotonic_ns=13450358428017 INFO - reader-sd resume step=168 state=NeedPage resumed=true retained_window=true outside_step_us=150 outside_step_known=true previous_step_complete=true
2026-10-09T12:25:11.511+00:00 monotonic_ns=13450434244046 INFO - cjk-sd op=stage gap_after_log_us=14992 opens=1 reads=57 bytes=3784 open_us=69 read_us=61265 max_read_us=3799 wall_us=62205 scalars=751 lookups=11
2026-10-09T12:25:11.513+00:00 monotonic_ns=13450435263997 INFO - reader-sd step=168 outcome=slice state=NeedPage wall_us=76700 text_us=46 layout_us=74909 visible_us=0 pause_us=195 logging_us=1382 other_us=168 text_calls=1 layout_calls=1 visible_calls=0
2026-10-09T12:25:11.513+00:00 monotonic_ns=13450435745467 INFO - reader-sd resume step=169 state=NeedPage resumed=true retained_window=true outside_step_us=115 outside_step_known=true previous_step_complete=true
2026-10-09T12:25:11.584+00:00 monotonic_ns=13450507271351 INFO - cjk-sd op=stage gap_after_log_us=14147 opens=1 reads=61 bytes=3234 open_us=50 read_us=57290 max_read_us=1983 wall_us=58113 scalars=751 lookups=10
2026-10-09T12:25:11.586+00:00 monotonic_ns=13450508955193 INFO - cjk-sd op=bank gap_after_log_us=34 opens=1 reads=1 bytes=44 open_us=70 read_us=1056 max_read_us=1056 wall_us=1224 scalars=0 lookups=0
2026-10-09T12:25:11.588+00:00 monotonic_ns=13450510578265 INFO - cjk-sd op=bank gap_after_log_us=63 opens=1 reads=1 bytes=44 open_us=25 read_us=1010 max_read_us=1010 wall_us=1064 scalars=0 lookups=0
2026-10-09T12:25:11.597+00:00 monotonic_ns=13450519699336 INFO - cjk-sd op=prepare gap_after_log_us=2990 opens=1 reads=2 bytes=51 open_us=176 read_us=3707 max_read_us=2031 wall_us=5411 scalars=93 lookups=0
2026-10-09T12:25:11.599+00:00 monotonic_ns=13450521540348 INFO - reader-sd step=169 outcome=slice state=NeedPage wall_us=85371 text_us=31 layout_us=75179 visible_us=6263 pause_us=869 logging_us=2799 other_us=230 text_calls=1 layout_calls=1 visible_calls=1
2026-10-09T12:25:11.600+00:00 monotonic_ns=13450522364469 INFO - reader-sd resume step=170 state=NeedPage resumed=true retained_window=true outside_step_us=222 outside_step_known=true previous_step_complete=true
2026-10-09T12:25:11.613+00:00 monotonic_ns=13450536168465 INFO - cjk-sd op=stage gap_after_log_us=15596 opens=0 reads=0 bytes=0 open_us=0 read_us=0 max_read_us=0 wall_us=253 scalars=751 lookups=0
2026-10-09T12:25:11.674+00:00 monotonic_ns=13450597196567 INFO - cjk-sd op=prepare gap_after_log_us=2881 opens=1 reads=51 bytes=3017 open_us=160 read_us=55751 max_read_us=2892 wall_us=57246 scalars=93 lookups=0
2026-10-09T12:25:11.675+00:00 monotonic_ns=13450598177598 INFO - reader-sd step=170 outcome=slice state=NeedPage wall_us=75688 text_us=52 layout_us=15065 visible_us=58077 pause_us=260 logging_us=1967 other_us=267 text_calls=1 layout_calls=1 visible_calls=1
2026-10-09T12:25:11.676+00:00 monotonic_ns=13450598748709 INFO - reader-sd resume step=171 state=NeedPage resumed=true retained_window=true outside_step_us=171 outside_step_known=true previous_step_complete=true
2026-10-09T12:25:11.690+00:00 monotonic_ns=13450612357205 INFO - cjk-sd op=stage gap_after_log_us=14467 opens=0 reads=0 bytes=0 open_us=0 read_us=0 max_read_us=0 wall_us=209 scalars=751 lookups=0
2026-10-09T12:25:11.750+00:00 monotonic_ns=13450672833345 INFO - cjk-sd op=prepare gap_after_log_us=2761 opens=1 reads=40 bytes=2522 open_us=140 read_us=55747 max_read_us=2879 wall_us=57129 scalars=93 lookups=0
2026-10-09T12:25:11.752+00:00 monotonic_ns=13450674531187 INFO - reader-sd step=171 outcome=slice state=NeedPage wall_us=75363 text_us=48 layout_us=14826 visible_us=57920 pause_us=759 logging_us=1599 other_us=211 text_calls=1 layout_calls=1 visible_calls=1
2026-10-09T12:25:11.753+00:00 monotonic_ns=13450675261968 INFO - reader-sd resume step=172 state=NeedPage resumed=true retained_window=true outside_step_us=184 outside_step_known=true previous_step_complete=true
2026-10-09T12:25:11.766+00:00 monotonic_ns=13450688783694 INFO - cjk-sd op=stage gap_after_log_us=15314 opens=0 reads=0 bytes=0 open_us=0 read_us=0 max_read_us=0 wall_us=209 scalars=751 lookups=0
2026-10-09T12:25:11.787+00:00 monotonic_ns=13450709331438 INFO - cjk-sd op=prepare gap_after_log_us=2863 opens=2 reads=8 bytes=548 open_us=177 read_us=15410 max_read_us=2859 wall_us=16885 scalars=96 lookups=0
2026-10-09T12:25:11.788+00:00 monotonic_ns=13450710350710 INFO - reader-sd step=172 outcome=ready state=Ready wall_us=34916 text_us=65 layout_us=14990 visible_us=17711 pause_us=0 logging_us=1800 other_us=350 text_calls=2 layout_calls=1 visible_calls=1
2026-10-09T12:25:11.789+00:00 monotonic_ns=13450711697951 INFO - stats: heap 41/158K peak 42K | stack free 67K hwm 17K | bat 93% 4.1V | up 0:13 | SD:ok
2026-10-09T12:25:11.789+00:00 monotonic_ns=13450712215792 INFO - heap psram: used 14208 B, free 2082944 B, peak 20616 B; reserved 14224 / 1900544 B, peak 20624 B
2026-10-09T12:25:12.608+00:00 monotonic_ns=13451530762532 INFO - display: partial refresh 480x794 at (0, 6) in 818 ms (partial count 6)
2026-10-09T12:25:15.645+00:00 monotonic_ns=13454567467832 INFO - stats: heap 41/158K peak 42K | stack free 67K hwm 17K | bat 93% 4.1V | up 0:13 | SD:ok
2026-10-09T12:25:15.645+00:00 monotonic_ns=13454567732323 INFO - heap psram: used 14208 B, free 2082944 B, peak 20616 B; reserved 14224 / 1900544 B, peak 20624 B
2026-10-09T12:25:17.904+00:00 monotonic_ns=13456826852512 INFO - battery: cell 4130 mV, 95% (periodic)
2026-10-09T12:25:20.645+00:00 monotonic_ns=13459567309816 INFO - stats: heap 41/158K peak 42K | stack free 67K hwm 17K | bat 95% 4.1V | up 0:13 | SD:ok
2026-10-09T12:25:20.645+00:00 monotonic_ns=13459567580896 INFO - heap psram: used 14208 B, free 2082944 B, peak 20616 B; reserved 14224 / 1900544 B, peak 20624 B
2026-10-09T12:25:23.629+00:00 monotonic_ns=13462551606975 INFO - scheduler: received LongPress(Enter)
2026-10-09T12:25:23.630+00:00 monotonic_ns=13462552753037 INFO - stats: heap 41/158K peak 42K | stack free 67K hwm 17K | bat 95% 4.1V | up 0:13 | SD:ok
2026-10-09T12:25:23.630+00:00 monotonic_ns=13462553228097 INFO - heap psram: used 14208 B, free 2082944 B, peak 20616 B; reserved 14224 / 1900544 B, peak 20624 B
2026-10-09T12:25:24.339+00:00 monotonic_ns=13463262235238 INFO - display: partial refresh 400x302 at (40, 458) in 707 ms (partial count 7)
2026-10-09T12:25:25.645+00:00 monotonic_ns=13464567472799 INFO - stats: heap 41/158K peak 42K | stack free 67K hwm 17K | bat 95% 4.1V | up 0:13 | SD:ok
2026-10-09T12:25:25.645+00:00 monotonic_ns=13464567738210 INFO - heap psram: used 14208 B, free 2082944 B, peak 20616 B; reserved 14224 / 1900544 B, peak 20624 B
2026-10-09T12:25:29.443+00:00 monotonic_ns=13468365752984 INFO - stats: heap 41/158K peak 42K | stack free 67K hwm 17K | bat 95% 4.1V | up 0:13 | SD:ok
2026-10-09T12:25:29.443+00:00 monotonic_ns=13468366190274 INFO - heap psram: used 14208 B, free 2082944 B, peak 20616 B; reserved 14224 / 1900544 B, peak 20624 B
2026-10-09T12:25:30.152+00:00 monotonic_ns=13469074554155 INFO - display: partial refresh 400x302 at (40, 458) in 707 ms (partial count 8)
2026-10-09T12:25:30.570+00:00 monotonic_ns=13469493202396 INFO - stats: heap 41/158K peak 42K | stack free 67K hwm 17K | bat 95% 4.1V | up 0:13 | SD:ok
2026-10-09T12:25:30.571+00:00 monotonic_ns=13469493514026 INFO - heap psram: used 14208 B, free 2082944 B, peak 20616 B; reserved 14224 / 1900544 B, peak 20624 B
2026-10-09T12:25:31.279+00:00 monotonic_ns=13470201564076 INFO - display: partial refresh 400x302 at (40, 458) in 707 ms (partial count 9)
2026-10-09T12:25:31.281+00:00 monotonic_ns=13470203609429 INFO - stats: heap 41/158K peak 42K | stack free 67K hwm 17K | bat 95% 4.1V | up 0:13 | SD:ok
2026-10-09T12:25:31.281+00:00 monotonic_ns=13470203911829 INFO - heap psram: used 14208 B, free 2082944 B, peak 20616 B; reserved 14224 / 1900544 B, peak 20624 B
2026-10-09T12:25:31.352+00:00 monotonic_ns=13470274299642 INFO - stats: heap 41/158K peak 42K | stack free 67K hwm 17K | bat 95% 4.1V | up 0:13 | SD:ok
2026-10-09T12:25:31.352+00:00 monotonic_ns=13470274593232 INFO - heap psram: used 14208 B, free 2082944 B, peak 20616 B; reserved 14224 / 1900544 B, peak 20624 B
2026-10-09T12:25:32.060+00:00 monotonic_ns=13470982715892 INFO - display: partial refresh 400x302 at (40, 458) in 707 ms (partial count 10)
2026-10-09T12:25:34.604+00:00 monotonic_ns=13473526782235 INFO - font: size_idx=2 line_h=49 (native 31 x 160%) ascent=25 max_lines=15 margin=40
2026-10-09T12:25:34.605+00:00 monotonic_ns=13473527299956 INFO - toc: opening (9 entries)
2026-10-09T12:25:34.606+00:00 monotonic_ns=13473528585558 INFO - stats: heap 15/158K peak 42K | stack free 67K hwm 17K | bat 95% 4.1V | up 0:13 | SD:ok
2026-10-09T12:25:34.606+00:00 monotonic_ns=13473528932948 INFO - heap psram: used 8288 B, free 2088864 B, peak 20616 B; reserved 8288 / 1900544 B, peak 20624 B
2026-10-09T12:25:34.882+00:00 monotonic_ns=13473804987392 INFO - cjk-sd op=stage gap_after_log_us=22821257 opens=1 reads=224 bytes=27500 open_us=147 read_us=271485 max_read_us=3770 wall_us=273593 scalars=48 lookups=48
2026-10-09T12:25:34.952+00:00 monotonic_ns=13473874391383 INFO - cjk-sd op=prepare gap_after_log_us=335 opens=1 reads=48 bytes=2835 open_us=164 read_us=66782 max_read_us=3127 wall_us=68301 scalars=48 lookups=0
2026-10-09T12:25:35.737+00:00 monotonic_ns=13474659561264 INFO - display: partial refresh 480x794 at (0, 6) in 784 ms (partial count 11)
2026-10-09T12:25:35.745+00:00 monotonic_ns=13474667521833 INFO - stats: heap 18/158K peak 42K | stack free 67K hwm 17K | bat 95% 4.1V | up 0:13 | SD:ok
2026-10-09T12:25:35.745+00:00 monotonic_ns=13474667835964 INFO - heap psram: used 11080 B, free 2086072 B, peak 20616 B; reserved 11088 / 1900544 B, peak 20624 B
2026-10-09T12:25:39.036+00:00 monotonic_ns=13477958882013 INFO - stats: heap 18/158K peak 42K | stack free 67K hwm 17K | bat 95% 4.1V | up 0:13 | SD:ok
2026-10-09T12:25:39.037+00:00 monotonic_ns=13477959341184 INFO - heap psram: used 11080 B, free 2086072 B, peak 20616 B; reserved 11088 / 1900544 B, peak 20624 B
2026-10-09T12:25:39.809+00:00 monotonic_ns=13478731342779 INFO - display: partial refresh 480x794 at (0, 6) in 771 ms (partial count 12)
2026-10-09T12:25:40.645+00:00 monotonic_ns=13479567538979 INFO - stats: heap 15/158K peak 42K | stack free 67K hwm 17K | bat 95% 4.1V | up 0:13 | SD:ok
2026-10-09T12:25:40.645+00:00 monotonic_ns=13479567895310 INFO - heap psram: used 8288 B, free 2088864 B, peak 20616 B; reserved 8288 / 1900544 B, peak 20624 B
2026-10-09T12:25:42.649+00:00 monotonic_ns=13481571535269 INFO - app: Reader -> Files
2026-10-09T12:25:42.649+00:00 monotonic_ns=13481571862350 INFO - bookmark: cached off=0 ch=3 gen=23 for "ASSEMB~1.EPU"
2026-10-09T12:25:42.649+00:00 monotonic_ns=13481572248310 INFO - [work] reset -> gen 11
2026-10-09T12:25:42.650+00:00 monotonic_ns=13481572889471 INFO - font: size_idx=2 line_h=49 (native 31 x 160%) ascent=25 max_lines=15 margin=40
2026-10-09T12:25:42.651+00:00 monotonic_ns=13481573418472 INFO - font: size_idx=2 line_h=49 (native 31 x 160%) ascent=25 max_lines=15 margin=40
2026-10-09T12:25:42.652+00:00 monotonic_ns=13481574644803 INFO - stats: heap 1/158K peak 42K | stack free 67K hwm 17K | bat 95% 4.1V | up 0:13 | SD:ok
2026-10-09T12:25:42.652+00:00 monotonic_ns=13481574960313 INFO - heap psram: used 8192 B, free 2088960 B, peak 20616 B; reserved 8192 / 1900544 B, peak 20624 B
2026-10-09T12:25:42.876+00:00 monotonic_ns=13481798891946 INFO - cjk-sd op=stage gap_after_log_us=7701131 opens=1 reads=25 bytes=2090 open_us=190214 read_us=31744 max_read_us=2054 wall_us=222651 scalars=3 lookups=3
2026-10-09T12:25:42.886+00:00 monotonic_ns=13481808858758 INFO - cjk-sd op=prepare gap_after_log_us=177 opens=1 reads=4 bytes=360 open_us=152 read_us=8303 max_read_us=2859 wall_us=9249 scalars=3 lookups=0
2026-10-09T12:25:43.681+00:00 monotonic_ns=13482603756010 INFO - display: partial refresh 480x800 at (0, 0) in 795 ms (partial count 13)
2026-10-09T12:25:44.201+00:00 monotonic_ns=13483123396299 INFO - app: Files -> Reader
2026-10-09T12:25:44.201+00:00 monotonic_ns=13483123987830 INFO - font: size_idx=2 line_h=49 (native 31 x 160%) ascent=25 max_lines=15 margin=40
2026-10-09T12:25:44.202+00:00 monotonic_ns=13483124480631 INFO - font: size_idx=2 line_h=49 (native 31 x 160%) ascent=25 max_lines=15 margin=40
2026-10-09T12:25:44.202+00:00 monotonic_ns=13483124725241 INFO - [work] reset -> gen 12
2026-10-09T12:25:44.203+00:00 monotonic_ns=13483125307632 INFO - font: size_idx=2 line_h=49 (native 31 x 160%) ascent=25 max_lines=15 margin=40
2026-10-09T12:25:44.203+00:00 monotonic_ns=13483125422472 INFO - reader: opening ASSEMB~1.EPU
2026-10-09T12:25:44.203+00:00 monotonic_ns=13483125914402 INFO - reader-sd resume step=173 state=NeedBookmark resumed=false retained_window=false outside_step_us=32415012 outside_step_known=true previous_step_complete=true
2026-10-09T12:25:44.204+00:00 monotonic_ns=13483126360823 INFO - bookmark: restoring off=0 ch=3 for ASSEMB~1.EPU
2026-10-09T12:25:44.470+00:00 monotonic_ns=13483392491795 INFO - epub: CD at offset 281729 size 1868 (283619 file bytes)
2026-10-09T12:25:44.538+00:00 monotonic_ns=13483460986905 INFO - epub: 28 entries in ZIP
2026-10-09T12:25:44.539+00:00 monotonic_ns=13483461734376 INFO - reader-sd step=173 outcome=pending state=NeedOpf wall_us=335513 text_us=0 layout_us=0 visible_us=0 pause_us=0 logging_us=408 other_us=335105 text_calls=0 layout_calls=0 visible_calls=0
2026-10-09T12:25:44.540+00:00 monotonic_ns=13483463234778 INFO - stats: heap 1/158K peak 42K | stack free 67K hwm 17K | bat 95% 4.1V | up 0:13 | SD:ok
2026-10-09T12:25:44.541+00:00 monotonic_ns=13483463592378 INFO - heap psram: used 8192 B, free 2088960 B, peak 20616 B; reserved 8192 / 1900544 B, peak 20624 B
2026-10-09T12:25:44.542+00:00 monotonic_ns=13483464553929 INFO - cjk-sd op=stage gap_after_log_us=1655009 opens=0 reads=0 bytes=0 open_us=0 read_us=0 max_read_us=0 wall_us=44 scalars=0 lookups=0
2026-10-09T12:25:44.543+00:00 monotonic_ns=13483465302580 INFO - cjk-sd op=prepare gap_after_log_us=50 opens=0 reads=0 bytes=0 open_us=0 read_us=0 max_read_us=0 wall_us=63 scalars=0 lookups=0
2026-10-09T12:25:48.427+00:00 monotonic_ns=13487349763075 INFO - reader-sd resume step=174 state=NeedOpf resumed=false retained_window=false outside_step_us=3887458 outside_step_known=true previous_step_complete=true
2026-10-09T12:25:48.492+00:00 monotonic_ns=13487414720742 INFO - zip: deflate stream 174 -> 257 bytes
2026-10-09T12:25:48.559+00:00 monotonic_ns=13487481923130 INFO - epub: OPF at OEBPS/content.opf
2026-10-09T12:25:48.624+00:00 monotonic_ns=13487546591956 INFO - zip: deflate stream 1047 -> 4106 bytes
2026-10-09T12:25:48.701+00:00 monotonic_ns=13487623499407 INFO - epub: TOC source = EPUB3 nav (zip #22)
2026-10-09T12:25:48.701+00:00 monotonic_ns=13487623773867 INFO - epub: "集合體" by 娜塔夏‧ 布朗（Natasha Brown） -- 17 chapters
2026-10-09T12:25:48.836+00:00 monotonic_ns=13487759278916 INFO - reader-sd step=174 outcome=pending state=NeedToc wall_us=409070 text_us=0 layout_us=0 visible_us=0 pause_us=0 logging_us=508 other_us=408562 text_calls=0 layout_calls=0 visible_calls=0
2026-10-09T12:25:48.868+00:00 monotonic_ns=13487790422172 INFO - battery: cell 4180 mV, 98% (periodic)
2026-10-09T12:25:48.869+00:00 monotonic_ns=13487791625533 INFO - stats: heap 1/158K peak 42K | stack free 67K hwm 17K | bat 98% 4.1V | up 0:13 | SD:ok
2026-10-09T12:25:48.869+00:00 monotonic_ns=13487791984284 INFO - heap psram: used 8192 B, free 2088960 B, peak 20616 B; reserved 8192 / 1900544 B, peak 20624 B
2026-10-09T12:25:48.870+00:00 monotonic_ns=13487793218395 INFO - stats: heap 1/158K peak 42K | stack free 67K hwm 17K | bat 98% 4.1V | up 0:13 | SD:ok
2026-10-09T12:25:48.871+00:00 monotonic_ns=13487793537996 INFO - heap psram: used 8192 B, free 2088960 B, peak 20616 B; reserved 8192 / 1900544 B, peak 20624 B
2026-10-09T12:25:49.094+00:00 monotonic_ns=13488016760268 INFO - cjk-sd op=stage gap_after_log_us=4328999 opens=1 reads=25 bytes=2090 open_us=189776 read_us=31153 max_read_us=2000 wall_us=221648 scalars=3 lookups=3
2026-10-09T12:25:49.102+00:00 monotonic_ns=13488024671827 INFO - cjk-sd op=prepare gap_after_log_us=174 opens=1 reads=4 bytes=138 open_us=152 read_us=6290 max_read_us=2074 wall_us=7244 scalars=3 lookups=0
2026-10-09T12:25:49.752+00:00 monotonic_ns=13488675218310 INFO - display: partial refresh 448x24 at (8, 24) in 650 ms (partial count 1)
2026-10-09T12:25:49.753+00:00 monotonic_ns=13488675779990 INFO - reader-sd resume step=175 state=NeedToc resumed=false retained_window=false outside_step_us=916097 outside_step_known=true previous_step_complete=true
2026-10-09T12:25:49.819+00:00 monotonic_ns=13488741730998 INFO - zip: deflate stream 703 -> 1533 bytes
2026-10-09T12:25:49.891+00:00 monotonic_ns=13488813556322 INFO - epub: TOC has 9 entries
2026-10-09T12:25:49.892+00:00 monotonic_ns=13488814509583 INFO - reader-sd step=175 outcome=pending state=NeedCache wall_us=138297 text_us=0 layout_us=0 visible_us=0 pause_us=0 logging_us=417 other_us=137880 text_calls=0 layout_calls=0 visible_calls=0
2026-10-09T12:25:49.893+00:00 monotonic_ns=13488815916895 INFO - stats: heap 15/158K peak 42K | stack free 67K hwm 17K | bat 98% 4.1V | up 0:13 | SD:ok
2026-10-09T12:25:49.894+00:00 monotonic_ns=13488816476576 INFO - heap psram: used 8288 B, free 2088864 B, peak 20616 B; reserved 8288 / 1900544 B, peak 20624 B
2026-10-09T12:25:50.544+00:00 monotonic_ns=13489466539778 INFO - display: partial refresh 448x24 at (8, 24) in 649 ms (partial count 2)
2026-10-09T12:25:50.545+00:00 monotonic_ns=13489468223880 INFO - reader-sd resume step=176 state=NeedCache resumed=false retained_window=false outside_step_us=653096 outside_step_known=true previous_step_complete=true
2026-10-09T12:25:50.922+00:00 monotonic_ns=13489844903861 INFO - epub: v3 cache hit (17 chapters)
2026-10-09T12:25:50.923+00:00 monotonic_ns=13489845711822 INFO - reader-sd step=176 outcome=pending state=NeedIndex wall_us=377295 text_us=0 layout_us=0 visible_us=0 pause_us=0 logging_us=613 other_us=376682 text_calls=0 layout_calls=0 visible_calls=0
2026-10-09T12:25:50.924+00:00 monotonic_ns=13489846972594 INFO - stats: heap 15/158K peak 42K | stack free 67K hwm 17K | bat 98% 4.1V | up 0:13 | SD:ok
2026-10-09T12:25:50.925+00:00 monotonic_ns=13489847489714 INFO - heap psram: used 8288 B, free 2088864 B, peak 20616 B; reserved 8288 / 1900544 B, peak 20624 B
2026-10-09T12:25:51.575+00:00 monotonic_ns=13490497580327 INFO - display: partial refresh 448x24 at (8, 24) in 648 ms (partial count 3)
2026-10-09T12:25:51.576+00:00 monotonic_ns=13490498337298 INFO - reader-sd resume step=177 state=NeedIndex resumed=false retained_window=false outside_step_us=652060 outside_step_known=true previous_step_complete=true
2026-10-09T12:25:51.576+00:00 monotonic_ns=13490498640128 INFO - epub: index chapter 4/17 (0 bytes cached text)
2026-10-09T12:25:51.577+00:00 monotonic_ns=13490499516409 INFO - reader-sd step=177 outcome=pending state=NeedPage wall_us=973 text_us=0 layout_us=0 visible_us=0 pause_us=0 logging_us=570 other_us=403 text_calls=0 layout_calls=0 visible_calls=0
2026-10-09T12:25:51.578+00:00 monotonic_ns=13490500685901 INFO - stats: heap 15/158K peak 42K | stack free 67K hwm 17K | bat 98% 4.1V | up 0:13 | SD:ok
2026-10-09T12:25:51.578+00:00 monotonic_ns=13490500996971 INFO - heap psram: used 8288 B, free 2088864 B, peak 20616 B; reserved 8288 / 1900544 B, peak 20624 B
2026-10-09T12:25:52.228+00:00 monotonic_ns=13491151277003 INFO - display: partial refresh 448x24 at (8, 24) in 649 ms (partial count 4)
2026-10-09T12:25:52.230+00:00 monotonic_ns=13491152580935 INFO - reader-sd resume step=178 state=NeedPage resumed=false retained_window=false outside_step_us=652564 outside_step_known=true previous_step_complete=true
2026-10-09T12:25:52.626+00:00 monotonic_ns=13491549283770 INFO - cjk: lookup 1/751 glyphs, about 153187 ms left
2026-10-09T12:25:52.627+00:00 monotonic_ns=13491549774791 INFO - cjk-sd op=stage gap_after_log_us=3319482 opens=1 reads=12 bytes=528 open_us=189616 read_us=13972 max_read_us=2036 wall_us=205099 scalars=751 lookups=1
2026-10-09T12:25:52.628+00:00 monotonic_ns=13491550770672 INFO - reader-sd step=178 outcome=slice state=NeedPage wall_us=398007 text_us=142101 layout_us=254473 visible_us=0 pause_us=132 logging_us=1034 other_us=267 text_calls=1 layout_calls=1 visible_calls=0
2026-10-09T12:25:52.629+00:00 monotonic_ns=13491552231053 INFO - stats: heap 35/158K peak 42K | stack free 67K hwm 17K | bat 98% 4.1V | up 0:13 | SD:ok
2026-10-09T12:25:52.630+00:00 monotonic_ns=13491552603384 INFO - heap psram: used 8288 B, free 2088864 B, peak 20616 B; reserved 8288 / 1900544 B, peak 20624 B
2026-10-09T12:25:52.631+00:00 monotonic_ns=13491553690465 INFO - stats: heap 35/158K peak 42K | stack free 67K hwm 17K | bat 98% 4.1V | up 0:13 | SD:ok
2026-10-09T12:25:52.631+00:00 monotonic_ns=13491553999666 INFO - heap psram: used 8288 B, free 2088864 B, peak 20616 B; reserved 8288 / 1900544 B, peak 20624 B
2026-10-09T12:25:53.282+00:00 monotonic_ns=13492204798649 INFO - display: partial refresh 448x24 at (8, 24) in 650 ms (partial count 5)
2026-10-09T12:25:53.283+00:00 monotonic_ns=13492205539140 INFO - reader-sd resume step=179 state=NeedPage resumed=true retained_window=true outside_step_us=654262 outside_step_known=true previous_step_complete=true
2026-10-09T12:25:53.357+00:00 monotonic_ns=13492279744376 INFO - cjk-sd op=stage gap_after_log_us=668671 opens=1 reads=68 bytes=10208 open_us=112 read_us=59153 max_read_us=2010 wall_us=60562 scalars=751 lookups=41
2026-10-09T12:25:53.359+00:00 monotonic_ns=13492281498969 INFO - reader-sd step=179 outcome=slice state=NeedPage wall_us=75741 text_us=62 layout_us=73287 visible_us=0 pause_us=908 logging_us=1237 other_us=247 text_calls=1 layout_calls=1 visible_calls=0
2026-10-09T12:25:53.497+00:00 monotonic_ns=13492419287260 INFO - bookmarks: flushed 6 slots to SD
2026-10-09T12:25:53.497+00:00 monotonic_ns=13492419954321 INFO - reader-sd resume step=180 state=NeedPage resumed=true retained_window=true outside_step_us=137859 outside_step_known=true previous_step_complete=true
2026-10-09T12:25:53.575+00:00 monotonic_ns=13492498032743 INFO - cjk-sd op=stage gap_after_log_us=153067 opens=1 reads=75 bytes=10274 open_us=113 read_us=63173 max_read_us=3056 wall_us=64614 scalars=751 lookups=41
2026-10-09T12:25:53.576+00:00 monotonic_ns=13492498878074 INFO - reader-sd step=180 outcome=slice state=NeedPage wall_us=78928 text_us=78 layout_us=77353 visible_us=0 pause_us=216 logging_us=1092 other_us=189 text_calls=1 layout_calls=1 visible_calls=0
2026-10-09T12:25:53.577+00:00 monotonic_ns=13492499534905 INFO - reader-sd resume step=181 state=NeedPage resumed=true retained_window=true outside_step_us=142 outside_step_known=true previous_step_complete=true
2026-10-09T12:25:53.653+00:00 monotonic_ns=13492575410483 INFO - cjk-sd op=stage gap_after_log_us=14212 opens=1 reads=72 bytes=11726 open_us=45 read_us=61259 max_read_us=3799 wall_us=62467 scalars=751 lookups=46
2026-10-09T12:25:53.654+00:00 monotonic_ns=13492576731785 INFO - reader-sd step=181 outcome=slice state=NeedPage wall_us=77135 text_us=29 layout_us=75076 visible_us=0 pause_us=660 logging_us=1248 other_us=122 text_calls=1 layout_calls=1 visible_calls=0
2026-10-09T12:25:53.655+00:00 monotonic_ns=13492577460976 INFO - reader-sd resume step=182 state=NeedPage resumed=true retained_window=true outside_step_us=143 outside_step_known=true previous_step_complete=true
2026-10-09T12:25:53.730+00:00 monotonic_ns=13492652701804 INFO - cjk-sd op=stage gap_after_log_us=14763 opens=1 reads=69 bytes=8536 open_us=48 read_us=60797 max_read_us=2012 wall_us=61903 scalars=751 lookups=33
2026-10-09T12:25:53.731+00:00 monotonic_ns=13492653699965 INFO - reader-sd step=182 outcome=slice state=NeedPage wall_us=76088 text_us=32 layout_us=74542 visible_us=0 pause_us=191 logging_us=1172 other_us=151 text_calls=1 layout_calls=1 visible_calls=0
2026-10-09T12:25:53.732+00:00 monotonic_ns=13492654382786 INFO - reader-sd resume step=183 state=NeedPage resumed=true retained_window=true outside_step_us=131 outside_step_known=true previous_step_complete=true
2026-10-09T12:25:53.806+00:00 monotonic_ns=13492728370443 INFO - cjk-sd op=stage gap_after_log_us=14441 opens=1 reads=64 bytes=7546 open_us=50 read_us=59503 max_read_us=1970 wall_us=60515 scalars=751 lookups=30
2026-10-09T12:25:53.807+00:00 monotonic_ns=13492729702444 INFO - reader-sd step=183 outcome=slice state=NeedPage wall_us=75246 text_us=32 layout_us=73157 visible_us=0 pause_us=617 logging_us=1303 other_us=137 text_calls=1 layout_calls=1 visible_calls=0
2026-10-09T12:25:53.808+00:00 monotonic_ns=13492730405335 INFO - reader-sd resume step=184 state=NeedPage resumed=true retained_window=true outside_step_us=127 outside_step_known=true previous_step_complete=true
2026-10-09T12:25:53.882+00:00 monotonic_ns=13492804723552 INFO - cjk-sd op=stage gap_after_log_us=14796 opens=1 reads=59 bytes=9020 open_us=51 read_us=59775 max_read_us=1977 wall_us=60885 scalars=751 lookups=37
2026-10-09T12:25:53.883+00:00 monotonic_ns=13492805717294 INFO - reader-sd step=184 outcome=slice state=NeedPage wall_us=75127 text_us=24 layout_us=73567 visible_us=0 pause_us=191 logging_us=1193 other_us=152 text_calls=1 layout_calls=1 visible_calls=0
2026-10-09T12:25:53.884+00:00 monotonic_ns=13492806397554 INFO - reader-sd resume step=185 state=NeedPage resumed=true retained_window=true outside_step_us=131 outside_step_known=true previous_step_complete=true
2026-10-09T12:25:53.959+00:00 monotonic_ns=13492881428562 INFO - cjk-sd op=stage gap_after_log_us=14450 opens=1 reads=66 bytes=8822 open_us=44 read_us=60416 max_read_us=3768 wall_us=61525 scalars=751 lookups=35
2026-10-09T12:25:53.960+00:00 monotonic_ns=13492882748044 INFO - reader-sd step=185 outcome=slice state=NeedPage wall_us=76270 text_us=25 layout_us=74199 visible_us=0 pause_us=613 logging_us=1305 other_us=128 text_calls=1 layout_calls=1 visible_calls=0
2026-10-09T12:25:53.961+00:00 monotonic_ns=13492883434194 INFO - reader-sd resume step=186 state=NeedPage resumed=true retained_window=true outside_step_us=131 outside_step_known=true previous_step_complete=true
2026-10-09T12:25:54.037+00:00 monotonic_ns=13492959885284 INFO - cjk-sd op=stage gap_after_log_us=14791 opens=1 reads=69 bytes=9966 open_us=51 read_us=61920 max_read_us=3007 wall_us=63092 scalars=751 lookups=41
2026-10-09T12:25:54.038+00:00 monotonic_ns=13492960747645 INFO - reader-sd step=186 outcome=slice state=NeedPage wall_us=77255 text_us=33 layout_us=75768 visible_us=0 pause_us=191 logging_us=1113 other_us=150 text_calls=1 layout_calls=1 visible_calls=0
2026-10-09T12:25:54.039+00:00 monotonic_ns=13492961426116 INFO - reader-sd resume step=187 state=NeedPage resumed=true retained_window=true outside_step_us=131 outside_step_known=true previous_step_complete=true
2026-10-09T12:25:54.113+00:00 monotonic_ns=13493035430123 INFO - cjk-sd op=stage gap_after_log_us=14331 opens=1 reads=57 bytes=7986 open_us=47 read_us=59478 max_read_us=2030 wall_us=60489 scalars=751 lookups=30
2026-10-09T12:25:54.114+00:00 monotonic_ns=13493036846565 INFO - reader-sd step=187 outcome=slice state=NeedPage wall_us=75223 text_us=32 layout_us=73161 visible_us=0 pause_us=613 logging_us=1282 other_us=135 text_calls=1 layout_calls=1 visible_calls=0
2026-10-09T12:25:54.115+00:00 monotonic_ns=13493037435065 INFO - reader-sd resume step=188 state=NeedPage resumed=true retained_window=true outside_step_us=131 outside_step_known=true previous_step_complete=true
2026-10-09T12:25:54.191+00:00 monotonic_ns=13493113697045 INFO - cjk-sd op=stage gap_after_log_us=14784 opens=1 reads=71 bytes=8514 open_us=51 read_us=61762 max_read_us=2012 wall_us=62907 scalars=751 lookups=32
2026-10-09T12:25:54.192+00:00 monotonic_ns=13493114686286 INFO - reader-sd step=188 outcome=slice state=NeedPage wall_us=77107 text_us=25 layout_us=75593 visible_us=0 pause_us=191 logging_us=1148 other_us=150 text_calls=1 layout_calls=1 visible_calls=0
2026-10-09T12:25:54.193+00:00 monotonic_ns=13493115408557 INFO - reader-sd resume step=189 state=NeedPage resumed=true retained_window=true outside_step_us=127 outside_step_known=true previous_step_complete=true
2026-10-09T12:25:54.267+00:00 monotonic_ns=13493189457253 INFO - cjk-sd op=stage gap_after_log_us=14454 opens=1 reads=75 bytes=8800 open_us=46 read_us=59440 max_read_us=3872 wall_us=60558 scalars=751 lookups=33
2026-10-09T12:25:54.268+00:00 monotonic_ns=13493190755625 INFO - reader-sd step=189 outcome=slice state=NeedPage wall_us=75297 text_us=24 layout_us=73234 visible_us=0 pause_us=609 logging_us=1299 other_us=131 text_calls=1 layout_calls=1 visible_calls=0
2026-10-09T12:25:54.269+00:00 monotonic_ns=13493191442176 INFO - reader-sd resume step=190 state=NeedPage resumed=true retained_window=true outside_step_us=134 outside_step_known=true previous_step_complete=true
2026-10-09T12:25:54.343+00:00 monotonic_ns=13493265699513 INFO - cjk-sd op=stage gap_after_log_us=14762 opens=1 reads=68 bytes=7260 open_us=47 read_us=59687 max_read_us=2023 wall_us=60757 scalars=751 lookups=26
2026-10-09T12:25:54.344+00:00 monotonic_ns=13493266682894 INFO - reader-sd step=190 outcome=slice state=NeedPage wall_us=75078 text_us=32 layout_us=73435 visible_us=0 pause_us=191 logging_us=1267 other_us=153 text_calls=1 layout_calls=1 visible_calls=0
2026-10-09T12:25:54.345+00:00 monotonic_ns=13493267353165 INFO - reader-sd resume step=191 state=NeedPage resumed=true retained_window=true outside_step_us=130 outside_step_known=true previous_step_complete=true
2026-10-09T12:25:54.419+00:00 monotonic_ns=13493341638612 INFO - cjk-sd op=stage gap_after_log_us=14460 opens=1 reads=72 bytes=9394 open_us=47 read_us=59585 max_read_us=2014 wall_us=60741 scalars=751 lookups=38
2026-10-09T12:25:54.420+00:00 monotonic_ns=13493342841413 INFO - reader-sd step=191 outcome=slice state=NeedPage wall_us=75481 text_us=33 layout_us=73414 visible_us=0 pause_us=608 logging_us=1293 other_us=133 text_calls=1 layout_calls=1 visible_calls=0
2026-10-09T12:25:54.421+00:00 monotonic_ns=13493343533514 INFO - reader-sd resume step=192 state=NeedPage resumed=true retained_window=true outside_step_us=131 outside_step_known=true previous_step_complete=true
2026-10-09T12:25:54.496+00:00 monotonic_ns=13493418727182 INFO - cjk-sd op=stage gap_after_log_us=14695 opens=1 reads=69 bytes=7810 open_us=55 read_us=60749 max_read_us=2006 wall_us=61842 scalars=751 lookups=29
2026-10-09T12:25:54.497+00:00 monotonic_ns=13493419748124 INFO - reader-sd step=192 outcome=slice state=NeedPage wall_us=75984 text_us=25 layout_us=74527 visible_us=0 pause_us=191 logging_us=1091 other_us=150 text_calls=1 layout_calls=1 visible_calls=0
2026-10-09T12:25:54.498+00:00 monotonic_ns=13493420403214 INFO - reader-sd resume step=193 state=NeedPage resumed=true retained_window=true outside_step_us=127 outside_step_known=true previous_step_complete=true
2026-10-09T12:25:54.573+00:00 monotonic_ns=13493495713523 INFO - cjk-sd op=stage gap_after_log_us=14467 opens=1 reads=76 bytes=9768 open_us=41 read_us=60734 max_read_us=2007 wall_us=61915 scalars=751 lookups=37
2026-10-09T12:25:54.574+00:00 monotonic_ns=13493496969184 INFO - reader-sd step=193 outcome=slice state=NeedPage wall_us=76539 text_us=24 layout_us=74591 visible_us=0 pause_us=613 logging_us=1180 other_us=131 text_calls=1 layout_calls=1 visible_calls=0
2026-10-09T12:25:54.575+00:00 monotonic_ns=13493497575675 INFO - reader-sd resume step=194 state=NeedPage resumed=true retained_window=true outside_step_us=134 outside_step_known=true previous_step_complete=true
2026-10-09T12:25:54.658+00:00 monotonic_ns=13493580291162 INFO - cjk-sd op=stage gap_after_log_us=14644 opens=1 reads=78 bytes=8536 open_us=43 read_us=68003 max_read_us=3013 wall_us=69193 scalars=751 lookups=31
2026-10-09T12:25:54.659+00:00 monotonic_ns=13493581263033 INFO - reader-sd step=194 outcome=slice state=NeedPage wall_us=83431 text_us=33 layout_us=81867 visible_us=0 pause_us=191 logging_us=1190 other_us=150 text_calls=1 layout_calls=1 visible_calls=0
2026-10-09T12:25:54.659+00:00 monotonic_ns=13493581762373 INFO - reader-sd resume step=195 state=NeedPage resumed=true retained_window=true outside_step_us=127 outside_step_known=true previous_step_complete=true
2026-10-09T12:25:54.734+00:00 monotonic_ns=13493656828881 INFO - cjk-sd op=stage gap_after_log_us=14275 opens=1 reads=66 bytes=10120 open_us=51 read_us=60542 max_read_us=2961 wall_us=61717 scalars=751 lookups=41
2026-10-09T12:25:54.735+00:00 monotonic_ns=13493658229013 INFO - reader-sd step=195 outcome=slice state=NeedPage wall_us=76091 text_us=32 layout_us=74387 visible_us=0 pause_us=609 logging_us=929 other_us=134 text_calls=1 layout_calls=1 visible_calls=0
2026-10-09T12:25:54.736+00:00 monotonic_ns=13493658750854 INFO - reader-sd resume step=196 state=NeedPage resumed=true retained_window=true outside_step_us=130 outside_step_known=true previous_step_complete=true
2026-10-09T12:25:54.814+00:00 monotonic_ns=13493736717385 INFO - cjk-sd op=stage gap_after_log_us=14728 opens=1 reads=69 bytes=8580 open_us=51 read_us=63365 max_read_us=3800 wall_us=64570 scalars=751 lookups=35
2026-10-09T12:25:54.815+00:00 monotonic_ns=13493737762686 INFO - reader-sd step=196 outcome=slice state=NeedPage wall_us=78610 text_us=25 layout_us=77254 visible_us=0 pause_us=191 logging_us=989 other_us=151 text_calls=1 layout_calls=1 visible_calls=0
2026-10-09T12:25:54.816+00:00 monotonic_ns=13493738424987 INFO - reader-sd resume step=197 state=NeedPage resumed=true retained_window=true outside_step_us=131 outside_step_known=true previous_step_complete=true
2026-10-09T12:25:54.890+00:00 monotonic_ns=13493812883275 INFO - cjk-sd op=stage gap_after_log_us=14469 opens=1 reads=71 bytes=8536 open_us=41 read_us=60020 max_read_us=3867 wall_us=61132 scalars=751 lookups=35
2026-10-09T12:25:54.892+00:00 monotonic_ns=13493814278596 INFO - reader-sd step=197 outcome=slice state=NeedPage wall_us=75677 text_us=24 layout_us=73809 visible_us=0 pause_us=614 logging_us=1100 other_us=130 text_calls=1 layout_calls=1 visible_calls=0
2026-10-09T12:25:54.892+00:00 monotonic_ns=13493814786277 INFO - reader-sd resume step=198 state=NeedPage resumed=true retained_window=true outside_step_us=131 outside_step_known=true previous_step_complete=true
2026-10-09T12:25:54.966+00:00 monotonic_ns=13493889260334 INFO - cjk-sd op=stage gap_after_log_us=14715 opens=1 reads=71 bytes=9614 open_us=51 read_us=59698 max_read_us=2013 wall_us=60922 scalars=751 lookups=38
2026-10-09T12:25:54.967+00:00 monotonic_ns=13493890217925 INFO - reader-sd step=198 outcome=slice state=NeedPage wall_us=75107 text_us=32 layout_us=73593 visible_us=0 pause_us=191 logging_us=1140 other_us=151 text_calls=1 layout_calls=1 visible_calls=0
2026-10-09T12:25:54.968+00:00 monotonic_ns=13493890716016 INFO - reader-sd resume step=199 state=NeedPage resumed=true retained_window=true outside_step_us=127 outside_step_known=true previous_step_complete=true
2026-10-09T12:25:55.217+00:00 monotonic_ns=13494139779558 INFO - cjk-sd op=stage gap_after_log_us=14253 opens=2 reads=50 bytes=5500 open_us=189140 read_us=45220 max_read_us=2961 wall_us=235557 scalars=751 lookups=20
2026-10-09T12:25:55.219+00:00 monotonic_ns=13494141318120 INFO - reader-sd step=199 outcome=slice state=NeedPage wall_us=250200 text_us=32 layout_us=248227 visible_us=0 pause_us=721 logging_us=1072 other_us=148 text_calls=1 layout_calls=1 visible_calls=0
2026-10-09T12:25:55.219+00:00 monotonic_ns=13494141869980 INFO - reader-sd resume step=200 state=NeedPage resumed=true retained_window=true outside_step_us=168 outside_step_known=true previous_step_complete=true
2026-10-09T12:25:55.295+00:00 monotonic_ns=13494217687819 INFO - cjk-sd op=stage gap_after_log_us=15034 opens=1 reads=57 bytes=3784 open_us=65 read_us=61211 max_read_us=3800 wall_us=62145 scalars=751 lookups=11
2026-10-09T12:25:55.296+00:00 monotonic_ns=13494218666200 INFO - reader-sd step=200 outcome=slice state=NeedPage wall_us=76491 text_us=62 layout_us=74913 visible_us=0 pause_us=192 logging_us=1156 other_us=168 text_calls=1 layout_calls=1 visible_calls=0
2026-10-09T12:25:55.297+00:00 monotonic_ns=13494219381381 INFO - reader-sd resume step=201 state=NeedPage resumed=true retained_window=true outside_step_us=111 outside_step_known=true previous_step_complete=true
2026-10-09T12:25:55.368+00:00 monotonic_ns=13494290706055 INFO - cjk-sd op=stage gap_after_log_us=14384 opens=1 reads=61 bytes=3234 open_us=49 read_us=57245 max_read_us=1982 wall_us=58061 scalars=751 lookups=10
2026-10-09T12:25:55.370+00:00 monotonic_ns=13494292580087 INFO - cjk-sd op=bank gap_after_log_us=34 opens=1 reads=1 bytes=44 open_us=72 read_us=1051 max_read_us=1051 wall_us=1225 scalars=0 lookups=0
2026-10-09T12:25:55.372+00:00 monotonic_ns=13494294348309 INFO - cjk-sd op=bank gap_after_log_us=63 opens=1 reads=1 bytes=44 open_us=27 read_us=1018 max_read_us=1018 wall_us=1079 scalars=0 lookups=0
2026-10-09T12:25:55.381+00:00 monotonic_ns=13494303568700 INFO - cjk-sd op=prepare gap_after_log_us=2994 opens=1 reads=2 bytes=51 open_us=189 read_us=3656 max_read_us=2028 wall_us=5374 scalars=93 lookups=0
2026-10-09T12:25:55.383+00:00 monotonic_ns=13494305349462 INFO - reader-sd step=201 outcome=slice state=NeedPage wall_us=85754 text_us=21 layout_us=75206 visible_us=6216 pause_us=850 logging_us=3229 other_us=232 text_calls=1 layout_calls=1 visible_calls=1
2026-10-09T12:25:55.383+00:00 monotonic_ns=13494305972743 INFO - reader-sd resume step=202 state=NeedPage resumed=true retained_window=true outside_step_us=219 outside_step_known=true previous_step_complete=true
2026-10-09T12:25:55.397+00:00 monotonic_ns=13494319674299 INFO - cjk-sd op=stage gap_after_log_us=15408 opens=0 reads=0 bytes=0 open_us=0 read_us=0 max_read_us=0 wall_us=248 scalars=751 lookups=0
2026-10-09T12:25:55.458+00:00 monotonic_ns=13494380585390 INFO - cjk-sd op=prepare gap_after_log_us=2864 opens=1 reads=51 bytes=3017 open_us=160 read_us=55776 max_read_us=2894 wall_us=57266 scalars=93 lookups=0
2026-10-09T12:25:55.459+00:00 monotonic_ns=13494381696071 INFO - reader-sd step=202 outcome=slice state=NeedPage wall_us=75416 text_us=41 layout_us=15103 visible_us=58087 pause_us=258 logging_us=1669 other_us=258 text_calls=1 layout_calls=1 visible_calls=1
2026-10-09T12:25:55.460+00:00 monotonic_ns=13494382462142 INFO - reader-sd resume step=203 state=NeedPage resumed=true retained_window=true outside_step_us=172 outside_step_known=true previous_step_complete=true
2026-10-09T12:25:55.473+00:00 monotonic_ns=13494395951818 INFO - cjk-sd op=stage gap_after_log_us=14706 opens=0 reads=0 bytes=0 open_us=0 read_us=0 max_read_us=0 wall_us=210 scalars=751 lookups=0
2026-10-09T12:25:55.534+00:00 monotonic_ns=13494456566359 INFO - cjk-sd op=prepare gap_after_log_us=2755 opens=1 reads=40 bytes=2522 open_us=140 read_us=55699 max_read_us=2879 wall_us=57085 scalars=93 lookups=0
2026-10-09T12:25:55.535+00:00 monotonic_ns=13494458254921 INFO - reader-sd step=203 outcome=slice state=NeedPage wall_us=75563 text_us=41 layout_us=14878 visible_us=57885 pause_us=758 logging_us=1789 other_us=212 text_calls=1 layout_calls=1 visible_calls=1
2026-10-09T12:25:55.536+00:00 monotonic_ns=13494458810602 INFO - reader-sd resume step=204 state=NeedPage resumed=true retained_window=true outside_step_us=178 outside_step_known=true previous_step_complete=true
2026-10-09T12:25:55.550+00:00 monotonic_ns=13494472518618 INFO - cjk-sd op=stage gap_after_log_us=15137 opens=0 reads=0 bytes=0 open_us=0 read_us=0 max_read_us=0 wall_us=210 scalars=751 lookups=0
2026-10-09T12:25:55.570+00:00 monotonic_ns=13494492902882 INFO - cjk-sd op=prepare gap_after_log_us=2853 opens=2 reads=8 bytes=548 open_us=177 read_us=15427 max_read_us=2857 wall_us=16884 scalars=96 lookups=0
2026-10-09T12:25:55.571+00:00 monotonic_ns=13494493709603 INFO - reader-sd step=204 outcome=ready state=Ready wall_us=34779 text_us=56 layout_us=15008 visible_us=17711 pause_us=0 logging_us=1657 other_us=347 text_calls=2 layout_calls=1 visible_calls=1
2026-10-09T12:25:55.572+00:00 monotonic_ns=13494495229525 INFO - stats: heap 41/158K peak 42K | stack free 67K hwm 17K | bat 98% 4.1V | up 0:13 | SD:ok
2026-10-09T12:25:55.573+00:00 monotonic_ns=13494495598915 INFO - heap psram: used 14208 B, free 2082944 B, peak 20616 B; reserved 14224 / 1900544 B, peak 20624 B
2026-10-09T12:25:56.392+00:00 monotonic_ns=13495314427125 INFO - display: partial refresh 480x794 at (0, 6) in 817 ms (partial count 6)
2026-10-09T12:25:56.415+00:00 monotonic_ns=13495337670403 INFO - stats: heap 41/158K peak 42K | stack free 67K hwm 17K | bat 98% 4.1V | up 0:13 | SD:ok
2026-10-09T12:25:56.415+00:00 monotonic_ns=13495337943393 INFO - heap psram: used 14208 B, free 2082944 B, peak 20616 B; reserved 14224 / 1900544 B, peak 20624 B
2026-10-09T12:25:59.680+00:00 monotonic_ns=13498602782492 INFO - reader-sd resume step=205 state=NeedIndex resumed=false retained_window=false outside_step_us=4108561 outside_step_known=true previous_step_complete=true
2026-10-09T12:25:59.683+00:00 monotonic_ns=13498605818275 INFO - cjk-sd op=bank gap_after_log_us=4109915 opens=1 reads=1 bytes=44 open_us=139 read_us=2082 max_read_us=2082 wall_us=2413 scalars=0 lookups=0
2026-10-09T12:25:59.685+00:00 monotonic_ns=13498607576537 INFO - cjk-sd op=bank gap_after_log_us=21 opens=1 reads=1 bytes=44 open_us=36 read_us=1026 max_read_us=1026 wall_us=1099 scalars=0 lookups=0
2026-10-09T12:25:59.685+00:00 monotonic_ns=13498607925528 INFO - epub: index chapter 5/17 (3496 bytes cached text)
2026-10-09T12:25:59.818+00:00 monotonic_ns=13498740455823 INFO - chapter cache: loaded ch4 (3496 bytes) into RAM
2026-10-09T12:25:59.824+00:00 monotonic_ns=13498747194251 INFO - cjk-sd op=stage gap_after_log_us=138689 opens=0 reads=0 bytes=0 open_us=0 read_us=0 max_read_us=0 wall_us=272 scalars=431 lookups=0
2026-10-09T12:25:59.832+00:00 monotonic_ns=13498754647639 INFO - cjk-sd op=stage gap_after_log_us=6919 opens=0 reads=0 bytes=0 open_us=0 read_us=0 max_read_us=0 wall_us=198 scalars=390 lookups=0
2026-10-09T12:25:59.839+00:00 monotonic_ns=13498761446937 INFO - cjk-sd op=stage gap_after_log_us=5952 opens=0 reads=0 bytes=0 open_us=0 read_us=0 max_read_us=0 wall_us=196 scalars=344 lookups=0
2026-10-09T12:25:59.845+00:00 monotonic_ns=13498767940635 INFO - cjk-sd op=stage gap_after_log_us=5314 opens=0 reads=0 bytes=0 open_us=0 read_us=0 max_read_us=0 wall_us=195 scalars=265 lookups=0
2026-10-09T12:25:59.850+00:00 monotonic_ns=13498772523560 INFO - cjk-sd op=stage gap_after_log_us=4093 opens=0 reads=0 bytes=0 open_us=0 read_us=0 max_read_us=0 wall_us=196 scalars=209 lookups=0
2026-10-09T12:25:59.854+00:00 monotonic_ns=13498776578585 INFO - cjk-sd op=stage gap_after_log_us=3265 opens=0 reads=0 bytes=0 open_us=0 read_us=0 max_read_us=0 wall_us=196 scalars=156 lookups=0
2026-10-09T12:25:59.857+00:00 monotonic_ns=13498779665079 INFO - cjk-sd op=stage gap_after_log_us=2434 opens=0 reads=0 bytes=0 open_us=0 read_us=0 max_read_us=0 wall_us=196 scalars=71 lookups=0
2026-10-09T12:25:59.859+00:00 monotonic_ns=13498781307401 INFO - chapter pre-indexed: 7 pages
2026-10-09T12:25:59.859+00:00 monotonic_ns=13498781985412 INFO - reader-sd step=205 outcome=pending state=NeedPage wall_us=179083 text_us=342 layout_us=36146 visible_us=0 pause_us=0 logging_us=5608 other_us=136987 text_calls=7 layout_calls=7 visible_calls=0
2026-10-09T12:25:59.861+00:00 monotonic_ns=13498783476594 INFO - stats: heap 41/158K peak 42K | stack free 67K hwm 17K | bat 98% 4.1V | up 0:13 | SD:ok
2026-10-09T12:25:59.861+00:00 monotonic_ns=13498783779694 INFO - heap psram: used 17704 B, free 2079448 B, peak 20616 B; reserved 17728 / 1900544 B, peak 20624 B
2026-10-09T12:26:00.683+00:00 monotonic_ns=13499605637338 INFO - display: partial refresh 480x794 at (0, 6) in 821 ms (partial count 7)
2026-10-09T12:26:00.684+00:00 monotonic_ns=13499606829519 INFO - reader-sd resume step=206 state=NeedPage resumed=false retained_window=false outside_step_us=824397 outside_step_known=true previous_step_complete=true
2026-10-09T12:26:00.687+00:00 monotonic_ns=13499609811332 INFO - cjk-sd op=bank gap_after_log_us=827274 opens=1 reads=1 bytes=44 open_us=118 read_us=1984 max_read_us=1984 wall_us=2299 scalars=0 lookups=0
2026-10-09T12:26:00.689+00:00 monotonic_ns=13499611558885 INFO - cjk-sd op=bank gap_after_log_us=28 opens=1 reads=1 bytes=44 open_us=13 read_us=1036 max_read_us=1036 wall_us=1075 scalars=0 lookups=0
2026-10-09T12:26:00.696+00:00 monotonic_ns=13499618587623 INFO - cjk-sd op=stage gap_after_log_us=6100 opens=0 reads=0 bytes=0 open_us=0 read_us=0 max_read_us=0 wall_us=247 scalars=431 lookups=0
2026-10-09T12:26:00.703+00:00 monotonic_ns=13499625827141 INFO - cjk-sd op=prepare gap_after_log_us=2901 opens=2 reads=2 bytes=88 open_us=167 read_us=2552 max_read_us=1569 wall_us=3811 scalars=96 lookups=0
2026-10-09T12:26:00.704+00:00 monotonic_ns=13499626705652 INFO - reader-sd step=206 outcome=ready state=Ready wall_us=19657 text_us=288 layout_us=7973 visible_us=4638 pause_us=0 logging_us=2863 other_us=3895 text_calls=1 layout_calls=1 visible_calls=1
2026-10-09T12:26:00.705+00:00 monotonic_ns=13499628208674 INFO - stats: heap 41/158K peak 42K | stack free 67K hwm 17K | bat 98% 4.1V | up 0:13 | SD:ok
2026-10-09T12:26:00.706+00:00 monotonic_ns=13499628527484 INFO - heap psram: used 17704 B, free 2079448 B, peak 20616 B; reserved 17728 / 1900544 B, peak 20624 B
2026-10-09T12:26:00.707+00:00 monotonic_ns=13499629619676 INFO - stats: heap 41/158K peak 42K | stack free 67K hwm 17K | bat 98% 4.1V | up 0:13 | SD:ok
2026-10-09T12:26:00.707+00:00 monotonic_ns=13499629939586 INFO - heap psram: used 17704 B, free 2079448 B, peak 20616 B; reserved 17728 / 1900544 B, peak 20624 B
2026-10-09T12:26:01.526+00:00 monotonic_ns=13500448559516 INFO - display: partial refresh 480x794 at (0, 6) in 817 ms (partial count 8)
2026-10-09T12:26:02.109+00:00 monotonic_ns=13501031889350 INFO - reader-sd resume step=207 state=NeedPage resumed=false retained_window=false outside_step_us=1404663 outside_step_known=true previous_step_complete=true
2026-10-09T12:26:02.112+00:00 monotonic_ns=13501034827503 INFO - cjk-sd op=bank gap_after_log_us=1406087 opens=1 reads=1 bytes=44 open_us=132 read_us=2045 max_read_us=2045 wall_us=2369 scalars=0 lookups=0
2026-10-09T12:26:02.114+00:00 monotonic_ns=13501036592995 INFO - cjk-sd op=bank gap_after_log_us=21 opens=1 reads=1 bytes=44 open_us=44 read_us=1008 max_read_us=1008 wall_us=1098 scalars=0 lookups=0
2026-10-09T12:26:02.120+00:00 monotonic_ns=13501042698753 INFO - cjk-sd op=stage gap_after_log_us=5334 opens=0 reads=0 bytes=0 open_us=0 read_us=0 max_read_us=0 wall_us=257 scalars=390 lookups=0
2026-10-09T12:26:02.181+00:00 monotonic_ns=13501103910965 INFO - cjk: bitmap 46/120 glyphs, about 98 ms left
2026-10-09T12:26:02.182+00:00 monotonic_ns=13501104637835 INFO - cjk-sd op=prepare gap_after_log_us=3363 opens=1 reads=47 bytes=2745 open_us=184 read_us=55077 max_read_us=2883 wall_us=57922 scalars=120 lookups=0
2026-10-09T12:26:02.183+00:00 monotonic_ns=13501106188037 INFO - reader-sd step=207 outcome=slice state=NeedPage wall_us=74028 text_us=253 layout_us=7608 visible_us=58881 pause_us=594 logging_us=2818 other_us=3874 text_calls=1 layout_calls=1 visible_calls=1
2026-10-09T12:26:02.185+00:00 monotonic_ns=13501107747369 INFO - stats: heap 42/158K peak 42K | stack free 67K hwm 17K | bat 98% 4.1V | up 0:13 | SD:ok
2026-10-09T12:26:02.185+00:00 monotonic_ns=13501108028009 INFO - heap psram: used 19400 B, free 2077752 B, peak 20616 B; reserved 19424 / 1900544 B, peak 20624 B
2026-10-09T12:26:02.958+00:00 monotonic_ns=13501880775216 INFO - display: partial refresh 480x794 at (0, 6) in 772 ms (partial count 9)
2026-10-09T12:26:02.959+00:00 monotonic_ns=13501881546427 INFO - reader-sd resume step=208 state=NeedPage resumed=true retained_window=false outside_step_us=774851 outside_step_known=true previous_step_complete=true
2026-10-09T12:26:02.965+00:00 monotonic_ns=13501887665714 INFO - cjk-sd op=stage gap_after_log_us=782165 opens=0 reads=0 bytes=0 open_us=0 read_us=0 max_read_us=0 wall_us=267 scalars=390 lookups=0
2026-10-09T12:26:03.025+00:00 monotonic_ns=13501947954174 INFO - cjk-sd op=prepare gap_after_log_us=3328 opens=1 reads=42 bytes=2669 open_us=184 read_us=54714 max_read_us=2845 wall_us=56323 scalars=120 lookups=0
2026-10-09T12:26:03.027+00:00 monotonic_ns=13501949719856 INFO - reader-sd step=208 outcome=slice state=NeedPage wall_us=67974 text_us=249 layout_us=7556 visible_us=57253 pause_us=865 logging_us=1778 other_us=273 text_calls=1 layout_calls=1 visible_calls=1
2026-10-09T12:26:03.028+00:00 monotonic_ns=13501950477917 INFO - reader-sd resume step=209 state=NeedPage resumed=true retained_window=false outside_step_us=181 outside_step_known=true previous_step_complete=true
2026-10-09T12:26:03.034+00:00 monotonic_ns=13501956489194 INFO - cjk-sd op=stage gap_after_log_us=7738 opens=0 reads=0 bytes=0 open_us=0 read_us=0 max_read_us=0 wall_us=217 scalars=390 lookups=0
2026-10-09T12:26:03.080+00:00 monotonic_ns=13502003276859 INFO - cjk-sd op=prepare gap_after_log_us=3347 opens=1 reads=34 bytes=2010 open_us=168 read_us=40986 max_read_us=2808 wall_us=42615 scalars=120 lookups=0
2026-10-09T12:26:03.081+00:00 monotonic_ns=13502004252520 INFO - reader-sd step=209 outcome=ready state=Ready wall_us=53588 text_us=192 layout_us=7547 visible_us=43533 pause_us=0 logging_us=2004 other_us=312 text_calls=1 layout_calls=1 visible_calls=1
2026-10-09T12:26:03.083+00:00 monotonic_ns=13502005672902 INFO - stats: heap 42/158K peak 42K | stack free 67K hwm 17K | bat 98% 4.1V | up 0:13 | SD:ok
2026-10-09T12:26:03.083+00:00 monotonic_ns=13502005993502 INFO - heap psram: used 19076 B, free 2078076 B, peak 20616 B; reserved 19088 / 1900544 B, peak 20624 B
2026-10-09T12:26:03.913+00:00 monotonic_ns=13502835797575 INFO - display: partial refresh 480x794 at (0, 6) in 829 ms (partial count 10)
2026-10-09T12:26:05.645+00:00 monotonic_ns=13504567700827 INFO - stats: heap 42/158K peak 42K | stack free 67K hwm 17K | bat 98% 4.1V | up 0:13 | SD:ok
2026-10-09T12:26:05.645+00:00 monotonic_ns=13504567965987 INFO - heap psram: used 19076 B, free 2078076 B, peak 20616 B; reserved 19088 / 1900544 B, peak 20624 B
2026-10-09T12:26:06.694+00:00 monotonic_ns=13505616407416 INFO - scheduler: received LongPress(Enter)
2026-10-09T12:26:06.695+00:00 monotonic_ns=13505617640418 INFO - stats: heap 42/158K peak 42K | stack free 67K hwm 17K | bat 98% 4.1V | up 0:13 | SD:ok
2026-10-09T12:26:06.695+00:00 monotonic_ns=13505617945108 INFO - heap psram: used 19076 B, free 2078076 B, peak 20616 B; reserved 19088 / 1900544 B, peak 20624 B
2026-10-09T12:26:07.409+00:00 monotonic_ns=13506332069155 INFO - display: partial refresh 400x302 at (40, 458) in 713 ms (partial count 11)
2026-10-09T12:26:07.971+00:00 monotonic_ns=13506893585884 INFO - stats: heap 42/158K peak 42K | stack free 67K hwm 17K | bat 98% 4.1V | up 0:13 | SD:ok
2026-10-09T12:26:07.971+00:00 monotonic_ns=13506893863874 INFO - heap psram: used 19076 B, free 2078076 B, peak 20616 B; reserved 19088 / 1900544 B, peak 20624 B
2026-10-09T12:26:08.685+00:00 monotonic_ns=13507607686451 INFO - display: partial refresh 400x302 at (40, 458) in 713 ms (partial count 12)
2026-10-09T12:26:08.717+00:00 monotonic_ns=13507639858839 INFO - stats: heap 42/158K peak 42K | stack free 67K hwm 17K | bat 98% 4.1V | up 0:13 | SD:ok
2026-10-09T12:26:08.718+00:00 monotonic_ns=13507640316429 INFO - heap psram: used 19076 B, free 2078076 B, peak 20616 B; reserved 19088 / 1900544 B, peak 20624 B
2026-10-09T12:26:09.431+00:00 monotonic_ns=13508354242527 INFO - display: partial refresh 400x302 at (40, 458) in 713 ms (partial count 13)
2026-10-09T12:26:09.495+00:00 monotonic_ns=13508417795161 INFO - stats: heap 42/158K peak 42K | stack free 67K hwm 17K | bat 98% 4.1V | up 0:13 | SD:ok
2026-10-09T12:26:09.495+00:00 monotonic_ns=13508418244462 INFO - heap psram: used 19076 B, free 2078076 B, peak 20616 B; reserved 19088 / 1900544 B, peak 20624 B
2026-10-09T12:26:10.209+00:00 monotonic_ns=13509131653348 INFO - display: partial refresh 400x302 at (40, 458) in 712 ms (partial count 14)
2026-10-09T12:26:10.645+00:00 monotonic_ns=13509567672340 INFO - stats: heap 42/158K peak 42K | stack free 67K hwm 17K | bat 98% 4.1V | up 0:14 | SD:ok
2026-10-09T12:26:10.645+00:00 monotonic_ns=13509567946090 INFO - heap psram: used 19076 B, free 2078076 B, peak 20616 B; reserved 19088 / 1900544 B, peak 20624 B
2026-10-09T12:26:10.779+00:00 monotonic_ns=13509702246778 INFO - stats: heap 42/158K peak 42K | stack free 67K hwm 17K | bat 98% 4.1V | up 0:14 | SD:ok
2026-10-09T12:26:10.780+00:00 monotonic_ns=13509702565498 INFO - heap psram: used 19076 B, free 2078076 B, peak 20616 B; reserved 19088 / 1900544 B, peak 20624 B
2026-10-09T12:26:11.493+00:00 monotonic_ns=13510415817404 INFO - display: partial refresh 400x302 at (40, 458) in 712 ms (partial count 15)
2026-10-09T12:26:11.688+00:00 monotonic_ns=13510610673983 INFO - stats: heap 42/158K peak 42K | stack free 67K hwm 17K | bat 98% 4.1V | up 0:14 | SD:ok
2026-10-09T12:26:11.688+00:00 monotonic_ns=13510610972403 INFO - heap psram: used 19076 B, free 2078076 B, peak 20616 B; reserved 19088 / 1900544 B, peak 20624 B
2026-10-09T12:26:12.402+00:00 monotonic_ns=13511324544330 INFO - display: partial refresh 400x302 at (40, 458) in 712 ms (partial count 16)
2026-10-09T12:26:13.892+00:00 monotonic_ns=13512814862317 INFO - font: size_idx=2 line_h=49 (native 31 x 160%) ascent=25 max_lines=15 margin=40
2026-10-09T12:26:13.893+00:00 monotonic_ns=13512815346408 INFO - toc: opening (9 entries)
2026-10-09T12:26:13.894+00:00 monotonic_ns=13512816665990 INFO - stats: heap 15/158K peak 42K | stack free 67K hwm 17K | bat 98% 4.1V | up 0:14 | SD:ok
2026-10-09T12:26:13.894+00:00 monotonic_ns=13512817273710 INFO - heap psram: used 11784 B, free 2085368 B, peak 20616 B; reserved 11792 / 1900544 B, peak 20624 B
2026-10-09T12:26:14.170+00:00 monotonic_ns=13513092817324 INFO - cjk-sd op=stage gap_after_log_us=10815558 opens=1 reads=224 bytes=27500 open_us=157 read_us=271181 max_read_us=3778 wall_us=273273 scalars=48 lookups=48
2026-10-09T12:26:14.239+00:00 monotonic_ns=13513162078915 INFO - cjk-sd op=prepare gap_after_log_us=325 opens=1 reads=48 bytes=2835 open_us=168 read_us=66774 max_read_us=3138 wall_us=68315 scalars=48 lookups=0
2026-10-09T12:26:15.025+00:00 monotonic_ns=13513947414196 INFO - display: partial refresh 480x794 at (0, 6) in 784 ms (partial count 17)
2026-10-09T12:26:15.645+00:00 monotonic_ns=13514567698303 INFO - stats: heap 18/158K peak 42K | stack free 67K hwm 17K | bat 98% 4.1V | up 0:14 | SD:ok
2026-10-09T12:26:15.645+00:00 monotonic_ns=13514567997774 INFO - heap psram: used 14576 B, free 2082576 B, peak 20616 B; reserved 14592 / 1900544 B, peak 20624 B
2026-10-09T12:26:15.687+00:00 monotonic_ns=13514609574302 INFO - toc: jumping to "　還可以" -> spine 4
2026-10-09T12:26:15.687+00:00 monotonic_ns=13514610016123 INFO - reader-sd resume step=210 state=NeedIndex resumed=false retained_window=false outside_step_us=12605291 outside_step_known=true previous_step_complete=true
2026-10-09T12:26:15.688+00:00 monotonic_ns=13514610407113 INFO - epub: index chapter 5/17 (3496 bytes cached text)
2026-10-09T12:26:15.821+00:00 monotonic_ns=13514743475979 INFO - chapter cache: loaded ch4 (3496 bytes) into RAM
2026-10-09T12:26:15.902+00:00 monotonic_ns=13514824770644 INFO - cjk: lookup 30/431 glyphs, about 836 ms left
2026-10-09T12:26:15.903+00:00 monotonic_ns=13514825470265 INFO - cjk-sd op=stage gap_after_log_us=1599627 opens=1 reads=66 bytes=7854 open_us=168 read_us=61222 max_read_us=2044 wall_us=63118 scalars=431 lookups=30
2026-10-09T12:26:15.904+00:00 monotonic_ns=13514826978607 INFO - reader-sd step=210 outcome=slice state=NeedIndex wall_us=216776 text_us=71 layout_us=81202 visible_us=0 pause_us=793 logging_us=1109 other_us=133601 text_calls=1 layout_calls=1 visible_calls=0
2026-10-09T12:26:15.906+00:00 monotonic_ns=13514828491739 INFO - stats: heap 32/158K peak 42K | stack free 67K hwm 17K | bat 98% 4.1V | up 0:14 | SD:ok
2026-10-09T12:26:15.906+00:00 monotonic_ns=13514828813729 INFO - heap psram: used 14576 B, free 2082576 B, peak 20616 B; reserved 14592 / 1900544 B, peak 20624 B
2026-10-09T12:26:16.678+00:00 monotonic_ns=13515600655074 INFO - display: partial refresh 480x794 at (0, 6) in 770 ms (partial count 18)
2026-10-09T12:26:16.679+00:00 monotonic_ns=13515601386595 INFO - reader-sd resume step=211 state=NeedIndex resumed=true retained_window=false outside_step_us=773821 outside_step_known=true previous_step_complete=true
2026-10-09T12:26:16.746+00:00 monotonic_ns=13515668580434 INFO - cjk-sd op=stage gap_after_log_us=781707 opens=1 reads=64 bytes=7788 open_us=145 read_us=59320 max_read_us=2032 wall_us=60582 scalars=431 lookups=30
2026-10-09T12:26:16.747+00:00 monotonic_ns=13515669611165 INFO - reader-sd step=211 outcome=slice state=NeedIndex wall_us=68030 text_us=248 layout_us=65918 visible_us=0 pause_us=123 logging_us=1411 other_us=330 text_calls=1 layout_calls=1 visible_calls=0
2026-10-09T12:26:16.748+00:00 monotonic_ns=13515670931197 INFO - stats: heap 29/158K peak 42K | stack free 67K hwm 17K | bat 98% 4.1V | up 0:14 | SD:ok
2026-10-09T12:26:16.749+00:00 monotonic_ns=13515671433757 INFO - heap psram: used 11784 B, free 2085368 B, peak 20616 B; reserved 11792 / 1900544 B, peak 20624 B
2026-10-09T12:26:17.400+00:00 monotonic_ns=13516322615301 INFO - display: partial refresh 448x24 at (8, 24) in 650 ms (partial count 19)
2026-10-09T12:26:17.401+00:00 monotonic_ns=13516323833132 INFO - reader-sd resume step=212 state=NeedIndex resumed=true retained_window=false outside_step_us=653769 outside_step_known=true previous_step_complete=true
2026-10-09T12:26:17.468+00:00 monotonic_ns=13516391046231 INFO - cjk-sd op=stage gap_after_log_us=660979 opens=1 reads=67 bytes=9460 open_us=129 read_us=59502 max_read_us=3769 wall_us=60843 scalars=431 lookups=36
2026-10-09T12:26:17.469+00:00 monotonic_ns=13516391905922 INFO - reader-sd step=212 outcome=slice state=NeedIndex wall_us=67935 text_us=253 layout_us=66193 visible_us=0 pause_us=211 logging_us=1048 other_us=230 text_calls=1 layout_calls=1 visible_calls=0
2026-10-09T12:26:17.470+00:00 monotonic_ns=13516392598113 INFO - reader-sd resume step=213 state=NeedIndex resumed=true retained_window=false outside_step_us=165 outside_step_known=true previous_step_complete=true
2026-10-09T12:26:17.538+00:00 monotonic_ns=13516460279723 INFO - cjk-sd op=stage gap_after_log_us=7027 opens=1 reads=67 bytes=7370 open_us=72 read_us=60492 max_read_us=1972 wall_us=61447 scalars=431 lookups=26
2026-10-09T12:26:17.539+00:00 monotonic_ns=13516461732854 INFO - reader-sd step=213 outcome=slice state=NeedIndex wall_us=68903 text_us=148 layout_us=66663 visible_us=0 pause_us=657 logging_us=1259 other_us=176 text_calls=1 layout_calls=1 visible_calls=0
2026-10-09T12:26:17.540+00:00 monotonic_ns=13516462447485 INFO - reader-sd resume step=214 state=NeedIndex resumed=true retained_window=false outside_step_us=135 outside_step_known=true previous_step_complete=true
2026-10-09T12:26:17.611+00:00 monotonic_ns=13516533466789 INFO - cjk-sd op=stage gap_after_log_us=7690 opens=1 reads=70 bytes=7942 open_us=76 read_us=63616 max_read_us=3769 wall_us=64717 scalars=431 lookups=32
2026-10-09T12:26:17.612+00:00 monotonic_ns=13516534457530 INFO - reader-sd step=214 outcome=slice state=NeedIndex wall_us=71845 text_us=165 layout_us=69972 visible_us=0 pause_us=190 logging_us=1343 other_us=175 text_calls=1 layout_calls=1 visible_calls=0
2026-10-09T12:26:17.612+00:00 monotonic_ns=13516534979380 INFO - reader-sd resume step=215 state=NeedIndex resumed=true retained_window=false outside_step_us=138 outside_step_known=true previous_step_complete=true
2026-10-09T12:26:17.680+00:00 monotonic_ns=13516602735589 INFO - cjk-sd op=stage gap_after_log_us=6999 opens=1 reads=66 bytes=8316 open_us=64 read_us=60565 max_read_us=2015 wall_us=61561 scalars=431 lookups=33
2026-10-09T12:26:17.682+00:00 monotonic_ns=13516604401791 INFO - reader-sd step=215 outcome=slice state=NeedIndex wall_us=69023 text_us=139 layout_us=66808 visible_us=0 pause_us=812 logging_us=1093 other_us=171 text_calls=1 layout_calls=1 visible_calls=0
2026-10-09T12:26:17.682+00:00 monotonic_ns=13516605014952 INFO - reader-sd resume step=216 state=NeedIndex resumed=true retained_window=false outside_step_us=214 outside_step_known=true previous_step_complete=true
2026-10-09T12:26:17.751+00:00 monotonic_ns=13516673985613 INFO - cjk-sd op=stage gap_after_log_us=7817 opens=1 reads=60 bytes=7106 open_us=79 read_us=61769 max_read_us=2035 wall_us=62797 scalars=431 lookups=28
2026-10-09T12:26:17.752+00:00 monotonic_ns=13516674796734 INFO - reader-sd step=216 outcome=slice state=NeedIndex wall_us=69638 text_us=171 layout_us=68074 visible_us=0 pause_us=200 logging_us=1024 other_us=169 text_calls=1 layout_calls=1 visible_calls=0
2026-10-09T12:26:17.753+00:00 monotonic_ns=13516675495845 INFO - reader-sd resume step=217 state=NeedIndex resumed=true retained_window=false outside_step_us=147 outside_step_known=true previous_step_complete=true
2026-10-09T12:26:17.821+00:00 monotonic_ns=13516743764365 INFO - cjk-sd op=stage gap_after_log_us=7010 opens=1 reads=79 bytes=9108 open_us=59 read_us=60944 max_read_us=2016 wall_us=62039 scalars=431 lookups=34
2026-10-09T12:26:17.822+00:00 monotonic_ns=13516745008797 INFO - reader-sd step=217 outcome=slice state=NeedIndex wall_us=69523 text_us=146 layout_us=67286 visible_us=0 pause_us=644 logging_us=1268 other_us=179 text_calls=1 layout_calls=1 visible_calls=0
2026-10-09T12:26:17.823+00:00 monotonic_ns=13516745639007 INFO - reader-sd resume step=218 state=NeedIndex resumed=true retained_window=false outside_step_us=128 outside_step_known=true previous_step_complete=true
2026-10-09T12:26:17.892+00:00 monotonic_ns=13516815030568 INFO - cjk-sd op=stage gap_after_log_us=7376 opens=1 reads=66 bytes=5566 open_us=75 read_us=62343 max_read_us=2015 wall_us=63305 scalars=431 lookups=18
2026-10-09T12:26:17.893+00:00 monotonic_ns=13516815863519 INFO - reader-sd step=218 outcome=slice state=NeedIndex wall_us=70166 text_us=157 layout_us=68576 visible_us=0 pause_us=195 logging_us=1064 other_us=174 text_calls=1 layout_calls=1 visible_calls=0
2026-10-09T12:26:17.894+00:00 monotonic_ns=13516816564070 INFO - reader-sd resume step=219 state=NeedIndex resumed=true retained_window=false outside_step_us=141 outside_step_known=true previous_step_complete=true
2026-10-09T12:26:17.961+00:00 monotonic_ns=13516883486889 INFO - cjk-sd op=stage gap_after_log_us=7002 opens=1 reads=68 bytes=6798 open_us=59 read_us=59744 max_read_us=2980 wall_us=60695 scalars=431 lookups=26
2026-10-09T12:26:17.962+00:00 monotonic_ns=13516884766770 INFO - reader-sd step=219 outcome=slice state=NeedIndex wall_us=68203 text_us=134 layout_us=65949 visible_us=0 pause_us=638 logging_us=1314 other_us=168 text_calls=1 layout_calls=1 visible_calls=0
2026-10-09T12:26:17.963+00:00 monotonic_ns=13516885458131 INFO - reader-sd resume step=220 state=NeedIndex resumed=true retained_window=false outside_step_us=127 outside_step_known=true previous_step_complete=true
2026-10-09T12:26:18.031+00:00 monotonic_ns=13516953682381 INFO - cjk-sd op=stage gap_after_log_us=7515 opens=1 reads=73 bytes=8074 open_us=75 read_us=60820 max_read_us=3056 wall_us=61919 scalars=431 lookups=29
2026-10-09T12:26:18.032+00:00 monotonic_ns=13516954661622 INFO - reader-sd step=220 outcome=slice state=NeedIndex wall_us=69055 text_us=169 layout_us=67185 visible_us=0 pause_us=195 logging_us=1332 other_us=174 text_calls=1 layout_calls=1 visible_calls=0
2026-10-09T12:26:18.033+00:00 monotonic_ns=13516956166634 INFO - reader-sd resume step=221 state=NeedIndex resumed=true retained_window=false outside_step_us=141 outside_step_known=true previous_step_complete=true
2026-10-09T12:26:18.100+00:00 monotonic_ns=13517023038022 INFO - cjk-sd op=stage gap_after_log_us=7196 opens=1 reads=61 bytes=5654 open_us=68 read_us=60627 max_read_us=2019 wall_us=61544 scalars=431 lookups=21
2026-10-09T12:26:18.102+00:00 monotonic_ns=13517024451494 INFO - reader-sd step=221 outcome=slice state=NeedIndex wall_us=68905 text_us=146 layout_us=66793 visible_us=0 pause_us=648 logging_us=1143 other_us=175 text_calls=1 layout_calls=1 visible_calls=0
2026-10-09T12:26:18.102+00:00 monotonic_ns=13517024982104 INFO - reader-sd resume step=222 state=NeedIndex resumed=true retained_window=false outside_step_us=131 outside_step_known=true previous_step_complete=true
2026-10-09T12:26:18.169+00:00 monotonic_ns=13517092007563 INFO - cjk-sd op=stage gap_after_log_us=7502 opens=1 reads=64 bytes=7810 open_us=75 read_us=59813 max_read_us=3012 wall_us=60896 scalars=431 lookups=29
2026-10-09T12:26:18.170+00:00 monotonic_ns=13517092810134 INFO - reader-sd step=222 outcome=slice state=NeedIndex wall_us=67697 text_us=159 layout_us=66172 visible_us=0 pause_us=195 logging_us=997 other_us=174 text_calls=1 layout_calls=1 visible_calls=0
2026-10-09T12:26:18.171+00:00 monotonic_ns=13517093517855 INFO - reader-sd resume step=223 state=NeedIndex resumed=true retained_window=false outside_step_us=137 outside_step_known=true previous_step_complete=true
2026-10-09T12:26:18.238+00:00 monotonic_ns=13517160724814 INFO - cjk-sd op=stage gap_after_log_us=7002 opens=1 reads=68 bytes=7128 open_us=68 read_us=60019 max_read_us=3798 wall_us=61014 scalars=431 lookups=29
2026-10-09T12:26:18.239+00:00 monotonic_ns=13517162028865 INFO - reader-sd step=223 outcome=slice state=NeedIndex wall_us=68500 text_us=136 layout_us=66273 visible_us=0 pause_us=638 logging_us=1284 other_us=169 text_calls=1 layout_calls=1 visible_calls=0
2026-10-09T12:26:18.240+00:00 monotonic_ns=13517162652676 INFO - reader-sd resume step=224 state=NeedIndex resumed=true retained_window=false outside_step_us=134 outside_step_known=true previous_step_complete=true
2026-10-09T12:26:18.319+00:00 monotonic_ns=13517241291859 INFO - cjk-sd op=stage gap_after_log_us=7401 opens=2 reads=77 bytes=7524 open_us=89 read_us=70976 max_read_us=2013 wall_us=72352 scalars=431 lookups=28
2026-10-09T12:26:18.320+00:00 monotonic_ns=13517242290710 INFO - reader-sd step=224 outcome=slice state=NeedIndex wall_us=79395 text_us=169 layout_us=77617 visible_us=0 pause_us=203 logging_us=1231 other_us=175 text_calls=1 layout_calls=1 visible_calls=0
2026-10-09T12:26:18.320+00:00 monotonic_ns=13517242796210 INFO - reader-sd resume step=225 state=NeedIndex resumed=true retained_window=false outside_step_us=141 outside_step_known=true previous_step_complete=true
2026-10-09T12:26:18.351+00:00 monotonic_ns=13517273576876 INFO - cjk-sd op=stage gap_after_log_us=7066 opens=1 reads=18 bytes=902 open_us=66 read_us=23965 max_read_us=1998 wall_us=24487 scalars=431 lookups=2
2026-10-09T12:26:18.353+00:00 monotonic_ns=13517275416798 INFO - cjk-sd op=bank gap_after_log_us=34 opens=1 reads=1 bytes=44 open_us=73 read_us=1050 max_read_us=1050 wall_us=1223 scalars=0 lookups=0
2026-10-09T12:26:18.354+00:00 monotonic_ns=13517276972930 INFO - cjk-sd op=bank gap_after_log_us=48 opens=1 reads=1 bytes=44 open_us=24 read_us=996 max_read_us=996 wall_us=1045 scalars=0 lookups=0
2026-10-09T12:26:18.362+00:00 monotonic_ns=13517284620379 INFO - cjk-sd op=stage gap_after_log_us=6860 opens=0 reads=0 bytes=0 open_us=0 read_us=0 max_read_us=0 wall_us=125 scalars=390 lookups=0
2026-10-09T12:26:18.368+00:00 monotonic_ns=13517290853916 INFO - cjk-sd op=stage gap_after_log_us=5718 opens=0 reads=0 bytes=0 open_us=0 read_us=0 max_read_us=0 wall_us=114 scalars=344 lookups=0
2026-10-09T12:26:18.374+00:00 monotonic_ns=13517296655873 INFO - cjk-sd op=stage gap_after_log_us=5101 opens=0 reads=0 bytes=0 open_us=0 read_us=0 max_read_us=0 wall_us=114 scalars=265 lookups=0
2026-10-09T12:26:18.379+00:00 monotonic_ns=13517301329849 INFO - cjk-sd op=stage gap_after_log_us=3941 opens=0 reads=0 bytes=0 open_us=0 read_us=0 max_read_us=0 wall_us=114 scalars=209 lookups=0
2026-10-09T12:26:18.382+00:00 monotonic_ns=13517305226113 INFO - cjk-sd op=stage gap_after_log_us=3171 opens=0 reads=0 bytes=0 open_us=0 read_us=0 max_read_us=0 wall_us=113 scalars=156 lookups=0
2026-10-09T12:26:18.385+00:00 monotonic_ns=13517308131347 INFO - cjk-sd op=stage gap_after_log_us=2372 opens=0 reads=0 bytes=0 open_us=0 read_us=0 max_read_us=0 wall_us=114 scalars=71 lookups=0
2026-10-09T12:26:18.387+00:00 monotonic_ns=13517309582268 INFO - chapter pre-indexed: 7 pages
2026-10-09T12:26:18.388+00:00 monotonic_ns=13517310375519 INFO - reader-sd step=225 outcome=pending state=NeedPage wall_us=67239 text_us=435 layout_us=60961 visible_us=0 pause_us=0 logging_us=5441 other_us=402 text_calls=7 layout_calls=7 visible_calls=0
2026-10-09T12:26:18.389+00:00 monotonic_ns=13517311733131 INFO - stats: heap 33/158K peak 42K | stack free 67K hwm 17K | bat 98% 4.1V | up 0:14 | SD:ok
2026-10-09T12:26:18.389+00:00 monotonic_ns=13517312234601 INFO - heap psram: used 11784 B, free 2085368 B, peak 20616 B; reserved 11792 / 1900544 B, peak 20624 B
2026-10-09T12:26:19.041+00:00 monotonic_ns=13517963548075 INFO - display: partial refresh 448x24 at (8, 24) in 650 ms (partial count 20)
2026-10-09T12:26:19.042+00:00 monotonic_ns=13517964760167 INFO - reader-sd resume step=226 state=NeedPage resumed=true retained_window=false outside_step_us=653946 outside_step_known=true previous_step_complete=true
2026-10-09T12:26:19.049+00:00 monotonic_ns=13517971353694 INFO - cjk-sd op=stage gap_after_log_us=662440 opens=0 reads=0 bytes=0 open_us=0 read_us=0 max_read_us=0 wall_us=173 scalars=431 lookups=0
2026-10-09T12:26:19.056+00:00 monotonic_ns=13517978697903 INFO - cjk-sd op=stage gap_after_log_us=6692 opens=0 reads=0 bytes=0 open_us=0 read_us=0 max_read_us=0 wall_us=114 scalars=390 lookups=0
2026-10-09T12:26:19.110+00:00 monotonic_ns=13518032590957 INFO - cjk-sd op=prepare gap_after_log_us=2869 opens=1 reads=41 bytes=2364 open_us=188 read_us=47888 max_read_us=2891 wall_us=50132 scalars=120 lookups=0
2026-10-09T12:26:19.111+00:00 monotonic_ns=13518033742118 INFO - reader-sd step=226 outcome=slice state=NeedPage wall_us=68629 text_us=328 layout_us=14136 visible_us=51032 pause_us=271 logging_us=2539 other_us=323 text_calls=2 layout_calls=2 visible_calls=1
2026-10-09T12:26:19.142+00:00 monotonic_ns=13518064841875 INFO - battery: cell 4148 mV, 96% (periodic)
2026-10-09T12:26:19.143+00:00 monotonic_ns=13518065508085 INFO - reader-sd resume step=227 state=NeedPage resumed=true retained_window=false outside_step_us=31176 outside_step_known=true previous_step_complete=true
2026-10-09T12:26:19.149+00:00 monotonic_ns=13518071384502 INFO - cjk-sd op=stage gap_after_log_us=37995 opens=0 reads=0 bytes=0 open_us=0 read_us=0 max_read_us=0 wall_us=150 scalars=390 lookups=0
2026-10-09T12:26:19.210+00:00 monotonic_ns=13518132302973 INFO - cjk-sd op=prepare gap_after_log_us=3390 opens=1 reads=44 bytes=2795 open_us=165 read_us=55158 max_read_us=2813 wall_us=56664 scalars=120 lookups=0
2026-10-09T12:26:19.211+00:00 monotonic_ns=13518133823175 INFO - reader-sd step=227 outcome=slice state=NeedPage wall_us=68308 text_us=249 layout_us=7257 visible_us=57547 pause_us=845 logging_us=2073 other_us=337 text_calls=1 layout_calls=1 visible_calls=1
2026-10-09T12:26:19.212+00:00 monotonic_ns=13518134566786 INFO - reader-sd resume step=228 state=NeedPage resumed=true retained_window=false outside_step_us=214 outside_step_known=true previous_step_complete=true
2026-10-09T12:26:19.217+00:00 monotonic_ns=13518140251193 INFO - cjk-sd op=stage gap_after_log_us=7226 opens=0 reads=0 bytes=0 open_us=0 read_us=0 max_read_us=0 wall_us=128 scalars=390 lookups=0
2026-10-09T12:26:19.269+00:00 monotonic_ns=13518191779323 INFO - cjk-sd op=prepare gap_after_log_us=3362 opens=1 reads=38 bytes=2265 open_us=156 read_us=45816 max_read_us=2811 wall_us=47460 scalars=120 lookups=0
2026-10-09T12:26:19.270+00:00 monotonic_ns=13518192747184 INFO - reader-sd step=228 outcome=ready state=Ready wall_us=57884 text_us=199 layout_us=7084 visible_us=48433 pause_us=0 logging_us=1839 other_us=329 text_calls=1 layout_calls=1 visible_calls=1
2026-10-09T12:26:19.271+00:00 monotonic_ns=13518194121796 INFO - stats: heap 36/158K peak 42K | stack free 67K hwm 17K | bat 96% 4.1V | up 0:14 | SD:ok
2026-10-09T12:26:19.272+00:00 monotonic_ns=13518194528436 INFO - heap psram: used 19076 B, free 2078076 B, peak 20616 B; reserved 19088 / 1900544 B, peak 20624 B
2026-10-09T12:26:20.102+00:00 monotonic_ns=13519025057840 INFO - display: partial refresh 480x794 at (0, 6) in 830 ms (partial count 21)
2026-10-09T12:26:20.645+00:00 monotonic_ns=13519567701407 INFO - stats: heap 36/158K peak 42K | stack free 67K hwm 17K | bat 96% 4.1V | up 0:14 | SD:ok
2026-10-09T12:26:20.645+00:00 monotonic_ns=13519567969287 INFO - heap psram: used 19076 B, free 2078076 B, peak 20616 B; reserved 19088 / 1900544 B, peak 20624 B
2026-10-09T12:26:25.645+00:00 monotonic_ns=13524567686030 INFO - stats: heap 36/158K peak 42K | stack free 67K hwm 17K | bat 96% 4.1V | up 0:14 | SD:ok
2026-10-09T12:26:25.645+00:00 monotonic_ns=13524567904030 INFO - heap psram: used 19076 B, free 2078076 B, peak 20616 B; reserved 19088 / 1900544 B, peak 20624 B
2026-10-09T12:26:30.645+00:00 monotonic_ns=13529567676334 INFO - stats: heap 36/158K peak 42K | stack free 67K hwm 17K | bat 96% 4.1V | up 0:14 | SD:ok
2026-10-09T12:26:30.645+00:00 monotonic_ns=13529567935244 INFO - heap psram: used 19076 B, free 2078076 B, peak 20616 B; reserved 19088 / 1900544 B, peak 20624 B
2026-10-09T12:26:35.645+00:00 monotonic_ns=13534567719217 INFO - stats: heap 36/158K peak 42K | stack free 67K hwm 17K | bat 96% 4.1V | up 0:14 | SD:ok
2026-10-09T12:26:35.645+00:00 monotonic_ns=13534567953247 INFO - heap psram: used 19076 B, free 2078076 B, peak 20616 B; reserved 19088 / 1900544 B, peak 20624 B
2026-10-09T12:26:40.645+00:00 monotonic_ns=13539567722160 INFO - stats: heap 36/158K peak 42K | stack free 67K hwm 17K | bat 96% 4.1V | up 0:14 | SD:ok
2026-10-09T12:26:40.645+00:00 monotonic_ns=13539567951270 INFO - heap psram: used 19076 B, free 2078076 B, peak 20616 B; reserved 19088 / 1900544 B, peak 20624 B
2026-10-09T12:26:45.645+00:00 monotonic_ns=13544567747193 INFO - stats: heap 36/158K peak 42K | stack free 67K hwm 17K | bat 96% 4.1V | up 0:14 | SD:ok
2026-10-09T12:26:45.645+00:00 monotonic_ns=13544567962744 INFO - heap psram: used 19076 B, free 2078076 B, peak 20616 B; reserved 19088 / 1900544 B, peak 20624 B
2026-10-09T12:26:49.145+00:00 monotonic_ns=13548067439857 INFO - battery: cell 4172 mV, 98% (periodic)
2026-10-09T12:26:50.645+00:00 monotonic_ns=13549567717437 INFO - stats: heap 36/158K peak 42K | stack free 67K hwm 17K | bat 98% 4.1V | up 0:14 | SD:ok
2026-10-09T12:26:50.645+00:00 monotonic_ns=13549567982727 INFO - heap psram: used 19076 B, free 2078076 B, peak 20616 B; reserved 19088 / 1900544 B, peak 20624 B
2026-10-09T12:26:55.645+00:00 monotonic_ns=13554567744601 INFO - stats: heap 36/158K peak 42K | stack free 67K hwm 17K | bat 98% 4.1V | up 0:14 | SD:ok
2026-10-09T12:26:55.645+00:00 monotonic_ns=13554568044831 INFO - heap psram: used 19076 B, free 2078076 B, peak 20616 B; reserved 19088 / 1900544 B, peak 20624 B
2026-10-09T12:27:00.645+00:00 monotonic_ns=13559567748263 INFO - stats: heap 36/158K peak 42K | stack free 67K hwm 17K | bat 98% 4.1V | up 0:14 | SD:ok
2026-10-09T12:27:00.645+00:00 monotonic_ns=13559568047154 INFO - heap psram: used 19076 B, free 2078076 B, peak 20616 B; reserved 19088 / 1900544 B, peak 20624 B
2026-10-09T12:27:05.645+00:00 monotonic_ns=13564567759417 INFO - stats: heap 36/158K peak 42K | stack free 67K hwm 17K | bat 98% 4.1V | up 0:14 | SD:ok
2026-10-09T12:27:05.645+00:00 monotonic_ns=13564568022137 INFO - heap psram: used 19076 B, free 2078076 B, peak 20616 B; reserved 19088 / 1900544 B, peak 20624 B
2026-10-09T12:27:10.645+00:00 monotonic_ns=13569567761060 INFO - stats: heap 36/158K peak 42K | stack free 67K hwm 17K | bat 98% 4.1V | up 0:15 | SD:ok
2026-10-09T12:27:10.645+00:00 monotonic_ns=13569568036890 INFO - heap psram: used 19076 B, free 2078076 B, peak 20616 B; reserved 19088 / 1900544 B, peak 20624 B
2026-10-09T12:27:15.645+00:00 monotonic_ns=13574567764663 INFO - stats: heap 36/158K peak 42K | stack free 67K hwm 17K | bat 98% 4.1V | up 0:15 | SD:ok
2026-10-09T12:27:15.645+00:00 monotonic_ns=13574568037934 INFO - heap psram: used 19076 B, free 2078076 B, peak 20616 B; reserved 19088 / 1900544 B, peak 20624 B
2026-10-09T12:27:19.145+00:00 monotonic_ns=13578067498087 INFO - battery: cell 4170 mV, 97% (periodic)
2026-10-09T12:27:20.645+00:00 monotonic_ns=13579567770367 INFO - stats: heap 36/158K peak 42K | stack free 67K hwm 17K | bat 97% 4.1V | up 0:15 | SD:ok
2026-10-09T12:27:20.645+00:00 monotonic_ns=13579568052487 INFO - heap psram: used 19076 B, free 2078076 B, peak 20616 B; reserved 19088 / 1900544 B, peak 20624 B
2026-10-09T12:27:25.645+00:00 monotonic_ns=13584567777910 INFO - stats: heap 36/158K peak 42K | stack free 67K hwm 17K | bat 97% 4.1V | up 0:15 | SD:ok
2026-10-09T12:27:25.645+00:00 monotonic_ns=13584568042591 INFO - heap psram: used 19076 B, free 2078076 B, peak 20616 B; reserved 19088 / 1900544 B, peak 20624 B
2026-10-09T12:27:30.645+00:00 monotonic_ns=13589567804044 INFO - stats: heap 36/158K peak 42K | stack free 67K hwm 17K | bat 97% 4.1V | up 0:15 | SD:ok
2026-10-09T12:27:30.645+00:00 monotonic_ns=13589568109704 INFO - heap psram: used 19076 B, free 2078076 B, peak 20616 B; reserved 19088 / 1900544 B, peak 20624 B
2026-10-09T12:27:35.645+00:00 monotonic_ns=13594567815577 INFO - stats: heap 36/158K peak 42K | stack free 67K hwm 17K | bat 97% 4.1V | up 0:15 | SD:ok
2026-10-09T12:27:35.645+00:00 monotonic_ns=13594568114917 INFO - heap psram: used 19076 B, free 2078076 B, peak 20616 B; reserved 19088 / 1900544 B, peak 20624 B
2026-10-09T12:27:40.645+00:00 monotonic_ns=13599567852010 INFO - stats: heap 36/158K peak 42K | stack free 67K hwm 17K | bat 97% 4.1V | up 0:15 | SD:ok
2026-10-09T12:27:40.645+00:00 monotonic_ns=13599568189221 INFO - heap psram: used 19076 B, free 2078076 B, peak 20616 B; reserved 19088 / 1900544 B, peak 20624 B
2026-10-09T12:27:45.645+00:00 monotonic_ns=13604567867754 INFO - stats: heap 36/158K peak 42K | stack free 67K hwm 17K | bat 97% 4.1V | up 0:15 | SD:ok
2026-10-09T12:27:45.645+00:00 monotonic_ns=13604568130274 INFO - heap psram: used 19076 B, free 2078076 B, peak 20616 B; reserved 19088 / 1900544 B, peak 20624 B
2026-10-09T12:27:49.145+00:00 monotonic_ns=13608067551998 INFO - battery: cell 4138 mV, 95% (periodic)
2026-10-09T12:27:50.645+00:00 monotonic_ns=13609567882567 INFO - stats: heap 36/158K peak 42K | stack free 67K hwm 17K | bat 95% 4.1V | up 0:15 | SD:ok
2026-10-09T12:27:50.646+00:00 monotonic_ns=13609568318758 INFO - heap psram: used 19076 B, free 2078076 B, peak 20616 B; reserved 19088 / 1900544 B, peak 20624 B
2026-10-09T12:27:55.645+00:00 monotonic_ns=13614567915238 INFO - stats: heap 36/158K peak 42K | stack free 67K hwm 17K | bat 95% 4.1V | up 0:15 | SD:ok
2026-10-09T12:27:55.646+00:00 monotonic_ns=13614568363349 INFO - heap psram: used 19076 B, free 2078076 B, peak 20616 B; reserved 19088 / 1900544 B, peak 20624 B
2026-10-09T12:28:00.645+00:00 monotonic_ns=13619567944210 INFO - stats: heap 36/158K peak 42K | stack free 67K hwm 17K | bat 95% 4.1V | up 0:15 | SD:ok
2026-10-09T12:28:00.646+00:00 monotonic_ns=13619568370831 INFO - heap psram: used 19076 B, free 2078076 B, peak 20616 B; reserved 19088 / 1900544 B, peak 20624 B
2026-10-09T12:28:05.645+00:00 monotonic_ns=13624567953212 INFO - stats: heap 36/158K peak 42K | stack free 67K hwm 17K | bat 95% 4.1V | up 0:15 | SD:ok
2026-10-09T12:28:05.646+00:00 monotonic_ns=13624568390702 INFO - heap psram: used 19076 B, free 2078076 B, peak 20616 B; reserved 19088 / 1900544 B, peak 20624 B
2026-10-09T12:28:10.645+00:00 monotonic_ns=13629567947763 INFO - stats: heap 36/158K peak 42K | stack free 67K hwm 17K | bat 95% 4.1V | up 0:16 | SD:ok
2026-10-09T12:28:10.646+00:00 monotonic_ns=13629568397924 INFO - heap psram: used 19076 B, free 2078076 B, peak 20616 B; reserved 19088 / 1900544 B, peak 20624 B
2026-10-09T12:28:15.645+00:00 monotonic_ns=13634568006935 INFO - stats: heap 36/158K peak 42K | stack free 67K hwm 17K | bat 95% 4.1V | up 0:16 | SD:ok
2026-10-09T12:28:15.646+00:00 monotonic_ns=13634568434386 INFO - heap psram: used 19076 B, free 2078076 B, peak 20616 B; reserved 19088 / 1900544 B, peak 20624 B
2026-10-09T12:28:19.145+00:00 monotonic_ns=13638067638385 INFO - battery: cell 4072 mV, 90% (periodic)
2026-10-09T12:28:20.645+00:00 monotonic_ns=13639568018007 INFO - stats: heap 36/158K peak 42K | stack free 67K hwm 17K | bat 90% 4.0V | up 0:16 | SD:ok
2026-10-09T12:28:20.646+00:00 monotonic_ns=13639568487897 INFO - heap psram: used 19076 B, free 2078076 B, peak 20616 B; reserved 19088 / 1900544 B, peak 20624 B
2026-10-09T12:28:25.645+00:00 monotonic_ns=13644568050068 INFO - stats: heap 36/158K peak 42K | stack free 67K hwm 17K | bat 90% 4.0V | up 0:16 | SD:ok
2026-10-09T12:28:25.646+00:00 monotonic_ns=13644568462269 INFO - heap psram: used 19076 B, free 2078076 B, peak 20616 B; reserved 19088 / 1900544 B, peak 20624 B
2026-10-09T12:28:30.645+00:00 monotonic_ns=13649568087811 INFO - stats: heap 36/158K peak 42K | stack free 67K hwm 17K | bat 90% 4.0V | up 0:16 | SD:ok
2026-10-09T12:28:30.646+00:00 monotonic_ns=13649568548481 INFO - heap psram: used 19076 B, free 2078076 B, peak 20616 B; reserved 19088 / 1900544 B, peak 20624 B
2026-10-09T12:28:35.645+00:00 monotonic_ns=13654568073862 INFO - stats: heap 36/158K peak 42K | stack free 67K hwm 17K | bat 90% 4.0V | up 0:16 | SD:ok
2026-10-09T12:28:35.646+00:00 monotonic_ns=13654568544472 INFO - heap psram: used 19076 B, free 2078076 B, peak 20616 B; reserved 19088 / 1900544 B, peak 20624 B
2026-10-09T12:28:40.645+00:00 monotonic_ns=13659568134034 INFO - stats: heap 36/158K peak 42K | stack free 67K hwm 17K | bat 90% 4.0V | up 0:16 | SD:ok
2026-10-09T12:28:40.646+00:00 monotonic_ns=13659568572174 INFO - heap psram: used 19076 B, free 2078076 B, peak 20616 B; reserved 19088 / 1900544 B, peak 20624 B
2026-10-09T12:28:45.645+00:00 monotonic_ns=13664568130536 INFO - stats: heap 36/158K peak 42K | stack free 67K hwm 17K | bat 90% 4.0V | up 0:16 | SD:ok
2026-10-09T12:28:45.646+00:00 monotonic_ns=13664568540716 INFO - heap psram: used 19076 B, free 2078076 B, peak 20616 B; reserved 19088 / 1900544 B, peak 20624 B
2026-10-09T12:28:49.145+00:00 monotonic_ns=13668067807415 INFO - battery: cell 4134 mV, 95% (periodic)
2026-10-09T12:28:50.645+00:00 monotonic_ns=13669568208047 INFO - stats: heap 36/158K peak 42K | stack free 67K hwm 17K | bat 95% 4.1V | up 0:16 | SD:ok
2026-10-09T12:28:50.646+00:00 monotonic_ns=13669568631618 INFO - heap psram: used 19076 B, free 2078076 B, peak 20616 B; reserved 19088 / 1900544 B, peak 20624 B
2026-10-09T12:28:55.645+00:00 monotonic_ns=13674568137009 INFO - stats: heap 36/158K peak 42K | stack free 67K hwm 17K | bat 95% 4.1V | up 0:16 | SD:ok
2026-10-09T12:28:55.646+00:00 monotonic_ns=13674568596230 INFO - heap psram: used 19076 B, free 2078076 B, peak 20616 B; reserved 19088 / 1900544 B, peak 20624 B
2026-10-09T12:29:00.645+00:00 monotonic_ns=13679568200671 INFO - stats: heap 36/158K peak 42K | stack free 67K hwm 17K | bat 95% 4.1V | up 0:16 | SD:ok
2026-10-09T12:29:00.646+00:00 monotonic_ns=13679568647531 INFO - heap psram: used 19076 B, free 2078076 B, peak 20616 B; reserved 19088 / 1900544 B, peak 20624 B
2026-10-09T12:29:05.645+00:00 monotonic_ns=13684568239122 INFO - stats: heap 36/158K peak 42K | stack free 67K hwm 17K | bat 95% 4.1V | up 0:16 | SD:ok
2026-10-09T12:29:05.646+00:00 monotonic_ns=13684568714443 INFO - heap psram: used 19076 B, free 2078076 B, peak 20616 B; reserved 19088 / 1900544 B, peak 20624 B
2026-10-09T12:29:10.645+00:00 monotonic_ns=13689568228634 INFO - stats: heap 36/158K peak 42K | stack free 67K hwm 17K | bat 95% 4.1V | up 0:17 | SD:ok
2026-10-09T12:29:10.646+00:00 monotonic_ns=13689568677035 INFO - heap psram: used 19076 B, free 2078076 B, peak 20616 B; reserved 19088 / 1900544 B, peak 20624 B
2026-10-09T12:29:15.645+00:00 monotonic_ns=13694568254566 INFO - stats: heap 36/158K peak 42K | stack free 67K hwm 17K | bat 95% 4.1V | up 0:17 | SD:ok
2026-10-09T12:29:15.646+00:00 monotonic_ns=13694568700996 INFO - heap psram: used 19076 B, free 2078076 B, peak 20616 B; reserved 19088 / 1900544 B, peak 20624 B
2026-10-09T12:29:19.145+00:00 monotonic_ns=13698067925276 INFO - battery: cell 4150 mV, 96% (periodic)
2026-10-09T12:29:20.645+00:00 monotonic_ns=13699568268717 INFO - stats: heap 36/158K peak 42K | stack free 67K hwm 17K | bat 96% 4.1V | up 0:17 | SD:ok
2026-10-09T12:29:20.646+00:00 monotonic_ns=13699568698568 INFO - heap psram: used 19076 B, free 2078076 B, peak 20616 B; reserved 19088 / 1900544 B, peak 20624 B
2026-10-09T12:29:25.645+00:00 monotonic_ns=13704568270009 INFO - stats: heap 36/158K peak 42K | stack free 67K hwm 17K | bat 96% 4.1V | up 0:17 | SD:ok
2026-10-09T12:29:25.646+00:00 monotonic_ns=13704568733090 INFO - heap psram: used 19076 B, free 2078076 B, peak 20616 B; reserved 19088 / 1900544 B, peak 20624 B
2026-10-09T12:29:30.646+00:00 monotonic_ns=13709568511491 INFO - stats: heap 36/158K peak 42K | stack free 67K hwm 17K | bat 96% 4.1V | up 0:17 | SD:ok
2026-10-09T12:29:30.646+00:00 monotonic_ns=13709568746521 INFO - heap psram: used 19076 B, free 2078076 B, peak 20616 B; reserved 19088 / 1900544 B, peak 20624 B
2026-10-09T12:29:35.646+00:00 monotonic_ns=13714568518323 INFO - stats: heap 36/158K peak 42K | stack free 67K hwm 17K | bat 96% 4.1V | up 0:17 | SD:ok
2026-10-09T12:29:35.646+00:00 monotonic_ns=13714568750963 INFO - heap psram: used 19076 B, free 2078076 B, peak 20616 B; reserved 19088 / 1900544 B, peak 20624 B
2026-10-09T12:29:40.646+00:00 monotonic_ns=13719568550825 INFO - stats: heap 36/158K peak 42K | stack free 67K hwm 17K | bat 96% 4.1V | up 0:17 | SD:ok
2026-10-09T12:29:40.646+00:00 monotonic_ns=13719568828505 INFO - heap psram: used 19076 B, free 2078076 B, peak 20616 B; reserved 19088 / 1900544 B, peak 20624 B
2026-10-09T12:29:45.646+00:00 monotonic_ns=13724568548886 INFO - stats: heap 36/158K peak 42K | stack free 67K hwm 17K | bat 96% 4.1V | up 0:17 | SD:ok
2026-10-09T12:29:45.646+00:00 monotonic_ns=13724568839007 INFO - heap psram: used 19076 B, free 2078076 B, peak 20616 B; reserved 19088 / 1900544 B, peak 20624 B
2026-10-09T12:29:49.145+00:00 monotonic_ns=13728068085346 INFO - battery: cell 4072 mV, 90% (periodic)
2026-10-09T12:29:50.646+00:00 monotonic_ns=13729568569028 INFO - stats: heap 36/158K peak 42K | stack free 67K hwm 17K | bat 90% 4.0V | up 0:17 | SD:ok
2026-10-09T12:29:50.646+00:00 monotonic_ns=13729568864998 INFO - heap psram: used 19076 B, free 2078076 B, peak 20616 B; reserved 19088 / 1900544 B, peak 20624 B
2026-10-09T12:29:55.646+00:00 monotonic_ns=13734568633850 INFO - stats: heap 36/158K peak 42K | stack free 67K hwm 17K | bat 90% 4.0V | up 0:17 | SD:ok
2026-10-09T12:29:55.646+00:00 monotonic_ns=13734568884020 INFO - heap psram: used 19076 B, free 2078076 B, peak 20616 B; reserved 19088 / 1900544 B, peak 20624 B
2026-10-09T12:30:00.646+00:00 monotonic_ns=13739568627201 INFO - stats: heap 36/158K peak 42K | stack free 67K hwm 17K | bat 90% 4.0V | up 0:17 | SD:ok
2026-10-09T12:30:00.646+00:00 monotonic_ns=13739568891002 INFO - heap psram: used 19076 B, free 2078076 B, peak 20616 B; reserved 19088 / 1900544 B, peak 20624 B
2026-10-09T12:30:05.646+00:00 monotonic_ns=13744568631013 INFO - stats: heap 36/158K peak 42K | stack free 67K hwm 17K | bat 90% 4.0V | up 0:17 | SD:ok
2026-10-09T12:30:05.646+00:00 monotonic_ns=13744568897073 INFO - heap psram: used 19076 B, free 2078076 B, peak 20616 B; reserved 19088 / 1900544 B, peak 20624 B
# monitor_exit=-2
